LONGITUD,LATITUD,OBJECTID,NTRCODIGO,NTRNOMBRE,NTRTIPO,NTRMODO,NTRMTRANSP,NTRDIRECCION,GLOBALID
"-74,08405272","4,588804064",8257,005A13,Instituto Nacional de Cancerología,4,2,6,AC 1 - KR 9,83aa26b8-19f0-45a5-ad7f-851f3359d316
"-74,08720135","4,590847473",8258,012A00,Br. San Bernardo,4,2,6,AC 1 - KR 13A,5527f43e-73f9-4ed7-9257-65d9130a3732
"-74,09116862","4,592766111",8259,360A00,Br. Eduardo Santos,4,2,6,AC 1 - KR 19A,965dac68-4d6b-4387-bcf7-f509ed34d45c
"-74,0934511","4,593420995",8260,359A00,Br. Eduardo Santos,4,2,6,AC 1 - KR 19A,f2faca98-92a6-4ab0-89a6-574388eb32ec
"-74,09806578","4,594754433",8261,358A00,Br. El Vergel,4,2,6,AC 1 - KR 24B,bad5a86a-bd0a-4150-922d-73f82a459ef4
"-74,10171268","4,595005112",8262,357A00,Br. Santa Isabel,4,2,6,AC 1 - KR 26A,e788aceb-6fef-4bd2-a63a-09018d1e39b7
"-74,10076036","4,594820776",8263,112A11,Br. La Fraguita,4,2,6,AC 1 - KR 25A,3ab2d5b6-0b15-4e6d-ba94-d9fbfab48982
"-74,09817558","4,594532151",8264,113A11,La Fraguita,4,2,6,AC 1 - KR 22,12ae8ed7-289e-4d86-b6ca-0aa6d3a304b8
"-74,09823863","4,594601997",8265,113B11,Br. La Fraguita,4,2,6,AC 1 - KR 24,5081ec4c-a7f0-47f2-8900-703a15c67d88
"-74,09500178","4,593588327",8266,114A11,Br. San Antonio,4,2,6,AC 1 - KR 19,0ada4de6-669f-4ad3-bb33-15c8aa7666da
"-74,09304063","4,593069054",8267,115A11,Br. San Antonio,4,2,6,AC1 - KR 18,567eda9b-0c8d-4c6c-ab48-6cd41ff293e8
"-74,0903847","4,592270335",8268,066A11,Br. San Antonio,4,2,6,AC 1 - AV. Caracas,ed77ae3c-b9de-4692-82af-24261414ca10
"-74,08724859","4,590670171",8269,086A12,Br. La Hortúa,4,2,6,AC 1 - KR 12,2bc441da-73cd-46a5-a248-010a38e12148
"-74,08569201","4,589675901",8270,087A12,Br. La Hortúa,4,2,6,AC 1 - AK 10,d9ba07c2-7fee-4c67-845e-449c017094e2
"-74,08455889","4,588960318",8271,517A13,Instituto Nacional de Cancerología,4,2,6,AC 1 - KR 9,77a65a18-fada-4a0e-be5b-8abd4120709d
"-74,03959042","4,680833409",8272,162A01,Escuela de Infantería,4,2,6,AC 100 - KR 8 Bis A,cdceced6-b40b-472c-99df-9eaf20f78ef9
"-74,03919631","4,680592035",8273,162B01,Escuela de Infantería,4,2,6,AC 100 - KR 8,87ef4591-8b28-44a0-af63-3ec595811392
"-74,04190718","4,682066831",8274,161A01,Urb. Conjunto de La 100,4,2,6,AC 100 - KR 8A,765bf8c4-3fe5-4ddb-ab97-7fa111290418
"-74,04104621","4,681618597",8275,161B01,Urb. Conjunto de La 100,4,2,6,AC 100 - KR 8A,8b0c53aa-e890-4059-9202-2861e16a5e20
"-74,0441388","4,683239816",8276,160A01,Escuela de Infantería,4,2,6,AC 100 - KR 11,4d748758-6202-4523-a65b-4a55dc12ff5f
"-74,04384113","4,683095676",8277,160B01,Escuela de Infantería,4,2,6,AC 100 - KR 11A,5a67c3e9-c0b3-419c-a496-73e11d37dea0
"-74,04591449","4,684090953",8278,001A01,Br. Rincón del Chicó,4,2,6,AC 100 - KR 13,1da1689a-f364-4be1-91cf-dd1991c0dd88
"-74,04507271","4,683693646",8279,001B01,Br. Rincón del Chicó,4,2,6,AC 100 - KR 11B,22f1f7bf-79e9-4843-9712-a407184588fd
"-74,04975008","4,685713364",8280,158A01,Br. Chicó Navarra,4,2,6,AC 100 - KR 16,d6a3ee07-d30b-4242-b882-67eae35ebd80
"-74,05299136","4,686293934",8281,242A01,Br. Santa Bibiana,4,2,6,AC 100 - KR 19A,e79b6107-453b-4960-92df-ec0883d4ade9
"-74,05486993","4,686592261",8282,122A01,Autopista Norte,4,2,6,AC 100 - KR 21,0a7abc1f-75df-4c0f-af0d-27f659c49a5c
"-74,06015423","4,687826101",8283,093A02,Br. Estoril,4,2,6,AC 100 - KR 47A,3236fcd7-33b0-4e23-8b0f-861f0062e03d
"-74,05979774","4,687724952",8284,093B02,Br. Estoril,4,2,6,AC 100 - KR 47A,c069c33e-2e59-4aa8-84db-8e107f39d2d8
"-74,05943881","4,687624525",8285,093C02,Br. Estoril,4,2,6,AC 100 - KR 47A,fb90f3e4-93ac-4f69-8569-d9ad2e907f43
"-74,06442031","4,689043367",8286,136A02,C.C. Iserra 100,4,2,6,AC 100 - TV 55,0be35738-a98b-4e23-86bb-b265eaafb585
"-74,06430371","4,689009327",8287,136B02,C.C. Iserra 100,4,2,6,AC 100 - TV 55,2a8b9d71-2e92-4bbc-a39f-1ba815ff0bcf
"-74,06371297","4,688838776",8288,136C02,C.C. Iserra 100,4,2,6,AC 100 - TV 55,573d2b49-fbc2-499a-bec3-6d5f17c13cb5
"-74,06788724","4,689861041",8289,173A03,Br. Andes Norte,4,2,6,AC 100 - KR 63,802e1e06-2f94-4ccd-8a45-b8164561eb70
"-74,06740253","4,689780398",8290,173B03,Br. Andes Norte,4,2,6,AC 100 - KR 62,4b289eb5-6d55-4d07-98dc-6189c3b0849a
"-74,06670189","4,689652282",8291,173C03,Pq. Andes Norte,4,2,6,AC 100 - KR 61,8f6ce5a1-43dd-46f4-8909-53b043742cc1
"-74,07143918","4,689503964",8292,001A03,Br. Julio Flórez,4,2,6,AC 100 - KR 66A,3a7d3979-72fc-4147-8333-5a8e117fee77
"-74,07073655","4,68968642",8293,001B03,Br. Julio Flórez,4,2,6,AC 100 - KR 65,cf302e74-2d17-42dc-9291-e35f5ac2da4f
"-74,07051062","4,689732137",8294,001C03,Br. Julio Flórez,4,2,6,AC 100 - KR 65,1be0c2b8-a8a5-457e-9e37-2e678aad12d2
"-74,07391939","4,688314234",8295,174A03,Br. Los Andes,4,2,6,AK 68 - CL 98,5a8b07f2-ca8b-4214-9458-6045f57e2094
"-74,073659","4,688475063",8296,174B03,Br. Los Andes,4,2,6,AK 68 - CL 98,96bed1bc-b508-442c-bb6d-6b32dd5176c2
"-74,07296349","4,688891736",8297,174C03,Br. Los Andes,4,2,6,AK 68 - CL 99,cb741667-e2ff-44af-839f-6e3a4f6b8e76
"-74,07030069","4,68934694",8298,170A03,Br. Los Andes,4,2,6,AC 100 - KR 65A,720bc8f9-46da-4580-ade6-c8e72008642a
"-74,0709362","4,689222748",8299,170B03,Br. Los Andes,4,2,6,AC 100 - KR 66,e38f4946-850f-4d1d-8732-16a30c04b049
"-74,07106908","4,689180704",8300,170C03,Br. Los Andes,4,2,6,AC 100 - KR 66,820b75ee-0e13-4086-be4d-4e1d2105b88e
"-74,06877891","4,689437349",8301,171A03,Br. Los Andes,4,2,6,AC 100 - KR 64,1093b7b4-ac67-4569-a1d0-5d7bd33584e6
"-74,0690455","4,689450258",8302,171B03,Br. Los Andes,4,2,6,AC 100 - KR 64,81840e25-12fc-4d06-a3ba-3427138e5a3d
"-74,06935099","4,689447685",8303,171C03,Br. Los Andes,4,2,6,AC 100 - KR 64,ab0e451e-d811-483c-b3c5-96b05e05b497
"-74,06581436","4,688957676",8304,165A03,Estación Suba - Calle 100,4,2,6,AC 100 - KR 60,d07d0233-08dd-41f4-b064-aed4968c7f27
"-74,06647706","4,68910587",8305,165B03,Estación Suba - Calle 100,4,2,6,AC 100 - KR 60D,c9666dbd-a178-4e81-b516-c3fe1ed2c341
"-74,06698015","4,68922187",8306,165C03,Estación Suba - Calle 100,4,2,6,AC 100 - KR 62,2acd56e1-67c4-40a4-bf4a-93557380201a
"-74,06397139","4,688480769",8307,001A00,C.C. Iserra 100,4,2,6,AC 100 - KR 54,05c334ce-8f29-4907-aa6d-4ceb6f993df7
"-74,06417919","4,688532585",8308,001B00,C.C. Iserra 100,4,2,6,AC 100 - KR 54,44ec2b6c-69cd-44d1-a00d-fe5e420030e3
"-74,06438311","4,688607725",8309,001C00,C.C. Iserra 100,4,2,6,AC 100 - KR 54,d9ec2153-1e60-437f-b99a-7ce3b37f4126
"-74,05962567","4,687211433",8310,211A00,Br. La Castellana,4,2,6,AC 100 - KR 45,6300b22f-eb6e-49da-b333-34b8da5b9227
"-74,06015547","4,687337315",8311,211B00,Br. La Castellana,4,2,6,AC 100 - KR 49,1b21fa13-7b98-44a1-8701-5f0a3554d276
"-74,06044065","4,687437535",8312,211C00,Br. La Castellana,4,2,6,AC 100 - KR 49,18e04600-c169-4873-8b3a-689cf72fc2d2
"-74,05275998","4,685814744",8313,212A00,Centro Empresarial Calle 100,4,2,6,AC 100 - AK 19,3b33cc39-3bfe-47ad-83d5-03839b1f6bbc
"-74,05310276","4,685864915",8314,212B00,Centro Empresarial Calle 100,4,2,6,AC 100 - TV 21,579b0301-4193-42c9-b491-12f86244b6fc
"-74,05379526","4,685976764",8315,212C00,Centro Empresarial Calle 100,4,2,6,AC 100 - TV 21,334a3783-a495-4bbb-9031-540e2a567426
"-74,05021996","4,685355235",8316,213A00,Br. Chicó Norte III Sector,4,2,6,AC 100 - KR 17,92518388-eaca-4073-99be-f2257624514b
"-74,05038742","4,685388829",8317,213B00,Br. Chicó Norte III Sector,4,2,6,AC 100 - KR 17,ef079969-66d4-4d3e-b02a-21973a28c573
"-74,05081368","4,685437396",8318,213C00,Br. Chicó Norte III Sector,4,2,6,AC 100 - TV 18,08ad02ad-8c60-49a9-adbf-4f1dc781b109
"-74,04504904","4,68322252",8319,215A00,Colsanitas CL 100,4,2,6,AC 100 - KR 11B,3eb43c92-63d9-476c-9636-257d95439a16
"-74,04550719","4,68343242",8320,215B00,Colsanitas CL 100,4,2,6,AC 100 - KR 11B,f40cf508-baba-4011-8e96-fd012fc8853e
"-74,04614443","4,683743831",8321,215C00,Colsanitas CL 100,4,2,6,AC 100 - KR 14,d1b946ad-cd6f-46f2-9431-5818c92bbfe4
"-74,04282147","4,682091019",8322,216A00,Universidad Militar Nueva Granada,4,2,6,AC 100 - KR 10,66c95b43-5735-45f7-9c71-94a4d723265f
"-74,04295141","4,682163433",8323,216B00,Universidad Militar Nueva Granada,4,2,6,AC 100 - KR 10,142990f1-4ae8-4a02-bed6-f4d07c0e24ea
"-74,04135772","4,681336199",8324,131A00,Escuela de Infantería,4,2,6,AC 100 - KR 9A,a9e50eb7-9e88-4c52-81a4-1bea532b636a
"-74,0381832","4,695341021",8325,253A01,Br. Santa Bárbara Central II Sector,4,2,6,AC 116 - KR 11 A,d4a031dc-0950-4cb7-b85f-c85b07bf0367
"-74,04126817","4,696149824",8326,255A01,Br. Santa Bárbara Central,4,2,6,AC 116 - KR 14-46,7dd129fb-0b64-47a1-adde-2f5be2f5c33a
"-74,04478425","4,697185561",8327,020A01,Br. Santa Bárbara Occidental,4,2,6,AC 116 - KR 15B,3c442805-1f41-494e-a84d-53ad5b47a9d1
"-74,0466679","4,69773773",8328,021A01,Br. Santa Bárbara Occidental,4,2,6,AC 116 - KR 17,6f227d7a-00aa-4fb7-975e-4e1b29b762a3
"-74,04904752","4,698586955",8329,257A01,Br. Santa Bárbara Occidental,4,2,6,AC 116 - KR 18B-40,e194bdd3-cdc9-49c0-9abd-9b2619c091ae
"-74,05067006","4,698864871",8330,258A01,Br. Santa Bárbara Occidental,4,2,6,AC 116 - AK 19-56,3807a143-dec5-4d5e-8589-9b22647a0dcc
"-74,05226915","4,699146293",8331,259A01,Br. Santa Bárbara Occidental,4,2,6,AC 116 - KR 20-78,214b3a59-c695-40c6-adeb-bf85cb1ef98c
"-74,06016505","4,70045236",8332,139A02,Br. La Alhambra,4,2,6,AC 116 - KR 50-50,7ba91b24-fec5-40bb-9ae6-ed451c1f8b66
"-74,06400477","4,701097642",8333,140A02,Br. Mónaco,4,2,6,AC 116 - KR 53B,be0c5095-7c7e-4fbc-a16a-f206741c9f58
"-74,06575433","4,701447669",8334,142A02,Pq. Canal Molinos,4,2,6,AC 116 - KR 54B,ff0a33d9-8ce3-41a2-890f-92953305d9c2
"-74,06661598","4,701462954",8335,143A02,CAI Alhambra,4,2,6,AC 116 - KR 54B,5de6bd27-576b-4d7c-8a09-498145760e65
"-74,06359701","4,700804897",8336,141A02,Br. Mónaco,4,2,6,AC 116 - KR 53,bb7980e2-033f-4648-b921-c485017db2c4
"-74,05852486","4,699948437",8337,137A02,Br. La Alhambra,4,2,6,AC 116 - KR 48-29,31251073-8c60-4c70-9e13-88bf285ef62d
"-74,05277181","4,698956569",8338,024A01,Br. San Patricio,4,2,6,AC 116 - KR 21,7f266c59-7b3d-4be2-ba66-5ef1c3a9c03b
"-74,050801","4,698630884",8339,120A01,Br. San Patricio,4,2,6,AC 116 - AK 19-41,ef9f607f-1ef9-431a-8725-d69e7aa43487
"-74,04877408","4,698258469",8340,023A01,Br. San Patricio,4,2,6,AC 116 - KR 18B,7e7fa4e0-8613-408e-9a9b-5256ef4e1f63
"-74,04710046","4,697590858",8341,022A01,Br. San Patricio,4,2,6,AC 116 - KR 17A,61aaf144-4a59-421b-80b2-53c7913e636c
"-74,04469867","4,696663918",8342,256A01,Br. San Patricio,4,2,6,AC 116 - KR 15B,e563b3a4-0a44-45ad-9025-6e3ab958af53
"-74,04070766","4,695693147",8343,019A01,Br. Santa Bárbara Central I y II,4,2,6,AC 116 - KR 13A,ad62f0d7-6917-44da-b0da-7d6fc9a08240
"-74,03868024","4,695186534",8344,254A01,Br. Santa Bárbara Central II Sector,4,2,6,AC 116 - KR 11A,334c5355-d5a9-4246-a655-a8d9a2706289
"-74,03069861","4,70289628",8345,176A01,Br. Bella Suiza,4,2,6,AC 127 - KR 7B,73ffc65f-5883-4f5f-ae38-03c92c635cf2
"-74,03529172","4,704246533",8346,179A01,Instituto Pedagógico Nacional,4,2,6,AC 127 - KR 11 Bis A,492e9e0f-9cd5-4d8f-b107-30dbc21baa69
"-74,03762693","4,704589949",8347,180A01,Parque El Country,4,2,6,AC 127 - KR 11C,2a06da6a-340f-4ffb-8e1e-0ca688698f9e
"-74,04217157","4,704204867",8348,183A01,Br. La Carolina,4,2,6,AC 127 - KR 14A,47a3acc7-2d65-49d6-8ca7-2a5095842650
"-74,04387738","4,704390873",8349,184A01,Hotel Estelar la Fontana,4,2,6,AC 127 - KR 15A,5d1e12cc-7eed-4d45-8d0c-6bca88160c55
"-74,04505668","4,704552413",8350,186A01,Carrera 16A,4,2,6,AC 127 - KR 16A,fb3540a8-8baf-4417-a3b7-2576c709a6e2
"-74,04762883","4,705274883",8351,188A01,Pq. Público la Calleja,4,2,6,AC 127 - KR 18B,f7cd4126-58fd-4efa-9a26-051d3e9b785f
"-74,05058354","4,706193266",8352,189A01,Clínica Reina Sofía,4,2,6,AC 127 - KR 20,3c01b3f7-8065-44d9-82df-3eff591b463e
"-74,05604271","4,707334441",8353,092A02,Auto Norte,4,2,6,AC 127 - KR 46,9b2aaf3b-b691-40c2-9513-e4da3d08de82
"-74,06009818","4,708038323",8354,146A02,Br. Prado Veraniego,4,2,6,AC 127 - KR 51A,4561195a-421b-4dbe-a4f2-c6367aab81a2
"-74,06338827","4,708892579",8355,147A02,Br. Córdoba,4,2,6,AC 127 - KR 54A,18da130c-4dc5-4da0-9837-8ee5121a9bc6
"-74,06591112","4,70999621",8356,006A02,Br. Prado Veraniego,4,2,6,AC 127 - KR 56B,2a2d85e9-fe4a-4568-91a8-0fd4abe4070f
"-74,06821053","4,711015553",8357,150A02,Br. Hacienda Córdoba Niza VIII,4,2,6,AC 127 - KR 57A,58f05ef7-dbb8-47aa-b1d4-00e013c53763
"-74,06893739","4,711316386",8358,078A02,C.C. Bulevar Niza,4,2,6,AC 127 - AV. Villas,e6ede101-3d08-46fd-b33f-5b4e9af6a167
"-74,0711029","4,711424431",8359,007A02,C.C. Bulevar Niza,4,2,6,AC 127 - AV. Suba,a92b4ebb-7759-467f-be24-2a7cc810ff35
"-74,07351246","4,710927776",8360,183A03,C.C. Niza,4,2,6,AC 127 - KR 60,50ddd3b9-dadd-41b8-9b45-9d7b4ee96b1f
"-74,07651117","4,710477448",8361,185A03,Br. Niza Norte,4,2,6,AC 127 - KR 71,f76e19ff-58e8-45d5-bc51-54dc9db5e586
"-74,07905423","4,710089087",8362,187A03,Avenida Boyacá,4,2,6,AC 127 - AV. Boyacá,f12e783f-529d-47b7-a568-e6ef32663772
"-74,07817543","4,709941999",8363,188A03,Clínica Juan N. Corpas,4,2,6,AC 127 - KR 71B,7312853c-5508-4707-9da7-fe1ac23b73ea
"-74,0756269","4,710323452",8364,186A03,Carrera 70G,4,2,6,AC 127 - KR 70G,88c4aaff-bfb1-4bf8-838c-1608d7cc3b96
"-74,07331158","4,710665857",8365,184A03,C.C. Niza,4,2,6,AC 127 - KR 60,3655183e-079d-48e0-9bac-ab46f0667760
"-74,07099536","4,710957575",8366,077A02,C.C. Bulevar Niza,4,2,6,AC 127 - AV. Suba,8508114d-99cc-4db3-bc12-4cdfb47d0f31
"-74,06956076","4,711068522",8367,148A02,Br. El Batán,4,2,6,AC 127 - KR 57,7e007a4b-7db3-4f10-b1b9-573d3b1b0e43
"-74,06806065","4,71061888",8368,149A02,Carrera 57,4,2,6,AC 127 - KR 57,31b344bf-2587-45d3-b476-8cfd5206fec4
"-74,06597058","4,709560281",8369,151A02,Br. El Batán,4,2,6,AC 127 - KR 56A,cbb7e704-ca0e-4555-b0bc-0ac2fca09f8e
"-74,06328702","4,70828603",8370,138A02,Pq. Córdoba,4,2,6,AC 127 - KR 54,7c559f05-1052-44be-9a8b-d4d93b3c5500
"-74,06015126","4,707544105",8371,144A02,Carrera 51A,4,2,6,AC 127 - KR 51A,36942084-285b-47cc-87c4-51ae102960d9
"-74,05614793","4,706858703",8372,145A02,Auto Norte,4,2,6,AC 127 - KR 46,eaa45e40-c865-464e-ad29-1d576b80dd5d
"-74,05075504","4,705883156",8373,050A01,Clínica Reina Sofía,4,2,6,AC 127 - KR 20,f11eadac-a0a0-4de1-8a3e-6627bffc4710
"-74,04746599","4,704839001",8374,187A01,Pq. Público la Calleja,4,2,6,AC 127 - KR 18A,614dde02-61e5-4019-9f69-f1739631833b
"-74,0440475","4,704047037",8375,185A01,Hotel Estelar la Fontana,4,2,6,AC 127 - KR 15A,8e551151-47bc-4d4d-a7c0-1bf7d063bc1e
"-74,0420556","4,703857379",8376,182A01,C.C. Unicentro,4,2,6,AC 127 - KR 14A,660f0b30-b59e-472c-9a84-e36f053c6c13
"-74,03797839","4,703915932",8377,181A01,Urbanización Santa Bárbara Norte,4,2,6,AC 127 - KR 11D,0baba0b0-ff87-44c7-8557-57dbd57df5bd
"-74,03587423","4,703905695",8378,178A01,Instituto Pedagógico Nacional,4,2,6,AC 127 - KR 11C,3a61de63-f483-4b26-a1fa-bff38a7332df
"-74,03055247","4,702432549",8379,177A01,Br. Santa Bárbara Oriental,4,2,6,AC 127 - KR 7B,c1d2fae4-d0d2-475c-9f96-e7524d513dba
"-74,08385184","4,607428444",8380,836A00,Ferrocarriles Nacionales Estación de la Sabana,4,2,6,AC 13 - KR 18,8b71d785-0709-4e1f-98df-866506d93681
"-74,08568795","4,609020453",8381,837A00,Br.El Listón,4,2,6,AC 13 - KR 20,30dc901d-8b5e-42d2-8d91-95229ca0500c
"-74,08741297","4,610528057",8382,712A00,Estación San Façon - Cra. 22,4,2,6,AC 13 - TV 22,3f78a6fa-53d5-46f3-98f7-a08b5b153b8e
"-74,08965161","4,612546274",8383,838A00,Estación Ricaurte,4,2,6,AC 13 - KR 27,2419f660-0f7b-4c8f-8984-a2b0be0a2263
"-74,09149556","4,614187415",8384,839A00,Br. Paloquemao,4,2,6,AC 13 - KR 29,6f21e5f6-218b-4e61-8611-2c6516ce633b
"-74,09487248","4,617158539",8385,369A07,Br. Estación Central,4,2,6,AC 13 - KR 33,4005681a-7b76-4a28-bc49-6405e8908618
"-74,09830423","4,620253908",8386,370A07,Estación Zona Industrial,4,2,6,AC 13 - KR 38,73e62fb5-b119-4ff0-861d-64474dca151d
"-74,1005173","4,622212471",8387,371A07,Br. El Ejido,4,2,6,AC 13 - KR 42,f4a099ea-2e40-4ee0-9290-c3ce7e1302b5
"-74,10351214","4,624878273",8388,067A07,Br. El Ejido,4,2,6,AC 13 - KR 46,852baead-c1a5-40ba-991b-7fc6e1ac8c18
"-74,10999673","4,630365086",8389,025A06,Puente Aranda,4,2,6,AV. Centenario - KR 56,7edf2650-4b88-446d-bce1-fc7852d486aa
"-74,11184479","4,632260206",8390,024A06,Puente Aranda,4,2,6,AV. Centenario - KR 59,8f64e456-de53-4d49-b7f3-66bcdcf897bf
"-74,11550785","4,635471847",8391,023A06,Centro Industrial,4,2,6,AV. Centenario - KR 65,b528bbc4-b948-4455-8faa-ec862ac14427
"-74,12094907","4,639444863",8392,022A06,Br. Granjas de Techo,4,2,6,AV. Centenario - KR 65,f08a13d1-04c2-4e89-9d48-f7c3cc7445dc
"-74,12397528","4,644433629",8393,021A06,Br. Montevideo,4,2,6,AV. Centenario - KR 68B,9cc34656-566e-4005-9e8c-b7265a41b788
"-74,12480701","4,647037737",8394,110A06,Br. Franco,4,2,6,AV. Centenario - KR 69B,50ddd949-d1f9-4440-ac41-cfd124959b6f
"-74,13042972","4,653608392",8395,020A06,Br. Ciudad Hayuelos,4,2,6,AV. Centenario - KR 78G,32274968-52c8-4416-bf44-929d91d791d0
"-74,13446512","4,657896061",8396,019A06,Br. Ciudad Hayuelos,4,2,6,AV. Centenario - AV. C. de Cali,f3f7edc5-8fab-4316-a30d-807596e14118
"-74,13728029","4,661126948",8397,396A06,Hayuelos Occidental,4,2,6,AV. Centenario - KR 87,e770976c-c9f4-4858-a9d9-92b559fd2d9c
"-74,139806","4,663576",8398,018B06,Br. Prado Grande,4,2,6,AV. Centenario - KR 89,5a80d983-0fce-49cb-9a9d-6b0839235a4d
"-74,144368","4,665349",8399,017A06,Urb. Valparaíso,4,2,6,AV. Centenario - KR 96B,9c8dd249-b12d-40ab-868b-eead25ef34b9
"-74,147934","4,666673",8400,016A06,Br. San Pedro,4,2,6,AV. Centenario - KR 96H,fd40f3f8-6cf7-40e0-9303-ca19d46a8192
"-74,15172857","4,670449174",8401,014A06,Br. Barichara,4,2,6,AV. Centenario - KR 101,d9b8b160-9bfd-4d4b-83f9-5f5e364c3860
"-74,1526366","4,673640149",8402,015A06,C.C. Portal de La Sabana,4,2,6,AV. Centenario - KR 106,a2a4d5c6-d5ae-4e5a-bdfe-6a155b2e2b45
"-74,1537707","4,677391301",8403,013A06,Urb Portal Del Centenario,4,2,6,AV. Centenario - KR 107A,01fc1240-8a67-4563-9ece-4c2223d121ad
"-74,15583262","4,681778922",8404,012A06,Br. Santiago,4,2,6,AV. Centenario - KR 115,8e734ce5-5646-43ae-98b4-ff5e06bacabf
"-74,1602107","4,687537571",8405,011A06,Br. El Laurel,4,2,6,AV. Centenario - KR 126,07ad7ac7-d21c-48ab-96ed-f7e977e79802
"-74,16295703","4,68962507",8406,010A06,Br. San Pablo Jericó,4,2,6,AV. Centenario - KR 127,894eca6c-11cd-424a-9bf9-6edfe14f171a
"-74,168567","4,694092705",8407,009A06,Br. Puente Grande,4,2,6,AV. Centenario - KR 134A,dffb7cff-9a23-4329-805d-ef6101166fb5
"-74,16863589","4,693858611",8408,009A07,Br. Kasandra,4,2,6,AV. Centenario - KR 134A-53,c5e82f35-3c83-47ab-b816-24377d756ce9
"-74,16333769","4,689585231",8409,010A07,Br. El Charco,4,2,6,AV. Centenario - KR 127,0fad752b-6d44-4240-ab03-a7450ad038fa
"-74,16115585","4,687903726",8410,011A07,Br. El Charco I,4,2,6,AV. Centenario - KR 123B,2bde7805-e2fa-4b51-bb16-67add7a28d95
"-74,15658268","4,682530713",8411,012A07,Br. El Charco,4,2,6,AV. Centenario - KR 115B,fc0aa8b2-8c9a-4f78-9b6a-b6972cbadee3
"-74,15407507","4,676935415",8412,013A07,Zona Franca,4,2,6,AV. Centenario - KR 108A,47e25344-26d6-446a-b0a5-932bb617ea19
"-74,15336613","4,67457633",8413,015A07,C.C. Portal de La Sabana,4,2,6,AV. Centenario - KR 106,c43b76f8-6d1d-47ce-bada-4aeb0ecc489f
"-74,15225276","4,671378976",8414,014A07,Br. Sabana Grande,4,2,6,AV. Centenario - KR 104,7a10db27-6c36-4d2f-92ae-51fccdbbfdf3
"-74,14707191","4,666122785",8415,016A07,Br. El Tintal - Santa Helena,4,2,6,AV. Centenario - KR 96J,71154806-79fd-45be-9702-3d221ee9b209
"-74,14389938","4,664910246",8416,017A07,Vereda El Tintal Urbano,4,2,6,AV. Centenario - KR 96A,80e730c4-bbcc-4327-abaa-4dae6e0e18cb
"-74,13898626","4,662633524",8417,018A07,Versalles Fontibón,4,2,6,AV. Centenario - KR 90,1d2ff971-610b-4e07-b3b0-4baae198f3b7
"-74,13729975","4,66073693",8418,341A07,El Tintal II,4,2,6,AV. Centenario - KR 87,7afc528f-79c1-46dc-8cec-962a558a8232
"-74,13499791","4,658042975",8419,057A07,Br. El Vergel,4,2,6,AV. Centenario - KR 82,6d7bf4fe-8fca-4ac9-953f-5193319eee5f
"-74,13060846","4,653386595",8420,019A07,Br. Interindustrial,4,2,6,AV. Centenario - KR 78G,eb87c89b-446a-49b3-8659-2648e44a543b
"-74,12845228","4,651114071",8421,355A07,Br. Interindustrial,4,2,6,AV. Centenario - AV. Boyacá,cd818d37-b37c-49c4-aca3-76037e1fc8b8
"-74,12462496","4,645990007",8422,073A07,Br. Villa Alsacia,4,2,6,AV. Centenario - AV. Boyacá,396c260f-0a7f-4263-be3c-a8226b9938be
"-74,12397909","4,642659328",8423,041A07,Br. Villa Alsacia,4,2,6,AV. Centenario - KR 69B,b1330c82-f7b8-4aa0-a71a-6286dda06322
"-74,12308625","4,640532809",8424,020A07,Br. Lusitania,4,2,6,AV. Centenario - AK 68D,31a0c574-6700-42a2-a6b7-a6658c6e6a69
"-74,12103674","4,638857665",8425,340A07,Br. Lusitania,4,2,6,AV. Centenario - KR 68B,ae11fe4a-0c7b-4409-ba82-4624311acdf4
"-74,11525457","4,634626161",8426,021A07,Salazar Gómez,4,2,6,AV. Centenario - KR 65,10b5b30a-5c88-48dc-b396-115c7082e2f2
"-74,112798","4,632475755",8427,022A07,Salazar Gómez,4,2,6,AV. Centenario - AK 60,800c2846-13c7-463d-aa29-e4539c307a9e
"-74,11022902","4,629852631",8428,023A07,Salazar Gómez,4,2,6,AV. Centenario - KR 56,896232dc-e01a-4618-8abc-40dedbc5400e
"-74,10507456","4,62578677",8429,066A07,Br. Gorgonzola,4,2,6,AC 13 - KR 47,01517467-4db8-4560-be88-983fbe28f9b2
"-74,10302686","4,624000238",8430,365A07,Br. Gorgonzola,4,2,6,AC 13 - KR 44,c072a8da-1d00-4797-a3b0-eaade30914f7
"-74,10047087","4,621670898",8431,366A07,Colegio La Merced,4,2,6,AC 13 - TV 42,7c0459df-84b4-4b97-a3f1-1c0572cdfb7c
"-74,09748216","4,619017809",8432,367A07,SuperCADE Calle 13,4,2,6,AC 13 - KR 36,7ca96171-f999-497e-bd4d-ddca4bb9c27c
"-74,09406631","4,615952387",8433,368A07,Secretaría Distrital de Salud,4,2,6,AC 13 - KR 32,824ef1eb-3c4b-4533-8b75-734a17deb50f
"-74,09164122","4,613732542",8434,797A00,Estación Ricaurte,4,2,6,AC 13 - KR 29,65cb0f4d-62f1-4af6-a4f1-03119c5aafb2
"-74,08890032","4,611327108",8435,829A00,Br. Ricaurte,4,2,6,AC 13 - KR 26,34133fd1-91e4-49f2-9454-f80b47f36f3d
"-74,08479743","4,607733561",8436,831A00,Alcaldía Local Los Mártires,4,2,6,AC 13 - KR 19,03b235fe-f783-4ab0-88ea-153ec2089993
"-74,03040383","4,712153313",8437,263A01,Br. Lisboa,4,2,6,AC 134 - AK 7,ef4e2058-0cb2-462a-8523-25b5306ec86a
"-74,03151662","4,712532493",8438,262A01,Br. Lisboa,4,2,6,AC 134 - KR 7B,f09d5687-a4c0-4292-bc86-31428acb5a73
"-74,03361646","4,713222063",8439,121A01,Br. Lisboa,4,2,6,AC 134 - KR 9A,6bb9bde7-865b-4391-9ff7-2b7a4b928013
"-74,03754358","4,714477032",8440,035A01,Br. Lisboa,4,2,6,AC 134 - KR 11B,de9ae053-e1eb-4268-9219-440cbbb0f2c6
"-74,04267906","4,716292881",8441,037A01,Br. Lisboa,4,2,6,AC 134 - AK 15,75657c5e-6d15-4cc5-8ed1-54a545b76c3d
"-74,04657267","4,71770428",8442,039A01,Br. El Contador,4,2,6,AC 134 - KR 17,6b22b232-8005-45d1-953c-fbc0272b3850
"-74,04904716","4,718593439",8443,041A01,Urb. Nueva Autopista II Sector,4,2,6,AC 134 - KR 20,aa275311-97b8-4337-85ca-43024bdbd65d
"-74,05351568","4,719113396",8444,339A02,Br. Prado Veraniego,4,2,6,AC 134 - KR 45A,0730b85c-7bb9-47df-9012-3f9185610639
"-74,05607386","4,719247953",8445,079A02,Br. Prado Veraniego,4,2,6,AC 134 - KR 49A,78a28ab4-557f-4b49-af64-4d1e05dd002d
"-74,05896637","4,720344442",8446,018A02,Br. Prado Veraniego,4,2,6,AC 134 - KR 53B,9fac3c9c-0947-4696-bf5a-4b63e7b86a71
"-74,06243403","4,722655863",8447,023A02,C.C. Paseo San Rafael,4,2,6,AC 134 - KR 55A,11b7c813-8d1f-42dc-936d-2a8afcc52f72
"-74,06477376","4,723674357",8448,116A02,Urb. Colina Norte II,4,2,6,AC 134 - KR 57,7ed75a56-5e8d-4ea1-bcd3-8b7197f2d676
"-74,06748453","4,724702233",8449,019A02,Br. Iberia,4,2,6,AC 134 - KR 58C,6203918e-d8a1-4f65-80c8-2e117c46ed8f
"-74,07026851","4,72580196",8450,020A02,Br. Iberia,4,2,6,AC 134 - AV. Boyacá,3130e034-95c5-4b3e-aeb6-5d12681db6ac
"-74,0696321","4,725369952",8451,171A02,Br. Iberia,4,2,6,AC 134 - KR 59,4c36af90-f828-4470-bb36-558a4fdfb306
"-74,06746984","4,724519548",8452,114A02,Urbanización Granada,4,2,6,AC 134 - AV. Villas,910eb370-6b52-4c07-bd5a-3da55b64efa5
"-74,06472121","4,723452291",8453,115A02,Br. Colina Campestre I Sector,4,2,6,AC 134 - KR 57,4da2bb58-650c-4892-b852-5629a9cc722a
"-74,0626578","4,722568633",8454,117A02,Br. Prado Veraniego Norte - La Hacienda,4,2,6,AC 134 - KR 55A,cbb3cb06-ac49-4785-9551-48a486439938
"-74,05910879","4,720215329",8455,118A02,Br. La Sultana,4,2,6,AC 134 - KR 53 B,af3f28ec-a1a4-4e3e-98a0-fc92178873bc
"-74,05588232","4,719061094",8456,119A02,Br. Prado Veraniego,4,2,6,AC 134 - KR 49A,7aafe374-8752-4589-9e3f-527409467bd5
"-74,04944341","4,718311484",8457,042A01,Colegio Sto. Tomas de Aquino,4,2,6,AC 134 - KR 21,35436989-d237-4ee4-960d-fa68f5793092
"-74,047832","4,71775",8458,040A01,Av. Carrera 19,4,2,6,AC 134 - AK 19,99f5efa5-80a8-4672-8a34-e6d8cf9bf8da
"-74,0465421","4,717266745",8459,154A01,Clinica Monserrat,4,2,6,AC 134 - KR 17,f6f014b9-c8ad-499b-874a-6700c7336b9c
"-74,04276783","4,716061004",8460,038A01,Country Club,4,2,6,AC 134 - KR 17,af1bedef-4762-411f-8fd0-86488621bb0a
"-74,03939146","4,714832574",8461,036A01,Country Club,4,2,6,AC 134 - KR 11B,ad8391e4-9cdc-46d8-9fcb-f9384efee171
"-74,03430776","4,713012963",8462,260A01,Éxito Country,4,2,6,AC 134 - KR 9B,a29341fe-5ebc-4bb2-871d-6b8baa4587d4
"-74,0310775","4,712125392",8463,261A01,Clinica El Bosque,4,2,6,AC 134 - KR 7 A,7a2a9bed-ea38-4e52-9dd6-cc2feb06a37e
"-74,02954007","4,711607392",8464,033A01,Br. Ginebra Norte,4,2,6,AC 134 - AK 7,1066fb3b-3111-4d5a-ada5-dbb5b1ecf059
"-74,06929938","4,603955666",8465,245C00,Br. Las Nieves,4,2,6,AC 19 - KR 4,c68c9b93-aa0e-4906-8406-02771295988d
"-74,06859251","4,603457761",8466,245D00,Br. Las Nieves,4,2,6,AC 19 - KR 4,14ce879b-10be-4264-b34f-5cea4f31ed77
"-74,07081738","4,605001476",8467,245A00,Br. Las Nieves,4,2,6,AC 19 - KR 7,fb357e6f-ee13-431e-9593-22d02ceeb36c
"-74,07049988","4,604791878",8468,245B00,Br. Las Nieves,4,2,6,AC 19 - KR 5,456cb4f0-06e9-40c3-a231-3e672d7e641a
"-74,07266023","4,606150888",8469,244A00,Pl. Las Nieves,4,2,6,AC 19 - KR 9,08983153-a9b7-4485-bd70-bfd9e3e17fed
"-74,07194011","4,605691889",8470,244B00,Pl. Las Nieves,4,2,6,AC 19 - KR 7,07e3a434-2195-4f5b-9cce-ca03a6165678
"-74,07485559","4,607785769",8471,249A00,Br. La Alameda,4,2,6,AC 19 - AK 13,640930e9-a546-4237-9003-e808f5e78cd5
"-74,07461167","4,607587128",8472,249B00,Br. La Alameda,4,2,6,AC 19 - KR 12,9bc5275e-c984-4485-812b-5b3f1a5ef8f8
"-74,07802983","4,610076718",8473,251A00,Br. La Favorita,4,2,6,AC 19 - KR 16A,cde57fca-bb11-4316-8db7-8a95c7349503
"-74,07735323","4,609595079",8474,251B00,Br. La Favorita,4,2,6,AC 19 - KR 15 Bis,9431b863-e54a-4c2b-9143-243ba52cd187
"-74,07987489","4,61136072",8475,254A00,Br. La Favorita,4,2,6,AC 19 - KR 18,bf110a61-889a-429c-a1fa-eda3d0de9e3c
"-74,07945153","4,611044353",8476,254B00,Br. La Favorita,4,2,6,AC 19 - KR 18,5d9a4a34-2696-41e4-8df5-0e4fa917e611
"-74,082617","4,613652",8477,007A00,Br. El Listón,4,2,6,AC 19 - KR 20,de08a15d-cab4-4329-a20c-efc2d0843be0
"-74,082213","4,613305",8478,007B00,Br. El Listón,4,2,6,AC 19 - KR 22,32fd4191-7fd8-4525-8057-6c61a48a26a1
"-74,08530026","4,615906873",8479,256A00,Pl. Paloquemao,4,2,6,AC 19 - AK 27,f949ab9c-a861-4dc8-9e54-2f078c4162eb
"-74,08489885","4,615586848",8480,256B00,Pl. Paloquemao,4,2,6,AC 19 - KR 22,13fe56b9-3f05-4fc7-8d5f-745318b0fc8f
"-74,08623847","4,616729417",8481,067A00,C.C. Calima,4,2,6,AC 19 - KR 28,feda46c1-5cee-4d38-846b-11a2f3ffe8cb
"-74,08611203","4,616622141",8482,067B00,C.C. Calima,4,2,6,AC 19 - AK 27,eceb0956-85b7-42b4-8bfe-50b209597732
"-74,09043403","4,620489681",8483,025A07,Br. Cundinamarca,4,2,6,AC 19 - KR 33,a4ca48df-4854-40fb-9e80-23837cf5edf4
"-74,09014982","4,62020134",8484,025B07,Br. Cundinamarca,4,2,6,AC 19 - KR 32,2f3ee8db-f14b-4480-8e16-6af738637d54
"-74,09246714","4,622397986",8485,120A07,Br. Cundinamarca,4,2,6,AC 19 - KR 34,4beafb0c-e904-40b1-97b3-5da18ad19a86
"-74,09189257","4,621829178",8486,120B07,Br. Cundinamarca,4,2,6,AC 19 - KR 34,96a76cfa-88aa-46b4-a39a-95e0b06a405c
"-74,09381766","4,624831881",8487,024A07,Br. Industrial Centenario,4,2,6,TV 39 Bis A - AV. Américas,e273e517-f04b-4e87-8869-6a13109f0511
"-74,09372533","4,624052382",8488,024B07,Br. Industrial Centenario,4,2,6,AC 19 - AK 39,fb4d4a47-5973-41cb-942e-a5a5f240f1e8
"-74,09399579","4,624724596",8489,119A07,Br. Industrial Centenario,4,2,6,AC 19 - AV. Américas,2e0738ca-9132-4356-b10c-5c89600f3950
"-74,09400971","4,624854928",8490,119B07,Industrial Centenario,4,2,6,TV 39 Bis A - AV. Américas,69a9ba8e-0481-4d5a-a8fc-e54329cffcae
"-74,09247496","4,622149883",8491,121A07,Br. Estación Central,4,2,6,AC 19 - AK 36,aef966fd-c639-47bf-8766-9be465878bab
"-74,09258197","4,622254295",8492,121B07,Br. Estación Central,4,2,6,AC 19 - AK 36,9c91ea6e-00b9-4214-92d5-ddad6b524356
"-74,09040056","4,620169655",8493,131A07,Br. Estación Central,4,2,6,AC 19 - KR 32,fa0ba539-09ce-4c9e-90dc-e9ab23fd32ab
"-74,09022086","4,619989833",8494,131B07,Br. Estación Central,4,2,6,AC 19 - KR 32,f3d4ce9b-712c-4a42-8813-752f5c90788f
"-74,08683647","4,616767731",8495,258A00,Complejo Judicial Paloquemao,4,2,6,AC 19 - KR 28A,1a4db213-83f4-438a-8a08-10ab4b614e07
"-74,0869583","4,61686281",8496,258B00,Complejo Judicial Paloquemao,4,2,6,AC 19 - KR 28A,1b909563-7736-42df-86de-98bc442803e7
"-74,08552693","4,615692059",8497,257B00,Pl. Paloquemao,4,2,6,AC 19 - KR 25,b6d5bf48-0491-4c0a-b372-2f0b640e1cb1
"-74,08510251","4,615327628",8498,257A00,Pl. Paloquemao,4,2,6,AC 19 - Kr25,728eb4ef-4c3c-42e2-b07a-bdfabecc67c0
"-74,08287994","4,613494024",8499,255A00,Br. El Listón,4,2,6,AC 19 - KR 22,780fc98d-0300-456c-8d97-41c73e5a619a
"-74,08300053","4,613607609",8500,255B00,Br. El Listón,4,2,6,AC 19 - KR 22,de59191c-9798-49cb-93d8-6b4894423e76
"-74,079465","4,610739898",8501,253A00,Br. La Favorita,4,2,6,AC 19 - KR 17,28ac26da-4d1e-45ea-9e23-f18be651fdb9
"-74,07963347","4,610837621",8502,253B00,Br. La Favorita,4,2,6,AC 19 - KR 17,74e29a70-ea7f-480b-8337-4b87b1c707f1
"-74,07733809","4,609257168",8503,250A00,Br. La Favorita,4,2,6,AC 19 - KR 15 Bis,fc5b760d-66a2-40ac-a4ce-b5a22ad13337
"-74,07825615","4,609897058",8504,250B00,Br. La Favorita,4,2,6,AC 19 - KR 16,b7f56981-6fa5-44b6-8e9e-83745a242f8c
"-74,07567017","4,608084955",8505,241B00,Br. La Capuchina,4,2,6,AC 19 - AK 13,42070aac-4aa1-4f8d-a280-78535bc2ac61
"-74,07491531","4,607494539",8506,241A00,Br. La Capuchina,4,2,6,AC 19 - KR 12,383204f5-de66-4d47-b109-b0f3404e84df
"-74,07263758","4,605835344",8507,243A00,Br. Veracruz,4,2,6,AC 19 - KR 8,8cc8fc05-347a-4954-9b84-daa852b04169
"-74,07351194","4,606434199",8508,243B00,Br. Veracruz,4,2,6,AC 19 - KR 8,a3bbe42b-d2c1-4451-8f0e-8fb3a6e612ba
"-74,07115106","4,604899429",8509,247D00,Br. Veracruz,4,2,6,AC 19 - KR 5,3340d883-a6e8-4298-bba0-5df5a23d682f
"-74,07091547","4,604722438",8510,247C00,Br. Veracruz,4,2,6,AC 19 - KR 5,c3124ede-5998-4a5e-8562-6284080b5ec3
"-74,06983219","4,603959651",8511,247B00,Br. Veracruz,4,2,6,AC 19 - KR 4,74e0e8a9-059d-4d43-bc0a-ad4421b54cfe
"-74,06950651","4,603728299",8512,247A00,Br. Veracruz,4,2,6,AC 19 - KR 4,74a33bd9-c500-4748-8e44-97b385e874c1
"-74,06690046","4,605085065",8513,665A00,Estación Universidades,4,2,6,KR 3 - CL 21,f322d299-aa54-4033-b9ac-d7c1224663af
"-74,07368482","4,616950621",8514,794A00,Cementerio Central,4,2,6,AC 26 - KR 16,8f784034-a855-46e6-ae6c-d2c900bf627c
"-74,07521349","4,619233638",8515,795A00,Br. Estrella,4,2,6,AC 26 - KR 19,a5a2cf88-6b51-4b3e-93db-77f474248f66
"-74,07711156","4,621801034",8516,796A00,Estación Centro Memoria,4,2,6,AC 26 - KR 23,92e4cf68-9b7a-4c87-b185-078cacbbc122
"-74,08073439","4,626967836",8517,457A05,Estación Plaza de la Democracia,4,2,6,AC 26 - AV. NQS,eedfa9c0-c5e1-4cdc-9bfa-74174ffe8129
"-74,08182888","4,628486663",8518,459A05,Contraloría de Bogotá D.C.,4,2,6,AC 26 - KR 31A,e2987a88-15e4-4c2e-a32d-d45ef785b5bd
"-74,08448361","4,632389176",8519,460A05,Estación Ciudad Universitaria,4,2,6,AC 26 - KR 36,c3920ab6-21f8-4760-a9a7-e4db93782c77
"-74,08784678","4,633863652",8520,461A05,Estación Corferias,4,2,6,AC 26 - KR 39,515ba5af-8799-4191-824f-864b0db5ca7a
"-74,09206328","4,636630983",8521,462A05,Hemeroteca Nacional,4,2,6,AC 26 - KR 44A,36adca9c-f8e0-41dd-ba0a-c8bf6bca871e
"-74,09336302","4,638773194",8522,463A05,RTVC,4,2,6,AC 26 - KR 45,4db17219-9b4e-4178-8ddd-c38566756c77
"-74,09558886","4,642115499",8523,391A05,Estación Gobernación,4,2,6,AC 26 - KR 54,98af6e9b-257b-46de-ba59-fd902312509f
"-74,09791584","4,645816124",8524,413A06,Estación CAN,4,2,6,AC 26 - KR 59,f80273aa-167b-429c-8b3c-d16dc62deeae
"-74,10059104","4,649909707",8525,388A05,Estacion Salitre El Greco,4,2,6,AC 26 - AK 68,d9172177-c018-4af0-a6fc-5c87488ee746
"-74,10311522","4,653953765",8526,443A05,Avenida Carrera 68,4,2,6,AC 26 - AK 68,054c8646-f127-4ada-96ea-719069acb21e
"-74,10456526","4,656167615",8527,371A05,Estación El Tiempo - Maloka,4,2,6,AC 26 - KR 68B Bis,d9ff5508-3f93-4d1b-9836-ed73a381078b
"-74,1062671","4,658803791",8528,480A05,Compensar CUR,4,2,6,AC 26 - KR 69,4aaf5855-a499-4bb3-b5ad-b4f740b9a83d
"-74,10852022","4,66229096",8529,372A05,Estación Av. Rojas,4,2,6,AC 26 - AK 70,d7ca435f-1fae-4a2a-a170-fc3e95d84662
"-74,11330604","4,66978685",8530,373A05,Estación Normandía,4,2,6,AC 26 - KR 74,cb3cada7-e5d0-4df6-8cab-fe2ea5c600e5
"-74,11645369","4,674685265",8531,374A05,Estación Modelia,4,2,6,AC 26 - KR 82,7eddfcfa-ea27-4f5e-8e0b-9354bdb43dc4
"-74,11880638","4,678351192",8532,403A05,Br. San Cayetano,4,2,6,AC 26 - KR 85D,f935eaae-527c-4773-8e45-d15e0ba62739
"-74,12016486","4,680811449",8533,037A05,Portal Eldorado,4,2,6,AC 26 - AV. C. de Cali,94a3e3c5-a913-4a05-8047-f08c1c6058d0
"-74,12336284","4,684263567",8534,038A05,Portal Eldorado,4,2,6,AC 26 - TV 93,ba032d41-6796-4513-97d8-ba6cc822fa15
"-74,12728944","4,687236598",8535,484A05,Complejo Optimus,4,2,6,AC 26 - KR 96J,b1e1d3e0-2495-4eb3-9d1d-89d7cdea73db
"-74,12943703","4,688870698",8536,378A05,Villa del Mar,4,2,6,AC 26 - KR 100 Bis,9928689c-29b3-4ad0-843d-cb53229b084f
"-74,13141594","4,69036149",8537,194A05,CIAC,4,2,6,AC 26 - KR 103,7d84f99a-26e6-45e1-8b7c-84a9cbff9f19
"-74,13385923","4,692184056",8538,380A05,Puente Aéreo,4,2,6,AC 26 - KR 106,b6713cfb-8cb5-4528-851a-176241bbe55f
"-74,13602037","4,694171743",8539,383A05,Puente Aéreo,4,2,6,AC 26 - KR 106,e524b28b-065d-43e4-b43b-6c4fceed8cc6
"-74,1405285","4,697081283",8540,377A05,Aeropuerto El dorado,4,2,6,AC 26 - KR 103,40799202-901c-45df-bfc9-2dc1c84ca04b
"-74,13602175","4,69273993",8541,382A06,CAC,4,2,6,AC 26 - KR 106,7b554566-03f2-4e3c-a4ee-473b21e812e5
"-74,13284324","4,690336447",8542,383A06,Aeronáutica Civil,4,2,6,AC 26 - KR 103,1624a62a-991e-4088-bfda-d32c1d56dec8
"-74,13196221","4,689757581",8543,075A06,CIAC,4,2,6,AC 26 - AK 103,6fa91f53-dfda-4ffc-8229-9fb56d06efcc
"-74,12682516","4,685805542",8544,431A06,Br. San José De Fontibón,4,2,6,AC 26 - KR 96A,2b11b9bc-ba47-4e4e-8309-277d32cb1f30
"-74,12459227","4,684095411",8545,125A06,Portal Eldorado,4,2,6,AC 26 - AK 96,749a36ba-e1cd-4336-9c9a-75d3807e834a
"-74,12109697","4,680267",8546,074A06,Portal Eldorado,4,2,6,AC 26 - AV. C. de Cali,8862cf35-34a6-42ab-9c72-18f3944adaa1
"-74,11933252","4,677661623",8547,394A06,C.C. Dorado Plaza,4,2,6,AC 26 - KR 85D,f7b55d76-a3b0-4a4e-84c7-c6675bc7f481
"-74,11689005","4,673872713",8548,377A06,Estación Modelia,4,2,6,AC 26 - KR 82,467cc0a9-814d-43bd-9f2d-0a69feb4526c
"-74,1138442","4,669140129",8549,376A06,Estación Normandía,4,2,6,AC 26 - KR 74,3f2f05a1-aebf-4aed-ba63-176f0705ade4
"-74,10907845","4,661669203",8550,375A06,Estación Av. Rojas,4,2,6,AC 26 - KR 69D Bis,e4a14b9b-73f7-4533-b36e-3418600e0410
"-74,10806992","4,660029774",8551,379A06,Br. Salitre Occidental,4,2,6,AC 26 - KR 68B,827e815c-9479-483e-8a00-fc239c14949c
"-74,10640641","4,657462789",8552,378A06,Estación El Tiempo - Maloka,4,2,6,AC 26 - KR 68 D,535e0bb4-97e7-4694-b0da-940fb3556267
"-74,10375942","4,653322721",8553,386A06,Avenida Carrera 68,4,2,6,AC 26 - AK 68,761019d1-45a0-4995-9522-cd6124490b0d
"-74,10190507","4,650390525",8554,400A06,Estación Salitre - El Greco,4,2,6,AC 26 - KR 66,2e1230ef-9880-4eda-854d-29a3c1f04c9f
"-74,10030826","4,647979297",8555,428A06,CC Gran Estación,4,2,6,AC 26 - KR 60,bea838c9-6774-4900-a81f-ffe82110a958
"-74,09876449","4,645596341",8556,414A06,Estación CAN,4,2,6,AC 26 - KR 59,6c1d1df1-458b-4c68-b395-e08c598861f5
"-74,0962806","4,641758338",8557,415A06,Estación Gobernación,4,2,6,AC 26 - KR 51,2fb1e07b-f78f-4ee4-8fcf-244023c60ba2
"-74,09297171","4,636525758",8558,417A06,Estación Quinta Paredes,4,2,6,AC 26 - KR 45,59b59957-61fb-4168-8310-551f3fcf7f50
"-74,08970589","4,634019809",8559,418A06,Estación Corferias,4,2,6,AC 26 - AK 40,1dc8891d-8924-474c-9fda-3081f94fce48
"-74,08476072","4,632073834",8560,419A06,Estación Ciudad Universitaria,4,2,6,AC 26 - KR 36,d799b764-65f6-41b0-8f45-1094e9000732
"-74,08285719","4,629434301",8561,420A06,Br. Gran América,4,2,6,AC 26 - KR 32A,d044bd35-665e-4566-aaca-6c50269cd828
"-74,08087504","4,626435207",8562,421A06,Estación Plaza de la Democracia,4,2,6,AC 26 - AV. NQS,ddabe466-c49e-475f-991d-57505556ef9a
"-74,07759597","4,62190367",8563,791A00,Estación Centro Memoria,4,2,6,AC 26 - KR 25,270564b4-832e-4312-8779-e07668acbbbb
"-74,07622075","4,619898387",8564,792A00,Pq. El Renacimiento,4,2,6,AC 26 - KR 19B,06275735-8906-4567-afd2-811f2545babb
"-74,07427595","4,617090533",8565,793A00,Cementerio Central,4,2,6,AC 26 - KR 18,6482a5fb-cc75-4650-ba80-50ace7a1a636
"-74,0672501","4,60510781",8566,664A00,Estación Universidades,4,2,6,KR 3 - CL 21,64c7f279-1bc7-4b5b-918c-f350ec42c6b4
"-74,093732","4,598649215",8567,203A00,Br. El Progreso,4,2,6,CL 3 - TV 20A,6a95c5b0-7503-4097-8dc7-c145871c8c8d
"-74,09699806","4,600929932",8568,032A00,Br. Veraguas,4,2,6,CL 3 - KR 26,50753da1-526b-4f41-ac59-31ed450109eb
"-74,10011056","4,603140042",8569,033A00,Br. Veraguas,4,2,6,CL 3 - KR 29A,c8b1293a-0deb-412f-a810-483134827c65
"-74,10286582","4,604884609",8570,032A07,Br. Comuneros,4,2,6,AC 3 - KR 31B,6fc2a1a1-9ba8-4b84-b18f-caed0fa78457
"-74,10644173","4,6075795",8571,033A07,Br. Comuneros,4,2,6,AC 3 - AK 36,f9dc19e4-0168-4388-9369-a70f0e38e01f
"-74,10847271","4,609322249",8572,034A07,Br. Tibaná,4,2,6,AC 3 - KR 38,f1fc914e-5e6d-4ff4-91ad-b47b0bcd26f0
"-74,11020508","4,6113499",8573,551A08,Br. Primavera Occidental,4,2,6,AC 3 - KR 41,60c50a12-3454-4e12-a684-6023520180b9
"-74,112231","4,613328",8574,039A07,Br. Primavera Occidental,4,2,6,AC 3 - KR 41,59b1ab85-73ab-4320-8227-3f4100a207c9
"-74,11597647","4,616525303",8575,035A07,Br. Barcelona,4,2,6,AC 3 - KR 53B,ab01142a-fa3e-40af-896b-876f0746cc69
"-74,11787509","4,618237072",8576,373A07,Br. La Colonia Oriental,4,2,6,AC 3 - KR 53D Bis,f426e8af-43cc-4070-b053-5f84ca28234c
"-74,11925948","4,619503858",8577,036A07,Br. Colón,4,2,6,AC 3 - KR 56,0e1ae05c-cd08-4c57-ad80-1671450cbc0a
"-74,12096312","4,621134606",8578,037A07,Br. San Gabriel,4,2,6,AC 3 - KR 60,b7c20562-8d97-4750-8b33-26739e01b6be
"-74,1231874","4,623418366",8579,038A07,Br. La Pradera,4,2,6,AC 3 - KR 66A,438940dd-430e-4054-ade6-b1d0b5aaf097
"-74,12340761","4,623196597",8580,045A08,Br. Galán,4,2,6,AC 3 - KR 66A,3b13b355-d2fb-449e-8ca3-fdb8896c25fc
"-74,1215506","4,621265468",8581,044A08,Br. Galán,4,2,6,AC 3 - KR 60,41192bbb-e38e-4c2f-a4ff-936b3d2ae474
"-74,12021921","4,619950284",8582,043A08,Br. Galán,4,2,6,AC 3 - KR 56A,d5a6dc0f-8a3a-4880-9192-47ee0a52d9b5
"-74,11831452","4,618176222",8583,619A08,Br. Galán,4,2,6,AC 3 - KR 53D Bis,f5f14b49-6f92-469f-a9a9-524d23088817
"-74,1162703","4,616384698",8584,042A08,Br. Galán,4,2,6,AC 3 - TV  53A,71a07423-d053-4b4b-927c-838818afe020
"-74,11238309","4,613005024",8585,049A08,Br. Montes,4,2,6,AC 3 - KR 40B,e04e08f9-c82f-46f5-9aaa-bc03608cfe7a
"-74,11010947","4,61089362",8586,552A08,Br. El Jazmín I Sector,4,2,6,AC 3 - KR 40 Bis,b2e07e30-c9fb-4dec-b672-c2584c37a516
"-74,10905701","4,609624822",8587,041A08,Br. Jorge Gaitán Cortés,4,2,6,AC 3 - KR 38,a4683f87-c44a-45fa-8481-b84836b0bb70
"-74,1076238","4,608338091",8588,040A08,Br. Jorge Gaitán Cortés,4,2,6,AC 3 - AK 36,2dc1dd5f-eef2-4ee4-99bf-3a7ab5146e3d
"-74,10397996","4,605410814",8589,039A08,Br. La Asunción,4,2,6,AC 3 - KR 31D,d93174d8-9d72-4ba2-9ba8-1a4604fdaf10
"-74,10189746","4,604015127",8590,038A08,Br. La Asunción,4,2,6,CL 3 - KR 30A,90e31b9d-2333-4553-bd4b-49d5163c5e94
"-74,09818417","4,601562212",8591,031A00,Br. Santa Isabel,4,2,6,CL 3 - AK 27,7c4329f6-ed43-4bfd-9aa7-c9b887725b91
"-74,09540856","4,599600018",8592,030A00,Br. El Vergel,4,2,6,CL 3 - KR 24,ad1466c7-dc10-4dce-b1fa-9c4866eac19f
"-74,09309948","4,598063733",8593,202A00,Br. El Vergel,4,2,6,CL 3 - KR 20A,4bcf6326-7a4f-4ff0-bf25-08c5d9abbef4
"-74,06689275","4,632460691",8594,277A00,Br. Marly,4,2,6,AC 45 - AK 13,92569c2a-5c24-4296-82f0-eb294846e937
"-74,06835319","4,632721554",8595,084A00,Estación Calle 45,4,2,6,AC 45 - AV. Caracas,4975da20-80a7-4932-844e-013d306c3356
"-74,06953476","4,632942978",8596,276A00,Br. Palermo,4,2,6,AC 45 - KR 15A,6b59002e-a0a4-4a30-ac39-a1b0e6dd2c7b
"-74,07139643","4,633273894",8597,086A00,Br. Palermo,4,2,6,AC 45 - AK 19,0c976890-09c7-4a9a-8604-528f9aab525f
"-74,07331852","4,633624754",8598,078A00,Br. Palermo,4,2,6,AC 45 - KR 20,0eed0694-55bd-4c37-bce2-2d97780490bb
"-74,07678565","4,634275883",8599,274A00,Colegio El Carmelo,4,2,6,AC 45 - KR 25A,99c43575-6b64-4e9c-80bc-7c9774cbd394
"-74,0778304","4,634335295",8600,079A00,U. Nacional,4,2,6,AC 45 - KR 27A,ce6eb23c-7cfb-470a-880d-03ff77a719b9
"-74,07810737","4,634182596",8601,273A00,Br. La Soledad,4,2,6,AV. NQS - AC 25,55c11f96-5ce1-4f12-a0c3-a29823b883fd
"-74,07648703","4,63388316",8602,275A00,Col. El Carmelo,4,2,6,AC 45 - KR 25A,bec8c6ce-095c-48e8-bf8d-fc9b462310e0
"-74,07467494","4,633702712",8603,077A00,Br. Santa Teresita,4,2,6,AC 45 - KR 22,73f8b321-a6fc-40b8-a0b1-5bdd56ccb3cc
"-74,07238746","4,633294806",8604,085A00,Br. Santa Teresita,4,2,6,AC 45 - AK 19,c823c07b-dc8f-4583-8a69-5de7a6c3de2b
"-74,06958317","4,632761135",8605,076A00,Br. Santa Teresita,4,2,6,AC 45 - KR 15A,0583e0b2-554c-41c1-b9b3-e06d8920a91b
"-74,06835142","4,63254258",8606,083A00,Estación Calle 45,4,2,6,AC 45 - AV. Caracas,196abfd4-de4d-4aa6-b1c9-5f8a8f6695cd
"-74,0668186","4,632263672",8607,278A00,Br. Sucre,4,2,6,AC 45 - AK 13,2496a195-1255-497e-b1e5-c511da458c87
"-74,065395","4,631692",8608,075A00,Br. Sucre,4,2,6,AC 45 - KR 8,ab9bb514-2188-4365-94b8-c3c9c665c6b1
"-74,0610999","4,638930956",8609,555A00,Clínica Santo Tomás,4,2,6,AC 53 - KR 4,32a97d86-7263-4459-abe9-9069bbfbcdba
"-74,0639304","4,639910052",8610,056A00,Avenida Alberto Lleras Camargo,4,2,6,AC 53 - KR 9,d7d68365-f99e-4f7c-9335-56cf5e64c905
"-74,06558396","4,640341714",8611,034A00,Estación Marly,4,2,6,AC 53 - AK 13,f4745ad9-db6b-4e5b-9dea-cd5ba875b23e
"-74,06780797","4,640715102",8612,055A00,Kr 15,4,2,6,CL 53 - KR 15,e4af99bf-40ed-4cfa-836f-8a939333581e
"-74,07094489","4,64127945",8613,035A00,Br. Banco Central,4,2,6,AC 53 - KR 19,1aec0f2b-c467-4834-8354-42f68e30b173
"-74,0751896","4,642056659",8614,037A00,C.C. Galerías,4,2,6,AC 53 - AK 24,69940ce9-61ff-49e1-bf1f-e70d14d38543
"-74,07669828","4,642323832",8615,259A00,Br. Galerías,4,2,6,AC 53 - KR 28,e82de661-406a-456f-9a32-2b1334374830
"-74,08294803","4,644383653",8616,136A05,Br. Nicolás de Federmán,4,2,6,AC 53 - KR 37A,c8766a12-b825-4f85-882d-39cd256a000c
"-74,08453739","4,646060595",8617,016A05,Br. Nicolás de Federmán,4,2,6,AC 53 - KR 46,3729d44c-bcd5-4750-bd72-8d78be9e0985
"-74,08716013","4,647892249",8618,158A05,Br. Pablo VI,4,2,6,AC 53 - AK 50,3b42397a-e75b-489c-9d1e-e34f5382903f
"-74,08909191","4,649267741",8619,036A05,Br. Pablo VI,4,2,6,AC 53 - KR 54,18207bb1-22fe-46b3-9828-7452faf7d4de
"-74,09106217","4,650647249",8620,160A05,Br. Pablo VI,4,2,6,AC 53 - KR 57 BIS,4554bab0-476f-41c1-8d18-d36b8e7d902e
"-74,09383066","4,652592942",8621,035A05,Parque Metropolitano Simón Bolivar,4,2,6,AC 53 - AK 60,5cd44af8-1702-4a7d-b6bd-c6a84f3c124d
"-74,09722199","4,654968697",8622,479A05,Br. Salitre El Greco,4,2,6,AC 53 - KR 66A,9e4f2e8d-b451-437e-bcfb-4a0be59bd95d
"-74,09998537","4,656935931",8623,163A05,Parque Metropilotano Simón Bolivar,4,2,6,AC 53 - KR 67B,12355ab9-3b19-432d-8406-cf0838c042d2
"-74,09855517","4,655586314",8624,164A05,Br. Salitre Greco,4,2,6,AC 53 - KR 67,cdbc94a5-7f8a-4373-bc88-7c7801e1d9cb
"-74,09404499","4,652399225",8625,162A05,Br. Salitre Greco,4,2,6,AC 53 - AK 60,d01ec821-4d7b-4e44-8f42-def1c8d8fefd
"-74,09215835","4,650819594",8626,161A05,Br. La Esmeralda,4,2,6,AC 53 - KR 59,77ffc29f-3fea-4ec8-a7e7-9dbe6b7a8658
"-74,09122072","4,650161735",8627,209A05,Br. La Esmeralda,4,2,6,AC 53 - KR 57,93a5d45d-e424-4a50-8df0-4632eebc2795
"-74,08932277","4,64882429",8628,159A05,Br. La Esmeralda,4,2,6,AC 53 - KR 54,4c368866-6730-412f-bd2b-dc8354f2d8cc
"-74,08703962","4,647232091",8629,017A05,Br. La Esmeralda,4,2,6,AC 53 - AK 50,755274bb-5dde-49cf-b748-508aaaac6103
"-74,08459486","4,64553868",8630,135A05,Br. Rafael Núñez,4,2,6,AC 53 - AK 45,6440952b-dfbe-4d9b-99e2-5f31c4b832b9
"-74,08253871","4,64375052",8631,137A05,ICONTEC,4,2,6,AC 53 - KR 37,e3638ba4-b157-42b0-9527-a122b1e01ed0
"-74,07675241","4,642168754",8632,038A00,Br. Galerías,4,2,6,AC 53 - KR 27A,59aeb0a8-729f-42f6-be60-bd5d14651484
"-74,07520335","4,641911133",8633,260A00,Br. Galerías,4,2,6,AC 53 - KR 25,020c80bd-641d-4049-ab3e-9b897d0c287b
"-74,07340562","4,641576405",8634,389A00,C.C. Morichal,4,2,6,AC 53 - KR 21,dcf7b12f-acc1-42e5-82ef-e615dd7847b0
"-74,07037662","4,641003442",8635,390A00,Banco Central,4,2,6,AC 53 - KR 18,e2731d86-d4ba-4c23-885d-d4936e20cc4f
"-74,06778232","4,640532224",8636,261A00,Br. Quesada,4,2,6,AC 53 - KR 15,40e0c747-b159-41ec-b55d-5ee3b9f4b35b
"-74,0656004","4,640174637",8637,262A00,Br. Quesada,4,2,6,AC 53 - KR 13,b9e6881e-7942-400c-bc2b-05c7c6bba276
"-74,06388436","4,639688882",8638,057A00,Comfenalco,4,2,6,AC 53 - KR 9,224f4d44-1a13-4eb8-982f-1125f3050cd8
"-74,06101773","4,638761922",8639,554A00,Clínica Santo Tomás,4,2,6,AC 53 - KR 3,7031cf6a-ea11-4f66-8e08-fcf4be079da5
"-74,06616199","4,649980946",8640,013A00,Br. La Esperanza,4,2,6,AC 63 - KR 15,0cf17ae8-74f4-420e-807d-0260112803f0
"-74,06920428","4,650517925",8641,015A00,Br. Baquero,4,2,6,AC 63 - KR 19,ee783f5e-2da6-437b-910e-b8a5a5e2f8a9
"-74,07199056","4,65102419",8642,016A00,Br. Muequetá,4,2,6,AC 63 - AK 24,3bdf9033-8028-4ebc-8509-e38fc56367f4
"-74,07401868","4,651395261",8643,017A00,Br. Quinta Mutis,4,2,6,AC 63 - KR 26,24e8fce1-122f-46a4-a13d-7e30245b0f3c
"-74,07571799","4,651711161",8644,019A00,IED Alemania Solidaria,4,2,6,AC 63 - KR 28,463eaefa-45f6-4527-8511-aff8ea73edf2
"-74,08144094","4,652758865",8645,156A05,Pq. de los Novios,4,2,6,AC 63 - KR 45,8d12fe57-ce3e-4376-8aa9-3087f1bb1b79
"-74,08537756","4,65495207",8646,155A05,Palacio de los Deportes,4,2,6,AC 63 - KR 56,24d9778d-e72d-43a9-9df3-849f39927148
"-74,08637955","4,656357082",8647,152A05,Centro de Alto Rendimiento,4,2,6,AC 63 - TV 59A,8c438a62-7c44-4d1b-9bd7-1b82eaea9f16
"-74,08765871","4,658239565",8648,151A05,Centro de Alto Rendimiento,4,2,6,AC 63 - AK 60,5d925dcb-fbc6-4588-85dd-5cf7de6ec267
"-74,08964247","4,661135048",8649,145A05,Museo de los Niños,4,2,6,AC 63 - AK 60,1daf7d88-b307-4aca-b40b-1ccc8f0dfc3a
"-74,09123353","4,663450091",8650,139A05,Pq. El Salitre,4,2,6,AC 63 - AK 68,3ef9c5a5-2455-4dbb-9640-0a37ac031a0b
"-74,09536006","4,667364441",8651,141A05,Instituto Técnico Industrial (ITI) Francisco José de Caldas,4,2,6,AC 63 - AK 68,d2a6ea1e-f7d1-4af8-ba77-b6e094eb5f56
"-74,09855484","4,669373005",8652,015A05,Br. Bosque Popular,4,2,6,AC 63 - KR 69C,0ced8499-c244-4b36-a9d8-99e53ec8ed99
"-74,10018179","4,670319989",8653,014A05,Jardín Botanico,4,2,6,AC 63 - KR 69L,ebae70d0-c891-456b-84b1-594932952604
"-74,1001552","4,670090869",8654,142A05,Jardín Botánico,4,2,6,AC 63 - KR 69L,2f8e7187-f105-4ec5-bbaf-f82a01a0985c
"-74,09860928","4,669188237",8655,143A05,Br. Bosque Popular,4,2,6,AC 63 - KR 69F,9a9634e9-9971-48d1-b4d3-4cd2bd06e4c0
"-74,09563183","4,667252674",8656,140A05,Unidad Deportiva El Salitre,4,2,6,AC 63 - AK 68,4abc87b3-7a75-494c-a3e9-9044ab0911a0
"-74,09187048","4,66391781",8657,138A05,Pq. Metropolitano Simón Bolívar,4,2,6,AC 63 - AK 68,346e96ff-1524-4abf-88e3-2c6db3d4768e
"-74,08957658","4,660623156",8658,144A05,Museo de los Niños,4,2,6,AC 63 - KR 65,0bc97e9e-c9e3-4fb4-b3a5-62b2faf87d72
"-74,0878763","4,658123763",8659,150A05,Bibl. Virgilio Barco,4,2,6,AC 63 - AK 60,b6081dd2-9ea4-43ab-848a-db18bbefc769
"-74,08666327","4,656361959",8660,153A05,Bibl. Virgilio Barco,4,2,6,AC 63 - KR 47,e4390e78-9fc2-44c1-be98-edfde6e1eecc
"-74,08508336","4,654268808",8661,154A05,Palacio de los Deportes,4,2,6,AC 63 - TV 59A,73cb0c50-bbfb-4c3a-a7ff-416afd9961fd
"-74,08097633","4,65240798",8662,157A05,Pq. de los Novios,4,2,6,AC 63 - KR 36A,d896c845-0d8a-4155-8b42-d83bdc9d0a64
"-74,07473258","4,651308671",8663,018A00,Col Nuestra Señora del Pilar,4,2,6,AC 63 - KR 27,68aac621-7f5e-4fea-bbc0-4f058bac32f3
"-74,07169855","4,650754308",8664,324A00,CENDA,4,2,6,AC 63 - KR 22,2bbd2a1c-638f-4e8e-9a88-98f325892c55
"-74,06884247","4,650245889",8665,325A00,Br. San Luis,4,2,6,AC 63 - KR 18,60081953-e5cd-4ecd-b733-e5a8c9f4280e
"-74,06701073","4,649914169",8666,014A00,Centro Johann Kepler,4,2,6,AC 63 - KR 16,482e29f1-8027-4476-9907-78c75b47f786
"-74,06514128","4,649583279",8667,054A00,Estación Calle 63,4,2,6,AC 63 - AV. Caracas,1b3a9c00-5213-4de4-8f09-0f40fee74989
"-74,0625291","4,649207146",8668,053A00,C.C. Lourdes,4,2,6,AC 63 - KR 9A,b28904de-348b-4c7c-836a-a89ff8a1dc1e
"-74,06406732","4,65544168",8669,326A00,Av. Caracas,4,2,6,AC 68 - KR 14A,fed77cd5-97bc-4957-afdd-0c9730e85e03
"-74,06608773","4,656685938",8670,327A00,Colegio San Pedro Nolasco,4,2,6,AC 68 - KR 17,d6cd722f-93cb-48ce-9424-e4185e59f07b
"-74,06772088","4,657707248",8671,841A00,Br. Colombia,4,2,6,AC 68 - KR 20,53c979e3-c135-43b2-8b7b-57de476980d4
"-74,07033156","4,659592454",8672,328A00,Br. Alcázares,4,2,6,AC 68 - KR 25,6e196d2a-a68c-4855-a04e-8ad4215182b0
"-74,06998522","4,65935325",8673,328B00,Br. Alcázares,4,2,6,AC 68 - KR 24,06f8aaf2-2d5c-4ef9-99f3-6e852d6c2377
"-74,07259955","4,661218109",8674,329A00,Br. La Paz,4,2,6,AC 68 - KR 27C,ad341e73-e71c-41dc-9145-08291d370053
"-74,07223239","4,660961335",8675,329B00,Br. La Paz,4,2,6,AC 68 - KR 27B,4211960c-aba5-422b-81ad-d60b44541ba0
"-74,07445319","4,662573078",8676,330A00,Cementerio Chapinero,4,2,6,AC 68 - KR 28B,0295f926-8adf-491a-8927-e2ff0a87f0ae
"-74,07404616","4,662269977",8677,330B00,Cementerio Chapinero,4,2,6,AC 68 - KR 27C,63c71240-6316-4961-b521-e50989a7df5b
"-74,07821616","4,666437409",8678,012A04,Hsp. Infantil San José,4,2,6,AC 68 - KR 53,74bbaadf-c968-4e1c-86fc-1357f181b24f
"-74,0779571","4,666032101",8679,012B04,Hsp. Infantil San José,4,2,6,AC 68 - KR 52,24cabc4b-4536-45de-b907-89fb391c6d2d
"-74,07996703","4,668953997",8680,013A04,Pq. Público Modelo,4,2,6,AC 68 - KR 57,18469b75-9980-4ebb-9785-0c0f7043fdf5
"-74,07952117","4,668279666",8681,013B04,Pq. Público Modelo,4,2,6,AC 68 - KR 56B,227215fc-230c-44a8-95b0-b263c321a765
"-74,08135642","4,670969305",8682,121A04,Avenida La Esmeralda,4,2,6,AC 68 - KR 59,513d3f47-7cc9-41b9-9df1-6c3645fd3fb1
"-74,08108461","4,670555643",8683,121B04,Avenida La Esmeralda,4,2,6,AC 68 - KR 58,09ad19fd-e347-420c-973c-78e6486b6b37
"-74,08356642","4,674238099",8684,120A04,Colegio Cooperativo Unión Social,4,2,6,AC 68 - KR 64,aaa06f9a-640e-460e-86be-ccf46945b435
"-74,08329022","4,673817583",8685,120B04,Colegio Cooperativo Unión Social,4,2,6,AC 68 - KR 63,1048e3f3-ba91-40cc-92db-09557e62f771
"-74,08471881","4,675948815",8686,128A04,Br. San Fernando Occidental,4,2,6,AC 68 - KR 65B,121553ba-e0ad-4d6d-947b-5ef7d52381e8
"-74,08451258","4,675651816",8687,128B04,Br. San Fernando Occidental,4,2,6,AC 68 - KR 65B,c6340a6e-4e9b-408c-871a-09550dd628e9
"-74,08417146","4,674778059",8688,184A05,C.C. Mi Placita,4,2,6,AC 68 - KR 65,bb761fa8-6f33-48b2-a99f-51963b288464
"-74,0843265","4,675008278",8689,184B05,C.C. Mi Placita,4,2,6,AC 68 - KR 65A,81f8a80c-6232-4dda-beaa-069b6f03eefa
"-74,0824704","4,67227171",8690,185A05,IED Centro Obrero,4,2,6,AC 68 - KR 60,6dfe5c81-f335-4bb0-988a-fff9af49e15b
"-74,08277585","4,672736253",8691,185B05,IED Centro Obrero,4,2,6,AC 68 - KR 62,60e31e1f-d9df-47ca-962f-ef505fafddd9
"-74,08000143","4,668657415",8692,186A05,Pq. Público Modelo,4,2,6,AC 68 - KR 57,f6e921bf-fd34-415f-a3b0-58df384df5ce
"-74,08007397","4,668780466",8693,186B05,Pq. Público Modelo,4,2,6,AC 68 - KR 57,ec266cc5-2750-4427-aca6-42a5eb4de54a
"-74,07805348","4,665831002",8694,187A05,Hsp. Infantil San José,4,2,6,AC 68 - KR 52,9c70bd1e-613f-4e5a-af0b-74105a529d8c
"-74,078207","4,666075273",8695,187B05,Hsp. Infantil San José,4,2,6,AC 68 - KR 52,db59c068-1426-4ae8-bef4-d3d1ef384381
"-74,07505107","4,660271877",8696,149A00,IED Alemania Solidaria Sede C,4,2,6,CL 66 - KR 28B,17c34c76-4bfd-4f23-934c-6a4ebbe057f3
"-74,07576606","4,660781708",8697,149B00,IED Alemania Solidaria Sede C,4,2,6,CL 66 - KR 29B,db09d763-67d7-483d-b9d5-0aeaa09c99dc
"-74,07329441","4,659058469",8698,150A00,Colegio Marillac,4,2,6,CL 66 - KR 27A,33f61803-0813-4e35-80f3-30723c27090f
"-74,07373227","4,659355288",8699,150B00,Colegio Marillac,4,2,6,CL 66 - KR 27B,2c83cd17-bcb7-4de5-98c0-ee893205c1d0
"-74,07105298","4,657516949",8700,151A00,Almacenes Tía,4,2,6,CL 66 - KR 24,94a9bae6-67a0-4e81-9a8b-3eff5ddfdd8e
"-74,07147725","4,657814386",8701,151B00,Almacenes Tía,4,2,6,CL 66 - KR 25,036c3e16-1904-4ef0-9d81-8bbb07a78a11
"-74,05636646","4,65575228",8702,316A00,Kr 8,4,2,6,AC 72 - KR 8,be49aeb6-7beb-48d0-872e-b67de2d790a7
"-74,05814606","4,656979004",8703,315A00,Centro Comercial Av Chile,4,2,6,AC 72 - KR 10,4f016a12-9d27-486f-aa48-05dcfd6ab838
"-74,05912759","4,657621156",8704,314A00,Universidad Pedagógica Nacional,4,2,6,AC 72 - AK 11,ce79af3f-d256-4225-ab94-9488c3b1ba18
"-74,0608353","4,658786267",8705,398A00,Br. Porciúncula,4,2,6,AC 72 - KR 13,4586384f-a3f3-4f81-b3d0-6069d2180958
"-74,06280484","4,660168908",8706,313A00,Br. San Felipe,4,2,6,AC 72 - KR 17,422cd5da-200e-4945-b888-9c97a9ce0a60
"-74,06605629","4,662385457",8707,002A00,Br. San Felipe,4,2,6,AC 72 - KR 22,8ba0207b-2e3d-480c-b328-7341dabe802d
"-74,06857052","4,664219719",8708,051A00,Iglesia Siervas de María,4,2,6,AC 72 - KR 27A,f8db47f6-5fc2-4643-8245-c5b8de327fa8
"-74,0702906","4,665533235",8709,004A00,Br. Los Alcázares Norte,4,2,6,AC 72 - KR 28,18b5519d-db28-4aac-9f43-ef0ecae734d2
"-74,07157714","4,66647685",8710,095A00,Sede Comunal 11 de Noviembre,4,2,6,AC 72 - KR 29,4f0a0d07-5db5-435a-b4a4-e2eecda9257a
"-74,07507101","4,66913877",8711,003A04,Br. 12 de Octubre,4,2,6,AC 72 - KR 52,95306f50-5634-4d14-a82e-7ba36b001a74
"-74,07856838","4,671836055",8712,073A04,Parroquia San Fernando Rey,4,2,6,AC 72 - KR 57B,4e496555-6d68-476c-aeea-cc6c8857d64c
"-74,08143306","4,674051377",8713,119A04,San Fernando Occidental,4,2,6,AC 72 - KR 62,599d8cbe-d7ae-4b1f-a37d-1bfac9c79a10
"-74,08811018","4,680344025",8714,118A04,Br. Las Ferias,4,2,6,AC 72 - KR 68G,832f60e8-c27d-4d6a-9314-3f88f8ac3a88
"-74,08798354","4,680181457",8715,118B04,Br. Las Ferias,4,2,6,AC 72 - KR 68G,4dc436a5-eb92-4ba5-bf59-8cb0927f9370
"-74,0876332","4,679795631",8716,118C04,Br. Las Ferias,4,2,6,AC 72 - KR 68C,51f6b3f1-3b12-4f83-943f-9c73009654a5
"-74,08969513","4,68208032",8717,117A04,CAI Las Ferias,4,2,6,AC 72 - KR 69B Bis,7ddfc778-11ba-4336-9aa6-b8c7488df25b
"-74,08950711","4,681862338",8718,117B04,CAI Las Ferias,4,2,6,AC 72 - KR 69B Bis,c9051699-1873-4fd6-b6ea-9e7887ea1e23
"-74,08910985","4,681420581",8719,117C04,CAI Las Ferias,4,2,6,AC 72 - KR 69,9aab52f5-4c66-41c3-ab15-b08e657e6d51
"-74,09124827","4,683765278",8720,157A04,Br. Las Ferias,4,2,6,AC 72 - KR 69P,17c34415-8315-4a17-97d1-1c0ab7c78d42
"-74,09093352","4,683433539",8721,157B04,Br. Las Ferias,4,2,6,AC 72 - KR 69K,41e7362d-e4d0-458e-9704-dd6ffccdd330
"-74,09072913","4,683208484",8722,157C04,Br. Las Ferias,4,2,6,AC 72 - KR 69K,887dc1b4-4696-437f-b8cb-18d52ebbeb8e
"-74,09337151","4,685859099",8723,116A04,Br. Bonanza,4,2,6,AC 72 - KR 70F,0ac071ea-e622-4e9d-804c-b4247856110f
"-74,09328105","4,685755539",8724,116B04,Br. Bonanza,4,2,6,AC 72 - KR 70F,121d2712-79d3-4607-8872-8c8e62843c18
"-74,09276368","4,685255546",8725,116C04,Br. Bonanza,4,2,6,AC 72 - KR 70D,48bc46de-8b3b-49d0-9cd4-32ce3b57e9bc
"-74,097828","4,689556388",8726,115A04,Br. Santa María,4,2,6,AC 72 - KR 75,5b5b290f-c820-47f3-9dd1-fd23a67badd8
"-74,09715901","4,689037467",8727,115B04,Br. Santa María,4,2,6,AC 72 - KR 75,92e758ff-48ca-4eb9-b16e-cad302af5755
"-74,09690441","4,688851849",8728,115C04,Br. Santa María,4,2,6,AC 72 - KR 75,c1dfb12f-9d01-4f4f-81d3-e522dd4bfb16
"-74,10039577","4,691588462",8729,114A04,Br. Tabora,4,2,6,AC 72 - KR 77A,544b0408-19c2-4114-8aa3-2bfe9d5777ab
"-74,10016487","4,69140716",8730,114B04,Br. Tabora,4,2,6,AC 72 - KR 77A,1bead20b-dfc7-47c5-825c-fae2210975e4
"-74,09930427","4,690697584",8731,114C04,Br. Tabora,4,2,6,AC 72 - KR 76,6e3051b3-37fc-43a4-b5dc-6533dae74cb4
"-74,10232678","4,693142641",8732,113A04,Br. Tabora,4,2,6,AC 72 - KR 80,e6c76a42-622c-461e-9d52-ed1db350af8e
"-74,10220369","4,693088606",8733,113B04,Br. Tabora,4,2,6,AC 72 - KR 80,470c5819-e9ad-4d6e-bce0-c45e34ff82db
"-74,1019782","4,692887909",8734,113C04,Br. Tabora,4,2,6,AC 72 - KR 80,09310e4a-5b83-4f9d-b260-64fb14390228
"-74,10548146","4,695682615",8735,309A04,Br. Almería,4,2,6,AC 72 - AV. C. de Cali,7367dd0c-e5bc-48e7-91ee-5ae885a52465
"-74,10522958","4,695449131",8736,309B04,Br. Almería,4,2,6,AC 72 - TV 83 Bis,191c04b0-5b4e-4f0e-aef9-72d5162db4de
"-74,10496012","4,695213703",8737,309C04,Br. Almería,4,2,6,AC 72 - TV 83 Bis,b6fe36e6-c440-4634-b4df-8a51147b5ac6
"-74,10425443","4,69467715",8738,309D04,Br. Almería,4,2,6,AC 72 - KR 83,cb0f3c87-9033-41b0-87f5-5a229ab9559b
"-74,10817608","4,697571836",8739,122A04,Br. Florencia,4,2,6,AC 72 - KR 90,22b33121-5b01-4a82-ba37-a4a97d220250
"-74,1079992","4,69745598",8740,122B04,Br. Florencia,4,2,6,AC 72 - KR 88,2f055053-303f-4742-9420-09b387b4add6
"-74,10768233","4,697262337",8741,122C04,Br. Florencia,4,2,6,AC 72 - KR 88,07e64968-7030-43b4-9eba-74c4e995bbcd
"-74,11201259","4,700289131",8742,123A04,Br. Santa Rosita,4,2,6,AC 72 - KR 93,18851d99-57d7-4a8c-bddc-297d2efe4e29
"-74,11161297","4,700010792",8743,123B04,Br. Santa Rosita,4,2,6,AC 72 - KR 93,080558f0-6ff7-4552-bde4-91925a83b53f
"-74,11109019","4,699675921",8744,123C04,Br. Santa Rosita,4,2,6,AC 72 - KR 91 A,9b9b3c95-2a92-4f4d-80e8-6d0c6d086585
"-74,11471084","4,702399067",8745,124A04,Br. El Cedro,4,2,6,AC 72 - KR 97,26b4e94e-a1f0-4dac-ba5d-94612c982dd1
"-74,11441154","4,702102763",8746,124B04,Br. El Cedro,4,2,6,AC 72 - KR 96A,28cf2628-adeb-44b0-8162-f8f3a8a9972e
"-74,1166879","4,704122707",8747,441A04,Br. Álamos Norte,4,2,6,AC 72 - KR 100A,75d0f45c-33cb-4b23-8548-d8985a8976bb
"-74,11637378","4,70384658",8748,441B04,Br. Álamos Norte,4,2,6,AC 72 - KR 100,6602d264-1f0d-4293-9cd8-b446a066e5b0
"-74,11861688","4,70572334",8749,125A04,Br. Álamos Norte,4,2,6,AC 72 - AK 104,26ee6ac1-7648-4125-bda2-d4c88d858f48
"-74,1184624","4,705598659",8750,125B04,Br. Álamos Norte,4,2,6,AC 72 - KR 103,75df57cd-6692-4711-bdc8-511e0d1a51de
"-74,12132449","4,707972872",8751,126A04,Pq. Público Plazuelas del Virrey,4,2,6,AC 72 - TV 106,a8a025c8-5cab-4fcf-9f3f-10921b0b18cd
"-74,12110006","4,707800708",8752,126B04,Pq. Público Plazuelas del Virrey,4,2,6,AC 72 - KR 105F,2fb2514e-4cad-4092-9b10-de2ac9859d61
"-74,12434327","4,71023735",8753,063A04,Pq. Público Villa Amalia,4,2,6,AC 72 - KR 109,47099cd2-290d-4ff5-bd44-5bd957b4fe53
"-74,12464124","4,710192524",8754,175A05,Pq. Villa Amalia,4,2,6,AC 72 - KR 105,e3affeac-fb41-447d-8a5e-519d638b3db5
"-74,12115303","4,707592322",8755,174A05,Pq. Público Plazuelas del Virrey,4,2,6,AC 72 - KR 105H,c84b929d-ebfc-404b-8f99-f50853c58f07
"-74,1213952","4,70777202",8756,174B05,Pq. Público Plazuelas del Virrey,4,2,6,AC 72 - KR 105H,ef20f180-4dc1-4ffc-be7f-57aa10589533
"-74,11783643","4,70479884",8757,173A05,Br. Álamos,4,2,6,AC 72 - KR 101A,d8077800-4a9a-4b69-b45d-fdf88bed3ada
"-74,11809283","4,704989698",8758,173B05,Br. Álamos,4,2,6,AC 72 - KR 102,bae5bc1f-d9f6-49d8-9a0e-8bf24f155672
"-74,11618072","4,70341137",8759,478A05,Br. Álamos,4,2,6,AC 72 - KR 99C,01527e6b-56e3-4ddd-9ae1-eb38559e49d1
"-74,11634669","4,703557054",8760,478B05,Br. Álamos,4,2,6,AC 72 - KR 100,29757e3a-5aad-4ef3-8a2f-3b8538149cb1
"-74,1143552","4,701830176",8761,172A05,C.C. Diver Plaza Álamos,4,2,6,AC 72 - KR 96A,b833b3e4-1365-4138-a473-ce134aafd08c
"-74,11457869","4,702003608",8762,172B05,C.C. Diver Plaza Álamos,4,2,6,AC 72 - KR 96A,c85edea6-e8b0-4085-97b2-93d32a7e9664
"-74,11162079","4,699769533",8763,171A05,Br. Álamos,4,2,6,AC 72 - KR 91A,f822866f-3fc8-41dc-bb87-5b39442d0935
"-74,111712","4,699874337",8764,171B05,Br. Álamos,4,2,6,AC 72 - KR 93,fda9bfe4-bccb-4461-80e8-99dde70dfb8c
"-74,11185631","4,69996155",8765,171C05,Br. Álamos,4,2,6,AC 72 - KR 90,97592220-7951-4032-a408-c195d76e4364
"-74,10890973","4,697848067",8766,170A05,Br. Zarzamora,4,2,6,AC 72 - KR 90,b1c8a638-acd6-448b-add4-c8684003e506
"-74,10913021","4,698039366",8767,170B05,Br. Zarzamora,4,2,6,AC 72 - KR 91,d8f9c4c3-9cae-4718-916a-e99e8b1f7fe4
"-74,10944725","4,698235779",8768,170C05,Br. Zarzamora,4,2,6,AC 72 - KR 91,dfcb803f-4c97-4f1c-84c1-9a58250c8bc1
"-74,10464756","4,694714788",8769,177A05,Avenida Ciudad de Cali,4,2,6,AC 72 - KR 83,9c6b434d-972d-42d4-a504-4092aa6a42f8
"-74,10622857","4,695963509",8770,177C05,Avenida Ciudad de Cali,4,2,6,AC 72 - AV. C. Cali,c638e7f3-c477-40cc-8cd2-4a5b66c90ddf
"-74,10634163","4,69605169",8771,177D05,Avenida Ciudad de Cali,4,2,6,AC 72 - AV. C. Cali,2d134c0b-b7fd-4b4f-956b-2fda2dd5d529
"-74,1019859","4,692610412",8772,176A05,Br. Santa Helenita,4,2,6,AC 72 - KR 80,07737df8-6c9d-42bf-b32b-13d025c5cc6a
"-74,10228739","4,692895641",8773,176B05,Br. Santa Helenita,4,2,6,AC 72 - KR 80,a551e18e-af32-4e73-8c81-26575efce35a
"-74,10266117","4,693186852",8774,176C05,Br. Santa Helenita,4,2,6,AC 72 - KR 80C,4d97c0b4-20bb-42d7-a35d-64e1eb495b94
"-74,10313249","4,693554995",8775,176D05,Br. Santa Helenita,4,2,6,CL 72 - KR 81A,f9bcf384-cc30-47f0-870e-68ab828d880b
"-74,10034896","4,691286228",8776,178A05,Br. Santa Helenita,4,2,6,AC 72 - KR 77A,7fd73d59-4845-4ca3-a8ac-7dd4a27eb593
"-74,10051928","4,691427341",8777,178B05,Br. Santa Helenita,4,2,6,AC 72 - KR 77A,c39e2190-2c7b-4c33-90b8-9958e946056d
"-74,10073882","4,69163719",8778,178C05,Br. Santa Helenita,4,2,6,AC 72 - KR 77A,f66842e6-be14-4ba7-8784-2ad7826c55ee
"-74,09707883","4,68873435",8779,179A05,Br. Boyacá,4,2,6,AC 72 - KR 73A,5661e272-0757-45a4-b996-ba8352a1d2be
"-74,09724141","4,688850244",8780,179B05,Br. Boyacá,4,2,6,AC 72 - KR 73A,2fa5f4fe-50f9-48e4-b396-dd2189911e3b
"-74,09775941","4,689272691",8781,179C05,Br. Boyacá,4,2,6,AC 72 - KR 74A,d93141f0-1feb-4bb8-acef-f8ebea0ab86d
"-74,09213163","4,684384128",8782,180A05,Br. Palo Blanco,4,2,6,AC 72 - AK 70,af7b7dd0-336f-4204-ae4b-f8e382c3a49f
"-74,09244706","4,684690795",8783,180B05,Br. Palo Blanco,4,2,6,AC 72 - AK 70,0b630286-696e-4f9c-871b-ddc85fa602b7
"-74,09277621","4,685003305",8784,180C05,Br. Palo Blanco,4,2,6,AC 72 - AK 70,69f16f0a-c04b-4249-9401-add10db830a3
"-74,09047169","4,682579396",8785,181A05,Br. La Estrada,4,2,6,AC 72 - KR 69K,9a24d731-5b52-4761-9390-3c50cb48f5ce
"-74,09076615","4,682981639",8786,181B05,Br. La Estrada,4,2,6,AC 72 - KR 69K,e224d360-3ba2-4cbd-83b7-c23d5f5efadc
"-74,09107558","4,683279632",8787,181C05,Br. La Estrada,4,2,6,AC 72 - KR 69M,1c6de498-5c1d-4dad-8f17-d2f15ffbed0c
"-74,08899362","4,681018036",8788,182A05,Br. La Estrada,4,2,6,AC 72 - KR 69,cdaeedf2-3672-4803-8769-d8265afa39dc
"-74,08933392","4,681393886",8789,182B05,Br. La Estrada,4,2,6,AC 72 - KR 69A,c68816ae-465d-43e3-ad0e-fe97d931c76f
"-74,08973135","4,681896051",8790,182C05,Br. La Estrada,4,2,6,AC 72 - KR 69C,989a5cfa-11b0-4aa8-86b9-292e4efab746
"-74,08797203","4,679892619",8791,183A05,Br. Ferias,4,2,6,AC 72 - KR 68G,b48d9f62-6ae3-484b-976d-12b9e6850c53
"-74,08808164","4,68002035",8792,183B05,Br. Ferias,4,2,6,AC 72 - KR 68G,b3ad4325-d45b-4887-b5bb-3ddef7a3e695
"-74,08826502","4,680230085",8793,183C05,Br. Ferias,4,2,6,AC 72 - KR 68G,c21ddedb-3bae-4e3b-bbab-7979b750ae65
"-74,0815077","4,673872741",8794,127A04,CED. AV. Chile,4,2,6,AC 72 - KR 70C,d142ae96-7890-4f0c-98c8-325386fe2c9e
"-74,07840009","4,671470894",8795,129A04,Parque Público San Fernando,4,2,6,AC 72 - KR 57A,d8af128f-1cd9-41c1-adae-d40317e68ce5
"-74,07592767","4,669589959",8796,074A04,Br. San Fernando,4,2,6,AC 72 - KR 53,c1e2baa3-435d-42bc-90da-630ab8f1889c
"-74,07184049","4,666416834",8797,006A00,Monumento Rafael Uribe Uribe,4,2,6,AC 72 - KR 29,92b6679f-6b1a-4931-9e94-0a91a3d5a409
"-74,07045154","4,665411111",8798,005A00,Alcázares,4,2,6,AC 72 - KR 28,492aed14-e5fb-41a1-8134-898d22ae3745
"-74,06879709","4,664148606",8799,003A00,Pq. Alcázares,4,2,6,AC 72 - KR 27,58476dce-e923-4f56-9f01-88e410a046d0
"-74,06617862","4,662240122",8800,050A00,Br. Colombia,4,2,6,AC 72 - KR 22,d2ca6c49-c515-4fa1-aec8-5bdface89d07
"-74,063625","4,660471779",8801,317A00,Br. Colombia,4,2,6,AC 72 - KR 17,dcfc2254-9c3d-4a13-9996-38d377d8c215
"-74,06106068","4,658567495",8802,395A00,Estación Calle 72,4,2,6,AC 72 - KR 13,01de750f-98a6-417a-a219-5b37e493bbac
"-74,05953454","4,657522866",8803,319A00,U Pedagógica Nacional,4,2,6,AC 72 - AK 11,9094412d-2030-4d4c-8f1c-02989c8e1173
"-74,05795316","4,656442291",8804,320A00,C.C. Avenida Chile,4,2,6,AC 72 - KR 10,02f0936c-fa0d-49da-80b5-1d0c93ba7291
"-74,12538303","4,726315796",8805,065A04,Río Bogotá - Calle 80,4,2,6,AC 80 - KR 119,b4848e4f-1197-489f-99bb-edc55a4bb5f4
"-74,12302414","4,723550324",8806,018A04,Br. Engativá El Dorado,4,2,6,AC 80 - AK 114,9978e3f4-3c69-48c1-b445-06fc35bb8a1a
"-74,12215883","4,722524578",8807,064A04,Br. El Dorado Industrial,4,2,6,AC 80 - AK 114,a7c20c66-93f8-484d-9b18-530ace6c7952
"-74,12035178","4,720162084",8808,314A04,Br. Portal del Mortiño,4,2,6,AC 80 - KR 112A,a6d74349-c81c-48d7-93db-26cde27d8840
"-74,11819078","4,717117055",8809,084A04,Br. Villas de Granada I,4,2,6,AC 80 - KR 110,1a82e4c6-5765-4889-83e9-5222bc5c15cf
"-74,11641356","4,71462525",8810,086A04,Br. Garcés Navas Oriental,4,2,6,AC 80 - TV106,7d6f9f46-0a9c-4e3d-83de-1d41f50e53fc
"-74,11393","4,711327828",8811,342A04,Br. Garcés Navas Oriental,4,2,6,AC 80 - KR 102,9cf2a239-d1c0-4c25-837f-f523fff8a1b2
"-74,1120028","4,709380606",8812,151A04,Br. El Madrigal,4,2,6,AC 80 - KR 101,ef3263ac-3b20-4418-9ad7-c50a3c5de2fe
"-74,11011874","4,707600289",8813,408A04,Portal de la 80,4,2,6,AC 80 - KR 96,c568333b-4e7f-46a7-a97e-4b00246130d1
"-74,10840752","4,706212516",8814,409A04,Estación Quirigua,4,2,6,AC 80 - KR 94,fdf6605f-73a7-4bd5-aa21-939d3e7ebaf8
"-74,10451569","4,704373608",8815,410A04,Estación Carrera 90,4,2,6,AC 80 - KR 90,4a2876c2-837a-4e82-acc6-290948503ab3
"-74,10200105","4,703261206",8816,411A04,AV. C. Cali,4,2,6,AC 80 - AV. C. de Cali,2806739d-1a33-4077-aa6a-5b6575b34414
"-74,10003937","4,701975183",8817,412A04,Br. La Granja II,4,2,6,AC 80 - KR 84,86af36bc-45e1-4c40-8cb3-ec5700bb88b5
"-74,09710979","4,699636595",8818,413A04,Estación Granja - Cr. 77,4,2,6,AC 80 - KR 80A,71b7805b-83fc-4dd4-b9f5-b68d56ef203f
"-74,09449788","4,697972053",8819,414A04,Estación Granja - Cr. 77,4,2,6,AC 80 - KR 77,a483a6d3-1873-44bd-8e43-dc240a7231d0
"-74,09191795","4,696602907",8820,078A04,Br. Santa María,4,2,6,AC 80 - KR 73B,d5aae338-1ce1-40e5-8f4b-c6454a6e67d5
"-74,08748047","4,693947765",8821,415A04,Estación Av. Boyacá,4,2,6,AC 80 - KR 70F,22d9ede7-f96f-4713-b8d5-4632bf6fa8c4
"-74,08601006","4,692282359",8822,416A04,Br. El Manantial,4,2,6,AC 80 - AK 70,86dde971-04b3-4cf9-9ad1-ccadfaf43abb
"-74,08447045","4,690374549",8823,417A04,Estación Las Ferias,4,2,6,AC 80 - TV 69R,7f7c3e97-00b3-4925-8e65-41e5bb02d86a
"-74,08222294","4,687547137",8824,418A04,Br. Las Ferias,4,2,6,AC 80 - KR 69B,fedeb539-cab2-4867-b3ea-4fd5684684fa
"-74,08062885","4,685528929",8825,419A04,Estación Avenida 68,4,2,6,AC 80 - KR 68C,1e792da7-d913-4308-9de8-8d99a49734d3
"-74,07778767","4,681920259",8826,420A04,Estación Carrera 53,4,2,6,AC 80 - KR 64,62fbc6bc-d02b-4aa8-8fbb-265ac5cca9e7
"-74,0748379","4,678544625",8827,421A04,Br. Jorge Eliecer Gaitán,4,2,6,AC 80 - KR 58,41944eb4-9314-4291-b996-b3d50df20b57
"-74,07192186","4,67659584",8828,422A04,Br. Jorge Eliecer Gaitán,4,2,6,AC 80 - KR 55,bc970825-b0f7-40b6-b2f5-01c7e2c19a0a
"-74,06907761","4,674823447",8829,423A04,Estación Escuela Militar,4,2,6,AC 80 - KR 51,2fca4a91-a17f-40b5-8cd9-245966c1f80f
"-74,0642936","4,669771436",8830,169A00,Estación El Polo,4,2,6,AC 80 - KR 27,e19f8a61-25b8-439d-be8e-324063d05c93
"-74,06271827","4,667823899",8831,679A00,Br. Juan XXIII,4,2,6,AC 80 - KR 22,1fd9795f-3f32-401f-be3f-806229490e5c
"-74,06245967","4,668111194",8832,708A00,Br. Polo Club,4,2,6,AC 80 - KR 22,024a0f5f-2b73-49c9-a8bf-358ee5374b82
"-74,06449542","4,670660845",8833,168A00,Estación Polo,4,2,6,AC 80 - KR 27,f858c763-405d-4dbb-af0c-4f4a181d8a9c
"-74,06860733","4,675017523",8834,554A03,Estación Escuela Militar,4,2,6,AC 80 - KR 50,25cbf4b6-4aa7-4b0b-8179-466d2af999ec
"-74,0735917","4,67819723",8835,555A03,Estación Carrera 47,4,2,6,AC 80 - KR 56Bis,54a08c06-743e-4a9e-a82a-22c293d8d188
"-74,07593736","4,680244044",8836,556A03,Br. Entreríos,4,2,6,AC 80 - KR 58,3771b2eb-baf5-4fcf-8cdb-fb8fde1f9b68
"-74,07769158","4,682431015",8837,557A03,Estación Carrera 53,4,2,6,AC 80 - KR 64,e37e7914-9f4f-4b4a-88aa-9a5df6a89a5a
"-74,08035321","4,685858953",8838,558A03,Estación Av. 68,4,2,6,AC 80 - KR 68D,2e63a060-0106-4d66-bbed-df9d2d5a797f
"-74,0820653","4,688008718",8839,559A03,Br. Las Galias,4,2,6,AC 80 - KR 69,9579280f-da5d-4a83-b083-d021d8816ae7
"-74,08407643","4,690549129",8840,560A03,Estación Las Ferias,4,2,6,AC 80 - KR 69Q,74424ab4-ab0b-431a-bb6e-b0592c3c073e
"-74,08584763","4,692752684",8841,561A03,Centro Comercial Titán Plaza,4,2,6,AC 80 - KR 69T,dbab42f8-af3c-44d7-bb7e-c80a2fb9d929
"-74,09151258","4,696864892",8842,077A04,Br. El Minuto de Dios,4,2,6,AC 80 - KR 73B,befabacf-a163-4836-bc9a-f2f3026f2e06
"-74,09375143","4,698053953",8843,424A04,Estación Granja - Cr. 77,4,2,6,AC 80 - TV 76 D,9913f6cc-7f9f-4bbf-9eab-c74b97bb5bcd
"-74,09688281","4,699995023",8844,425A04,Estación Granja - Cr. 77,4,2,6,AC 80 - TV 80A,63f5e9cc-d37a-4715-bb57-21f7440f19ee
"-74,09962755","4,702179816",8845,339A04,Br. París Gaitán,4,2,6,AC 80 - KR 84,a8c5570d-4d09-40a6-94f5-3a26e6cab62b
"-74,10379035","4,704521468",8846,426A04,Estación Carrera 90,4,2,6,AC 80 - KR 89A,317de863-feff-4b06-b50c-4a1b1f0d5dc0
"-74,10688451","4,705919097",8847,427A04,Br. Primavera,4,2,6,AC 80 - KR 93,0f1e5391-adf6-4c6c-8bb8-2cdf14cc33ea
"-74,10990152","4,707975307",8848,428A04,Portal de la 80,4,2,6,AC 80 - TV 94L,f5f0a4f4-eb99-4c78-a9ef-64893dcfbcf3
"-74,11176593","4,709790864",8849,016A04,Centro Comercial Portal de la 80,4,2,6,CL 80 - KR 99,28515b12-ba27-44ab-9f8e-6696fc7a7961
"-74,114223","4,712328195",8850,435A04,Br. Bochica,4,2,6,AC 80 - KR 102,23d29e42-a546-4610-875d-d2639f384228
"-74,11630057","4,71523259",8851,085A04,Br. Bolivia Occidental,4,2,6,AC 80 - KR 107,7a41e87c-9146-4e8f-aed1-f38f3f3e843b
"-74,11744739","4,716894612",8852,083A04,Br. Portal del mortiño,4,2,6,AC 80 - KR 109A,1a5486b4-0702-4426-963c-8f9ad1bd070d
"-74,1192811","4,719401627",8853,315A04,Br. Ciudadela Colsubsidio,4,2,6,AC 80 - KR 112A,f06473c8-2779-4c60-8b2b-92be9ae73044
"-74,12214439","4,723157278",8854,320A04,Br. El Cortijo,4,2,6,AC 80 - AK 114,aeceb87f-2903-4d00-b43c-700882b63642
"-74,12386531","4,725193444",8855,017A04,Gimnasio Moderno Montesoriano,4,2,6,AC 80 KR 116B,45626a33-8554-4229-a5f8-b4c70eac5374
"-74,07192632","4,610414113",8856,810A00,Estación San Diego,4,2,6,AK 10 - CL 23,6fc74fa7-300c-4389-b499-ffdf6fc8f7fa
"-74,07351903","4,607711834",8857,811A00,Br. La Alameda,4,2,6,AK 10 - AC 19,db2c742d-57b9-446d-bf0f-dd42395947a3
"-74,07457493","4,605926723",8858,812A00,Estación Las Nieves,4,2,6,AK 10 - CL 17,1cfd7c21-9ecd-49ce-9c66-9332d32b4035
"-74,07588265","4,603743968",8859,788A00,Br. La Capuchina,4,2,6,AK 10 - CL 15,cbbf2f7b-fba0-493c-83e2-b89bcaff56f8
"-74,07746319","4,601247646",8860,789A00,Estación San Victorino,4,2,6,AK 10 - CL 12,ab351747-9604-4e93-b152-6595175dd4b6
"-74,07912329","4,598704483",8861,790A00,Br. Santa Inés,4,2,6,AK 10 - CL 9,4898b1cb-3292-4055-9f4c-a23cbeea3260
"-74,08043101","4,596470826",8862,068A00,Pq. Tercer Milenio,4,2,6,AK 10 - CL 7,078ddf9c-4349-410e-97ea-c47509b8f42b
"-74,08356197","4,591708835",8863,813A00,Br. San Bernardino,4,2,6,AK 10 - CL 2,fcb1cfca-82f2-4fe7-9019-111e6b0b2cec
"-74,08534274","4,588923223",8864,444A12,Hospital San Juan de Dios,4,2,6,AK 10 - AC 1,422af85f-6942-4fa7-89f3-2de8f099cfd1
"-74,0873793","4,585856932",8865,445A12,Estación Policarpa,4,2,6,AK 10 - CL 4 Sur,463f7bfa-112c-4857-b4ae-2785700fb495
"-74,08900949","4,5836079",8866,446A12,Br. Ciudad Berna,4,2,6,AK 10 - CL 10 Sur,d74ad2de-7fa3-492a-82c8-109be75a12da
"-74,09048548","4,581678256",8867,449A12,Br. Luna Park,4,2,6,AK 10 - AC 11 Sur,571e8824-1602-44ac-a804-bbf2d9b8fd3a
"-74,09255009","4,578774557",8868,450A12,Br. Ciudad Jardín Sur,4,2,6,AK 10 - CL 17 Sur,30fbe7ea-0fc3-43c9-8b57-4d86e85f1839
"-74,09444143","4,576244449",8869,451A12,Br. Ciudad Jardín Sur,4,2,6,AK 10 - AV. 1 de Mayo,7f3d860b-b747-4c0e-95ff-c184875fec8a
"-74,09599325","4,57447075",8870,359A12,Br. Sociego Sur,4,2,6,AK 10 - CL 22 Sur,88fe5b31-978d-4c5b-9978-79f80c343420
"-74,09879284","4,571487574",8871,360A12,Estación Country Sur,4,2,6,AK 10 - CL 27A Sur,58145577-fcde-4773-818a-a82187394466
"-74,10067932","4,569242143",8872,065A12,Br. Sociego Sur,4,2,6,AK 10 - CL 31 Sur,99590591-e93c-4ae7-bdde-a91814bf97a1
"-74,10277234","4,566925619",8873,072A12,IED Enrique Olaya Herrera,4,2,6,AK 10 - CL 34 Sur,36a983ed-fb6a-4bde-a0cb-4b05531ccffe
"-74,101642","4,567632",8874,096A13,Br. Barcelona Sur,4,2,6,AK 10 - CL 34 Sur,11ec3978-7f2b-4b63-ab27-24e7bb1c30c6
"-74,100059","4,569527",8875,066A13,IED Enrique Olaya Herrera,4,2,6,AK 10 - CL 32 Sur,d0c819e3-406e-45d8-98d8-04e6e4d35804
"-74,09836611","4,571413057",8876,021A13,Br. 20 de Julio,4,2,6,AK 10 - CL 27A Sur,7ea07a76-bb1f-4fd9-812b-97400a08cdde
"-74,09534379","4,574704962",8877,020A13,Br. 20 de Julio,4,2,6,AK 10 - CL 21A Sur,f0c8d442-022f-461e-8e6a-3a3b6a941c4a
"-74,09220335","4,578727257",8878,528A13,Clínica América,4,2,6,AK 10 - CL 17 Sur,60513d93-d86c-459b-a508-d4f495f0ebe3
"-74,09017961","4,581486461",8879,529A13,Br. Nariño Sur,4,2,6,AK 10 - CL 13 Sur,1ad97b12-5c3e-4ea2-a9dc-b42c6aa9acb1
"-74,08837127","4,583963257",8880,524A13,Br. Nariño Sur,4,2,6,AK 10 - CL 8 Sur,5a49c0b5-f783-4ba5-9aae-f7b9af8493db
"-74,08671835","4,586299397",8881,525A13,Estación Policarpa,4,2,6,AK 10 - CL 2 Sur,5bc86ddf-c8b7-4b2e-acf8-f86b12385334
"-74,08509745","4,588743867",8882,526A13,Instituto Materno Infantil,4,2,6,AK 10 - AC 1,c1f29d24-b98e-4ac6-9ad7-f8d0f74bce54
"-74,08319951","4,591573716",8883,527A13,IED Antonio José Uribe,4,2,6,AK 10 - CL 2,66ae7878-13a3-4736-b90f-a23df61884ba
"-74,08177158","4,593816971",8884,676A00,Estación Bicentenario,4,2,6,AK 10 - CL 4,34ac350b-2c2a-4ac2-aad6-eccb6139681c
"-74,08020058","4,596351082",8885,784A00,Pq. Tercer Milenio,4,2,6,AK 10 - CL 7,4e2d06a4-5e60-4a6e-a96a-6f2e8fae6120
"-74,07875486","4,598560824",8886,785A00,Br. Centro Administrativo,4,2,6,AK 10 - CL 9,55620a13-5e82-42ff-a36c-3c4042073510
"-74,07693979","4,601465796",8887,786A00,Estación San Victorino,4,2,6,AK 10 - CL 12,60dfd2a6-2c93-4dcc-875f-28dbcbb67235
"-74,07563416","4,603590844",8888,787A00,Br. Veracruz,4,2,6,AK 10 - CL 15,bc985999-61e5-4268-a19b-daedf63e8af1
"-74,07409633","4,606224259",8889,809A00,Estación Las Nieves,4,2,6,AK 10 - CL 18,5b8e4d79-564a-4501-aea7-8ec9bb348df1
"-74,07274875","4,608532244",8890,761A00,Br. Las Nieves,4,2,6,AK 10 - CL 22,2706ac2f-80f0-4891-9de4-54687251b88a
"-74,0711151","4,611298517",8891,814A00,Estación San Diego,4,2,6,AK 10 - CL 24,aef5a657-105f-4a58-a1fc-77cf62fe154e
"-74,07009933","4,612902688",8892,674A00,Br. San Diego,4,2,6,AK 10 - AC 26,c7d8447f-e1ec-4322-a56f-2c562a9080dc
"-74,04438394","4,680861798",8893,218A00,Br. Chicó Norte II Sector,4,2,6,AK 11 - CL 97A,394e127a-50b5-486d-ba50-eb324aaa956a
"-74,04573597","4,678263989",8894,219A00,Br. Chicó Norte,4,2,6,AK 11 - CL 94A,87aaa651-4199-4bfe-92bf-5e90b520db04
"-74,0456878","4,678381095",8895,219B00,Br. Chicó Norte,4,2,6,AK 11 - CL 94,b71e2d73-b5c9-4bcf-8356-3e13a2f62c1a
"-74,04674593","4,676299475",8896,220A00,Parque de la 93,4,2,6,AK 11 - CL 93A,e89ca738-b7da-4163-afa4-323b6a7861a8
"-74,0465901","4,676597213",8897,220B00,Parque de la 93,4,2,6,AK 11 - CL 93A,94680139-a9b5-4c4a-9fbb-ea48954e38ec
"-74,04795714","4,673951358",8898,044A00,Embajada de Francia,4,2,6,AK 11 - CL 92,811961bd-08ad-49f5-9307-69d60496924d
"-74,04756178","4,67469627",8899,044B00,Embajada de Francia,4,2,6,AK 11 - CL 93,49520e4b-dcd3-4b61-985f-fa8557e88fda
"-74,04877785","4,672372685",8900,221A00,Br. Chicó Norte,4,2,6,AK 11 - CL 90,b58cec43-3614-4fcb-9c85-e49591e7a4f7
"-74,04859085","4,672724761",8901,221B00,Br. Chicó Norte,4,2,6,AK 11 - CL 90,de0061e5-d567-41bc-b3e1-780cca03a642
"-74,05007115","4,670048708",8902,222A00,Pquia. La Inmaculada Concepción,4,2,6,AK 11 - CL 87,2dc45f7b-5b80-4df4-95d2-022ecddae552
"-74,04932871","4,671321406",8903,222B00,Pquia. La Inmaculada Concepción,4,2,6,AK 11 - CL 88,7ab28055-6924-4e73-99d7-eef6fac77275
"-74,0518798","4,667417509",8904,045A00,Br. La Cabrera,4,2,6,AK 11 - AC 82,14bbe05a-fbbc-47f4-ba9f-a5ffe1908d26
"-74,05132681","4,668247394",8905,045B00,Br. La Cabrera,4,2,6,AK 11 - AC 85,8455117e-bd1a-4a4f-962b-f5da3afae7ab
"-74,05261481","4,66632305",8906,223A00,C.C. Andino,4,2,6,AK 11 - AC 82,b2dde6fa-e53f-4759-9d04-e862bc09be2c
"-74,05251859","4,666462478",8907,223B00,C.C. Andino,4,2,6,AK 11 - AC 82,cd7afa6a-ba60-426c-82eb-f5cacc2fa8db
"-74,05474716","4,663123545",8908,224A00,Br. Espartillal,4,2,6,AK 11 - CL 78,4c1bc5b9-c540-46dc-96a1-5d106d9fb421
"-74,05414878","4,664043156",8909,224B00,Br. Espartillal,4,2,6,AK 11 - CL 79,f71ef8e4-4829-4523-93ba-6b036c368993
"-74,05717735","4,65955548",8910,225A00,Br. Porciúncula,4,2,6,AK 11 - CL 74,d0c6a771-7200-4445-8ffb-221fe921eb55
"-74,05658","4,660478069",8911,225B00,Br. Porciúncula,4,2,6,AK 11 - CL 75,f32ffccf-dd43-4619-bd31-64c392771030
"-74,0583745","4,65787399",8912,226A00,U. Pedagógica Nacional,4,2,6,AK 11 - AC 72,8b22c8e7-c4df-4481-a02b-0369a05ac913
"-74,05828981","4,657963594",8913,226B00,U. Pedagógica Nacional,4,2,6,AK 11 - AC 72,9279a42c-10e4-4d91-9640-defb4ddb4189
"-74,05965892","4,65600036",8914,227A00,Clínica de Traumatología y Ortopedia,4,2,6,AK 11 - CL 70A,c606bed4-c4ac-415d-8d9c-ab17a77b73fa
"-74,05936165","4,656432121",8915,227B00,Clínica de Traumatología y Ortopedia,4,2,6,AK 11 - CL 71,c95e5d4b-273d-43e5-9473-3f3d73e62d4c
"-74,06072276","4,65437613",8916,228A00,Br. Quinta Camacho,4,2,6,AK 11 - CL 69,bdfb867d-40bd-43c1-a212-7dc4c5b2c1fd
"-74,06054409","4,654700955",8917,228B00,Br. Quinta Camacho,4,2,6,AK 11 - CL 69,a1522c40-1f19-4550-a4fc-506ea8bd5398
"-74,06135254","4,653047048",8918,229A00,Clínica del Niño,4,2,6,AK 11 - CL 67,f8b6d954-0ed7-4e3c-9ce3-084eca47a669
"-74,06125737","4,653283962",8919,229B00,Clínica del Niño,4,2,6,AK 11 - CL 67,ce4f8ee4-7381-4aa7-9082-5bb04b52e297
"-74,0620446","4,651562076",8920,047A00,Clínica del niño,4,2,6,AK 11 - CL 65,5a314474-3040-43d1-96d3-8a50f9d3074f
"-74,06330057","4,651240782",8921,230A00,Centro Cosmos 64,4,2,6,AK 13 - CL 64,d472c936-f6c7-484d-946a-5c8e3ac11a69
"-74,06325917","4,651484733",8922,230B00,Centro Cosmos 64,4,2,6,AK 13 - CL 64,a32bfd75-7daa-4449-a339-ee5372fe80ed
"-74,06351261","4,650048816",8923,231A00,Pq. Lourdes,4,2,6,AK 13 - CL 63A,b0da996f-41d7-4e50-be5a-a16bc0b6406f
"-74,06347651","4,650246912",8924,231B00,Pq. Lourdes,4,2,6,AK 13 - CL 63A,10a678ee-e83b-4b1b-b251-4162958590a2
"-74,06395061","4,647470624",8925,232A00,Cuerpo Oficial de Bomberos de Bogotá,4,2,6,AK 13 - CL 60 Bis,2d492288-1240-4a1a-87ff-316480dc63c8
"-74,06379676","4,648171475",8926,232B00,Cuerpo Oficial de Bomberos de Bogotá,4,2,6,AK 13 - CL 61,7a1b9233-581a-4d35-8a71-1dcf35d4e25c
"-74,06377917","4,648451484",8927,232C00,Cuerpo Oficial de Bomberos de Bogotá,4,2,6,AK 13 - CL 61,33d62895-4258-4743-8373-342a5a21cc49
"-74,06446247","4,644222295",8928,098A00,Br. Chapinero Central,4,2,6,AK 13 - CL 57,2de38f45-706e-49ff-b93e-0d425c0dcdc8
"-74,06439105","4,644765674",8929,098B00,Br. Chapinero Central,4,2,6,AK 13 - CL 58,a6eb8305-9346-4843-92f6-feb0ee8808a1
"-74,06432434","4,645118161",8930,098C00,Br. Chapinero Central,4,2,6,AK 13 - CL 58,e3ba2ea4-f010-414d-a1cf-18ffd3ac4449
"-74,0649133","4,641566648",8931,233A00,Tecnoparque SENA,4,2,6,AK 13 - CL 54,86190e0d-5e33-454e-b074-8418106b2d1f
"-74,06486698","4,641857753",8932,233B00,Tecnoparque SENA,4,2,6,AK 13 - CL 54,225ce7e5-0526-4202-9d21-290ccc90acb7
"-74,06482083","4,642095068",8933,233C00,Tecnoparque SENA,4,2,6,AK 13 - CL 54,bb61a648-e6af-4edc-bc28-f0f3e352d042
"-74,06560539","4,637421494",8934,198A00,Fundación Oftalmológica Nacional,4,2,6,AK 13 - CL 50,5f5b34c0-8151-4e9e-8f65-db16a37e28ee
"-74,06553148","4,637874624",8935,198B00,Fundación Oftalmológica Nacional,4,2,6,AK 13 - CL 50 A,5aa894a6-e301-431c-8bcf-f64778169396
"-74,06540322","4,638664198",8936,198C00,Fundación Oftalmológica Nacional,4,2,6,AK 13 - CL 51,ace725e4-498d-4711-af11-0122c3754980
"-74,06626834","4,633434838",8937,234A00,Universidad Piloto,4,2,6,AK 13 - CL 46,ea7b2bf0-41a6-4f48-9d13-61da58cf5122
"-74,06623429","4,633700854",8938,234B00,Universidad Piloto,4,2,6,AK 13 - CL 46,35a9fc9e-d515-41fa-a0a9-66877f289b58
"-74,06619171","4,633988414",8939,234C00,Universidad Piloto,4,2,6,AK 13 - CL 46,b399b3f6-cdad-48ad-93cf-b21bead7b1c5
"-74,06679001","4,630504428",8940,235A00,Universidad La Gran Colombia,4,2,6,AK 13 - CL 42A,365f1e3e-e699-48bc-b12d-f3d13b9c4dbc
"-74,06657555","4,631761809",8941,235B00,Universidad La Gran Colombia,4,2,6,AK 13 - CL 44,d9db3e21-9641-4b68-9db5-61b9b09e8365
"-74,06725283","4,627652306",8942,236A00,Br. Sucre,4,2,6,AK 13 - CL 40,47cb6a09-e56d-48ca-b277-b2fc4e1ca21e
"-74,06713362","4,628278765",8943,236B00,Br. Sucre,4,2,6,AK 13 - CL 39,e5b2c7d1-1398-4ca6-a6e8-ebdb204e65d3
"-74,06746755","4,626300552",8944,237A00,RCN Radio,4,2,6,AK 13 - CL 38,b711513f-6af7-4c26-8f30-a8b67a451766
"-74,06743423","4,626618739",8945,237B00,RCN Radio,4,2,6,AK 13 - CL 38,85043b76-3894-4265-8164-048d524eb9a4
"-74,06813778","4,622316244",8946,191A00,FECODE,4,2,6,AK 13 - CL 34,68a08d13-1355-4609-ba3d-814d3ef62f39
"-74,06807683","4,622611707",8947,191B00,FECODE,4,2,6,AK 13 - CL 34,158d1563-c6a1-4e8a-84e8-ed7ef2101b26
"-74,06877929","4,618513128",8948,238A00,Br. San Martín,4,2,6,AK 13 - CL 31,aba08285-1256-4bef-9e68-5b125ad75786
"-74,06874029","4,618813535",8949,238B00,Br. San Martín,4,2,6,AK 13 - CL 31,b23fce6d-4d76-4974-a41b-d400cf8376ab
"-74,0691386","4,616664909",8950,239A00,Pq. Central Bavaria,4,2,6,AK 13 - CL 29,ac811075-72b1-498d-a801-0e4112329691
"-74,06909398","4,616808809",8951,239B00,Pq. Central Bavaria,4,2,6,AK 13 - CL 29,d0f2651b-cf1c-42c7-9e7b-adec0c084a70
"-74,07082923","4,614674479",8952,240A00,Edificio Bavaria,4,2,6,AK 13 - CL 27,b341fa3b-9faa-4241-ba9d-b65576683940
"-74,07068126","4,61485388",8953,240B00,Edificio Bavaria,4,2,6,AK 13 - CL 27,456e1e54-4dcb-4906-bbfe-5ee3d608ab40
"-74,04286615","4,704715536",8954,504A01,Br. La Calleja,4,2,6,AK 15 - AC 127,01c76b04-a694-4b0a-a9e6-e5f80fc80f79
"-74,04299588","4,702660359",8955,301A01,C.C. Unicentro,4,2,6,AK 15 - CL 124,333960f6-007e-4388-adf6-8ab1a8595b82
"-74,04296653","4,703043474",8956,301B01,C.C. Unicentro,4,2,6,AK 15 - CL 124,80a202d2-ed28-4241-bf06-7a11fa15831d
"-74,04305366","4,701173162",8957,300A01,Calle 122,4,2,6,AK 15 - CL 122,202d4317-9f9b-4ead-85a6-3643c8605739
"-74,04303341","4,701730701",8958,300B01,Calle 122,4,2,6,AK 15 - CL 122,731aa7b9-82b9-470c-a210-b1d951bd6e9e
"-74,04315997","4,699377134",8959,299A01,Pquia. Santa Beatriz,4,2,6,AK 15 - CL 119,f4ae3d49-8d5b-4812-95a6-1785c0ac7a9f
"-74,04314868","4,699467122",8960,299B01,Pquia. Santa Beatriz,4,2,6,AK 15 - CL 119,2f50b0a0-82f6-4b83-bd08-1d273255e899
"-74,04328598","4,696922287",8961,298A01,Avenida Calle 116,4,2,6,AK 15 - AC 116,f49ec415-2cbc-4beb-8be0-2bfa11490caf
"-74,04327768","4,697092515",8962,298B01,Avenida Calle 116,4,2,6,AK 15 - AC 116,321cf5ee-a2c7-4222-bf2c-57bab2ab5a19
"-74,04355828","4,695143048",8963,297A01,Calle 112,4,2,6,AK 15 - CL 112,bb04287c-61f1-4c0a-bced-1797d7bfd6ec
"-74,04337675","4,695724221",8964,297B01,Calle 112,4,2,6,AK 15 - CL 114A,8cf2b9a3-972a-430e-b79b-a1b88dc3cadb
"-74,04441154","4,693452126",8965,296A01,Calle 110,4,2,6,AK 15 - CL 110,05f69ffe-56d9-4b1c-9a15-486f579a7fd9
"-74,04456298","4,693156931",8966,296B01,Calle 110,4,2,6,AK 15 - CL 109,68ed3754-52fd-428a-8faa-7f093a6f246b
"-74,04645652","4,689918626",8967,295A01,Br. Santa Bibiana,4,2,6,AK 15 - CL 105A,9871e03a-09e0-4d60-863e-bc7840d4037e
"-74,04637795","4,690022568",8968,295B01,Br. Santa Bibiana,4,2,6,AK 15 - CL 105,3663c060-f597-4799-9128-b5f36f458d68
"-74,04797598","4,68638376",8969,294A01,Avenida Calle 100,4,2,6,AK 15 - AC 100,a3fff770-d651-496a-ab9d-261ed4f1b14f
"-74,04795206","4,686504512",8970,294B01,Avenida Calle 100,4,2,6,AK 15 - AC 100,a670197e-bbf6-4f30-a992-de3b6abb0945
"-74,06110878","4,659806102",8971,299A00,Br. Porciúncula,4,2,6,AK 15 - 72-9,ed5805d5-e3f6-4828-92d7-5c2508a26f00
"-74,05993285","4,661515963",8972,300A00,U. Sergio Arboleda,4,2,6,AK 15 - CL 75,5274b50f-535c-4cd0-b03f-2d02a9dd8021
"-74,059317","4,662441398",8973,301A00,Br. Porciúncula,4,2,6,AK 15 - CL 76,5bf47476-7320-4ac2-a27c-e290e5bdfca9
"-74,05800516","4,664693967",8974,302A00,C.C. Unilago,4,2,6,AK 15 - CL 79,c2f01796-5eeb-47da-a9d0-2969663842ac
"-74,05813849","4,664493991",8975,302B00,C.C. Unilago,4,2,6,AK 15 - CL 77,d0d5354d-b363-4729-a040-58e41b0bdab8
"-74,05729323","4,666006016",8976,303A00,C.C. Atlantis Plaza,4,2,6,AK 15 - CL 80,52a37d04-81d4-473b-b04e-5fb25be341bf
"-74,05741963","4,665799666",8977,303B00,C.C. Atlantis Plaza,4,2,6,AK 15 - CL 79,1348389a-18e1-4118-8bd9-f4cdae5ce560
"-74,05566","4,669148744",8978,304A00,Clínica del Country,4,2,6,AK 15 - CL 84 Bis,b284d64f-29a4-4c14-b74b-4c91861feecf
"-74,05574255","4,668943229",8979,304B00,Clínica del Country,4,2,6,AK 15 - CL 83,46165b70-b165-42bd-8f6e-35ebd941b794
"-74,05490824","4,670717632",8980,305A00,C.C. Artelana,4,2,6,AK 15 - CL 86A,2ef2b37e-2b54-42a2-b232-b9feba1164f9
"-74,05503665","4,670411844",8981,305B00,C.C. Artelana,4,2,6,AK 15 - CL 85,80a6674c-91b2-4786-90b9-194a5c399f87
"-74,05409121","4,672434036",8982,306A00,Pq. El Virrey,4,2,6,AK 15 - CL 87,7c8bb5a3-f828-4871-9da4-67998640470b
"-74,0541335","4,672308207",8983,306B00,Pq. El Virrey,4,2,6,AK 15 - CL 87,6dd2c057-c79c-4d1c-b1a3-08895ed136e4
"-74,05337304","4,673780076",8984,307A00,CADE Chicó,4,2,6,AK 15 - CL 90,deeb93bc-32b6-4056-820b-e0152e077031
"-74,05341004","4,673716275",8985,307B00,CADE Chicó,4,2,6,AK 15 - CL 90,e630b757-5167-416d-abb8-f982b095edce
"-74,05266878","4,675239757",8986,308A00,C.C. La Plazuela,4,2,6,AK 15 - CL 91,f94fbaf1-dc53-4055-ba22-585624b9cede
"-74,05289945","4,674779023",8987,308B00,C.C. La Plazuela,4,2,6,AK 15 - CL 90,9934c3ea-11ff-4618-ae4e-86575e7fc8d7
"-74,05112473","4,678223346",8988,310A00,Cámara de Comercio Sede Norte,4,2,6,AK 15 - CL 93A,c101810b-64e3-457e-ab3e-4e2e3ba58948
"-74,05154908","4,677417942",8989,310B00,Cámara de Comercio Sede Norte,4,2,6,AK 15 - CL 93,f41a9162-e448-4a7d-af79-d50fd8ef151a
"-74,04951025","4,681313997",8990,311B00,Br. Chicó Norte II Sector,4,2,6,AK 15 - CL 95,b5cd643f-ced3-4128-a5a1-48fcb090a073
"-74,04939251","4,681578375",8991,311A00,Br. Chicó Norte II Sector,4,2,6,AK 15 - CL 95,04b4666b-bdac-461f-a2af-7c492a3c2f41
"-74,04903492","4,682259092",8992,312B00,Br. Chicó Norte II Sector,4,2,6,AK 15 - CL 97,902f59a0-4c52-4457-a633-c17a7912ded0
"-74,04892423","4,68245358",8993,312A00,Br. Chicó Norte II Sector,4,2,6,AK 15 - CL 97,f0c1b075-731f-47ae-910b-c56d75e06f6a
"-74,04850788","4,683283688",8994,094B00,Centro de Negocios Chicó Plaza,4,2,6,AK 15 - CL 98,5f987248-0f22-42ed-af02-c2ae29533b05
"-74,04838077","4,683708007",8995,094A00,Centro de Negocios Chicó Plaza,4,2,6,AK 15 - CL 98,e5ca8c28-fdf5-4683-a3a6-0495ec048ca5
"-74,04759972","4,686862502",8996,277A01,Br. Rincón del Chicó,4,2,6,AK 15 - CL 101,bbbb6239-6ac1-42fc-8bd0-85fc633db95d
"-74,04772318","4,686352285",8997,277B01,Br. Rincón del Chicó,4,2,6,AK 15 - CL 101,37911bab-9289-483f-a205-270ba2cfa667
"-74,04598108","4,690147299",8998,278A01,Avenida Calle 106,4,2,6,AK 15 - CL 105A,4b8178f9-0459-4dd8-93b3-93afe5838067
"-74,04606244","4,690023641",8999,278B01,Avenida Calle 106,4,2,6,AK 15 - CL 105A,63b78134-8a8e-476e-ab03-c766f4d53abe
"-74,04499231","4,691879737",9000,279A01,Br. Molinos Norte,4,2,6,AK 15 - CL 106,83d7c6ec-310e-48cc-ae3d-5d58d488406e
"-74,04503144","4,691782664",9001,279B01,Br. Molinos Norte,4,2,6,AK 15 - CL 106,d035295b-2490-444e-9a99-9e7744bb6620
"-74,04331882","4,695060542",9002,280A01,Calle 112,4,2,6,AK 15 - CL 112,c0a18dc3-2a0b-4059-9e40-0b0f23a4086d
"-74,0432632","4,695169004",9003,280B01,Calle 112,4,2,6,AK 15 - CL 112,9714e53d-4efa-43df-a433-47def5e31994
"-74,04296548","4,698227111",9004,281A01,Calle 119,4,2,6,AK 15 - CL 118A,86a8022f-231b-4f1a-943f-5f6d5f9fc642
"-74,04297609","4,698084907",9005,281B01,Calle 119,4,2,6,AK 15 - CL 118A,346adcbb-776e-4979-a8a8-de68b909557b
"-74,04276728","4,701598783",9006,018A01,Br. Santa Bárbara Central,4,2,6,AK 15 - CL 122,2c997d25-c4bc-4351-a352-b0b5747bfc12
"-74,04275844","4,701842287",9007,018B01,Br. Santa Bárbara Central,4,2,6,AK 15 - CL 122,5733e30a-37e8-4261-9b2c-4034742dfec2
"-74,04269169","4,703163757",9008,119A01,C.C. Unicentro,4,2,6,AK 15 - CL 124,8f06e05e-a7e8-4955-894c-646a16290fde
"-74,04267513","4,703441789",9009,119B01,C.C. Unicentro,4,2,6,AK 15 - CL 124,fea9600f-ab54-47bb-bb3d-eba3cfa1543e
"-74,07206114","4,623993084",9010,347A00,Br. Teusaquillo,4,2,6,KR 17 - AC 34,0fb462e4-b407-4a58-b487-f03177578b61
"-74,0721033","4,623779182",9011,347B00,Br. Teusaquillo,4,2,6,KR 17 - CL 34,e81e0689-31e4-40da-a1e0-6f3284aa9443
"-74,07274018","4,627031904",9012,147A00,Br. La Magdalena,4,2,6,KR 17 - CL 37,e4cfbeac-559f-45d5-bdfd-c3ee0838d8b5
"-74,07265025","4,626681326",9013,147B00,Br. La Magdalena,4,2,6,TV 18A Bis - CL 37,9280f4a9-6bde-4801-9ce2-fd7d45951392
"-74,07257528","4,629413557",9014,351A00,Urb. La Magdalena (Alcaldía Local de Teusaquillo),4,2,6,AK 19 - CL 39B,5203590e-05a8-4f34-8a7e-0c2d3712aa46
"-74,07266416","4,628965243",9015,351B00,Alcaldía Local de Teusaquillo,4,2,6,KR 19 - CL 39A,751d8eaa-89bc-404d-880b-c1f4f40f3d8a
"-74,07235825","4,630632102",9016,143A00,Canal Arzobispo,4,2,6,AK 19 - DG 40A,c8130232-0bac-4fcb-a8e3-1dcc06f6c13e
"-74,07216111","4,631535164",9017,143B00,Canal Arzobispo,4,2,6,KR 17 - CL 40,b929138b-cdb2-44b9-9edf-73583182cdc4
"-74,07174086","4,633770807",9018,145A00,Br. Palermo,4,2,6,AK 19 - CL 44,94a7f20d-669c-4721-8b39-57c54ce64ac2
"-74,07191608","4,6329375",9019,145B00,Br. Palermo,4,2,6,KR 17 - CL 44,901d2189-7c26-4290-a74b-676c588dedce
"-74,0705991","4,635268405",9020,352A00,Centro de Altos Estudios Sabio Caldas (Parque Gernika),4,2,6,TV 17 - DG 46A,b3f542f3-d899-4959-8344-800f7c86af68
"-74,07089947","4,634938599",9021,352B00,Parque Gernika,4,2,6,TV 17 - CL 45F,1e89cdf4-c53a-497a-bd71-c6a5dad33cfe
"-74,0696552","4,638670847",9022,103A00,Calle 51 (Br. Quesada),4,2,6,KR 17 - CL 51,d0e2fdb2-d43f-41e9-be07-913d6c503a71
"-74,06973348","4,638265212",9023,103B00,Br. Quesada,4,2,6,KR 17 - CL 50,77145b97-af33-48f0-8487-e5c5f4906507
"-74,06888392","4,643098524",9024,353A00,Clínica Eusalud (Br. Chapinero Occidental),4,2,6,KR 17 - CL 54A,ab36843d-f50c-4b22-abaa-7fe01b82ffd4
"-74,06897668","4,642541931",9025,353B00,Br. Chapinero Occidental,4,2,6,KR 17 - CL 54,190c02db-c465-47c2-ba59-d71997197af2
"-74,0684277","4,645568127",9026,102A00,Calle 58B (Iglesia Divino Salvador),4,2,6,KR 17 - CL 58B,5c3c136e-a77f-425c-98b4-3780f97ad2d0
"-74,06850264","4,645058616",9027,102B00,Iglesia Divino Salvador,4,2,6,KR 17 - CL 57,673a0007-516d-408e-8e6b-9b2916c38f02
"-74,06772418","4,649350517",9028,354A00,Centro Johannes Kepler,4,2,6,KR 17 - CL 61A,f7821bcc-a17b-4f25-b788-9a8e461db0af
"-74,06767585","4,649649642",9029,354B00,Centro Johann Kepler,4,2,6,KR 17 - CL 61,8263d898-4777-455d-befe-04ea7430067b
"-74,06780944","4,648859371",9030,354C00,Centro Johann Kepler,4,2,6,KR 17 - CL 61,f7866698-aff9-4511-8aca-fa187ee4cbbf
"-74,06743199","4,650875518",9031,101A00,Br. La Esperanza,4,2,6,KR 17 - CL 63C,1c902f5c-e8d4-44c6-9f7e-ec7c6bb8531f
"-74,06734264","4,651426536",9032,101B00,Br. La Esperanza,4,2,6,KR 17 - CL 63,63017b43-b175-403b-8dde-5cc3041aea22
"-74,06693567","4,653704234",9033,193A00,Br. La Esperanza,4,2,6,KR 17 - CL 66,5f9c6a2b-e286-4beb-84f0-f38108bfb8a5
"-74,06699197","4,653280718",9034,193B00,Br. La Esperanza,4,2,6,KR 17 - CL 64,11efe991-bc09-45a9-b378-a06c82c2faa9
"-74,06543139","4,656700453",9035,355A00,Br. Concepción Norte,4,2,6,KR 17 - AC 68,5877530c-2be9-4123-8218-20267a8198c3
"-74,06582567","4,65606417",9036,355B00,Br. Concepción Norte,4,2,6,KR 17 - CL 67,d5d3e803-0760-429e-90f9-35ff129daca8
"-74,06375392","4,659398526",9037,100A00,Br. Concepción Norte,4,2,6,KR 17 - AC 72,fe69a9d1-a8c4-4a03-9419-109b8bd7a4d4
"-74,06344761","4,659881122",9038,100B00,Br. Concepción Norte,4,2,6,KR 17 - CL 71,a91e77be-2bb9-4cdc-b1c9-a34114cb23f8
"-74,06245181","4,661508141",9039,099A00,Br. San Felipe,4,2,6,KR 20A - CL 74,05cef636-3b7c-48c0-8b57-133360b65111
"-74,04327185","4,739416541",9040,309A01,Br. Estrella del Norte,4,2,6,AK 19 - CL 160,f455b138-cdfd-4a4f-af28-dbc30f020eec
"-74,04367008","4,737692159",9041,308A01,Pquía. Santa María Magdalena,4,2,6,AK 19 - CL 154,9b6eb906-d7c8-44b8-89bb-3627c698b9ca
"-74,04446627","4,73426497",9042,307A01,Pq. Público Las Margaritas,4,2,6,AK 19 - CL 152,b8b2fc2d-f92a-4219-bfb7-6d6d2b658191
"-74,04495022","4,732174825",9043,117A01,Calle 150,4,2,6,AK 19 - CL 150,f1fdd7a6-7199-4e7d-b156-c4ba2ea35738
"-74,04523465","4,730914058",9044,306A01,Calle 148,4,2,6,AK 19 - CL148,583145ff-1468-480e-b180-52f6c1bc42b3
"-74,04586007","4,727229762",9045,305A01,Br. Los Cedros,4,2,6,AK 19 - CL 145,01882c77-0616-4784-9777-c40bbd33d991
"-74,04622501","4,724605549",9046,116A01,Calle 142,4,2,6,AK 19 - CL 142,5a8d5bb1-f9d6-4897-bbb1-8388e6cd8edd
"-74,04674627","4,721194716",9047,304A01,CAI Contador,4,2,6,AK 19 - CL 137,bf321b80-6162-44ff-afc8-33275a415775
"-74,0471368","4,718552152",9048,303A01,Avenida Calle 134,4,2,6,AK 19 - AC 134,5b00963b-dab7-43c7-a3b1-fcc46bcaadf9
"-74,04770076","4,71518002",9049,616A01,Colegio Siervas de San José,4,2,6,AK 19 - AC 131,140b3196-9d96-427f-a569-d48255ae5826
"-74,04814225","4,712328315",9050,302A01,Br. La Calleja,4,2,6,AK 19 - CL 128B,2704bdd0-bf51-4a3a-98af-1f84f640e05d
"-74,04867211","4,708070826",9051,031A01,Calle 127A,4,2,6,AK 19 - CL 127A,9e83e95c-8fc9-4aa9-9006-88c8db3ff8df
"-74,04916781","4,704101913",9052,288A01,Avenida Calle 127,4,2,6,AK 19 - CL 126,67ffffd7-c329-4d22-b98d-72addd4341cc
"-74,04972878","4,700692879",9053,289A01,Br. Santa Bárbara Occidental,4,2,6,AK 19 - CL 118,93860b67-dd6e-47c6-9afd-6397a9580027
"-74,05026104","4,697474455",9054,290A01,Avenida Calle 116,4,2,6,AK 19 - CL 114,f520615d-d75b-441f-b8d0-62d1454b7431
"-74,05083624","4,694192319",9055,291A01,Br. San Patricio,4,2,6,AK 19 - CL 106A,818c64e2-a2ee-4a3d-a9d7-8303c98351c7
"-74,05123881","4,691720544",9056,292A01,Br. Santa Bibiana,4,2,6,AK 19 - CL 104,a107289c-ab0a-47b7-91f9-c01bf203c613
"-74,05205653","4,686841747",9057,293A01,AC 100,4,2,6,AK 19 - AC 100,8082d3c7-5b0c-4413-abe6-c6dda2f5d3ce
"-74,05245739","4,684449321",9058,292A00,Br. Chicó Norte III Sector,4,2,6,AK 19 - CL 97,c7062ca6-0836-4dd0-a651-87057a01a029
"-74,052275","4,683816104",9059,293A00,Br. Chicó Norte III Sector,4,2,6,AK 19 - CL 95,83957f97-7f5a-496e-8a1d-f832e6437e11
"-74,051808","4,686767666",9060,315A01,Br. Santa Bibiana,4,2,6,AK 19 - AC 100,ae5092e0-12a7-4210-96b7-7a3aca135082
"-74,0509795","4,691731566",9061,314A01,Pq. Navarra,4,2,6,AK 19 - CL 105,d53f079e-da9d-41d1-94f5-032c50972d44
"-74,05054444","4,694435123",9062,313A01,Br. San Patricio,4,2,6,AK 19 - CL 108,14300beb-fe6c-42b4-adc5-64d35393b831
"-74,05010214","4,696976877",9063,312A01,Pq. Canal Molinos,4,2,6,AK 19 - CL 114,164b9bc7-c326-4849-864d-9270fe192203
"-74,04944911","4,700824878",9064,311A01,Br. Santa Bárbara Occidental,4,2,6,AK 19 - CL 120,e7e42cbf-61e7-4287-bba4-98aaf8c2d08e
"-74,0489177","4,704054964",9065,310A01,Avenida Calle 127,4,2,6,AK 19 - CL 123,46b07f87-7caf-4990-afc4-ae812791232c
"-74,0483791","4,707672376",9066,032A01,Club El Country,4,2,6,AK 19 - CL 127A,95b2644a-8071-4b94-b498-1941deb01d8d
"-74,04767144","4,713002506",9067,030A01,Club El Country,4,2,6,AK 19 - CL 128B,0aa76abc-04a5-40c7-9b5d-a299ee794efd
"-74,04708162","4,716899955",9068,029A01,Avenida Calle 134,4,2,6,AK 19 - AC 134,88a5e9d6-e80d-4fd2-902b-28d1ff13af77
"-74,04667914","4,719904605",9069,282A01,Br. El Contador,4,2,6,AK19 - CL 135,2386e4cb-d0ba-4329-a6b0-55b83a81e12d
"-74,04632503","4,722292339",9070,283A01,Calle 140,4,2,6,AK 19 - CL 138,823de774-0b70-4b6d-b624-04b58a133511
"-74,04554867","4,727458108",9071,284A01,Br. Los Cerros,4,2,6,AK 19 - CL 145,696fe00c-30a8-45af-8d6d-a38d4b97577f
"-74,04529932","4,72915909",9072,058A01,Avenida Calle 147,4,2,6,AK 19 - AC 147,504dd753-27ed-411c-92da-7087ebe3c381
"-74,04473198","4,732019824",9073,285A01,Br. Las Margaritas,4,2,6,AK 19 - CL 150,b2f45f37-3a07-4b7a-974b-ab15161f6145
"-74,04424957","4,734036888",9074,286A01,Pq. Público Las Margaritas,4,2,6,AK 19 - CL 151,7cae7e43-2dc9-492c-bd2f-4fa9989b0990
"-74,04331743","4,738070245",9075,287A01,Br. Estrella del Norte,4,2,6,AK 19 - CL 154,32dd4614-607f-4df7-8702-b3978ea5a501
"-74,0429362","4,739799009",9076,545A01,Br. Estrella del Norte,4,2,6,AK 19 - CL 160,1bd9cfea-41d7-4d08-bd87-6c0d5ceed59b
"-74,06265673","4,675287704",9077,592A00,CAI Polo Club,4,2,6,AK 24 - CL 86A,e63a2a2c-6cfb-4412-ba1e-15d40eaf6b71
"-74,0631806","4,671845761",9078,590A00,Br. Polo Club,4,2,6,AK 24 - CL 83,75f58033-7871-414f-8bbd-c506e2d78e7b
"-74,064549","4,667185",9079,331A00,Br. Juan XXIII,4,2,6,AK 24 - CL 77,fe337ff1-c0ba-4e35-b1d3-772f3c9a9bcf
"-74,06569448","4,665515399",9080,332A00,Br. La Aurora,4,2,6,AK 24 - CL 74A,3e5ad8e8-bd19-4817-90c2-ac5224bfcbcc
"-74,0668387","4,663676815",9081,335A00,Br. Alcázares Norte,4,2,6,AK 24 - AC 72,b9e883e2-41ea-4592-bb02-f23a03698114
"-74,06798295","4,661883991",9082,393A00,CAI Alcázares,4,2,6,AK 24 - CL 71,fd9af53f-caa4-40a8-9152-4fbf33b5f088
"-74,06930542","4,659777674",9083,336A00,Los Alcázares,4,2,6,AK 24 - AC 68,e1f043ce-8bce-4cb6-880a-8df5f46cccb2
"-74,07042803","4,657982631",9084,020A00,Siete de Agosto,4,2,6,AK 24 - CL 66,c2aebfd0-a74c-4944-9dde-568ddcc94dc9
"-74,07195605","4,65453453",9085,337A00,Quinta Mutis,4,2,6,AK 24 - CL 63C,42a19d5b-725d-4c4d-a74f-c96e007e9dae
"-74,07235648","4,652300976",9086,339A00,Quinta Mutis,4,2,6,AK 24 - CL 63A,50e9b8a4-56c5-4cf8-87cb-20c28b2b13e3
"-74,07298868","4,649208997",9087,170A00,El Campín,4,2,6,AK 24 - DG 61D Bis,4e88723d-05b0-4841-b61f-af89485a7c2d
"-74,07622208","4,645404728",9088,271A00,Estadio Nemesio Camacho el Campín,4,2,6,AK 24 - CL 53B,42e00e36-ade9-4229-b862-4cbf00aff729
"-74,07611692","4,644998079",9089,272A00,Br. Galerías,4,2,6,TV 24 - CL 53B,3869b4ba-5a21-4fb8-b0e4-f5929a63b438
"-74,07261316","4,649693532",9090,341A00,San Luis  CL 61F,4,2,6,AK 24 - CL 61F,45ca3816-30ce-4597-8c1f-81e92568fcdc
"-74,07222474","4,651822902",9091,340A00,Muequetá,4,2,6,AK 24 - AC 63,e8f61978-6939-4be8-bbee-e00acd591f52
"-74,07179358","4,65423409",9092,338A00,Muequetá,4,2,6,AK 24 - CL 63C,d9132ef4-03b9-47d0-8137-107b8f2053ba
"-74,07088884","4,656972506",9093,021A00,Pl. 7 de Agosto,4,2,6,AK 24 - CL 66,1a796d25-c7df-4bd9-8b11-f8c4ab01c02a
"-74,0698051","4,658607961",9094,117A00,C.C. Las Rampas,4,2,6,AK 24 - CL 67,8b889c1a-b17c-491e-8818-a58c408308ab
"-74,06739429","4,662366304",9095,399A00,Br. Colombia,4,2,6,AK 24 - AC 72,ee3264f8-12de-46af-9d03-415b77907e33
"-74,06781804","4,661736308",9096,399B00,Colombia,4,2,6,AK 24 - AC 72,c7c6ba04-70db-4ebb-83dd-7148cb5856ae
"-74,06553374","4,665368",9097,333A00,Br. San Felipe,4,2,6,AK 24 - CL 74A,41d1769a-a228-4c31-a005-81ea952783eb
"-74,063871","4,667838",9098,118A00,Br. Juan XXIII,4,2,6,AK 24 - CL 77,40317e04-c638-41cd-9c5d-27af58aadc84
"-74,06309002","4,670839979",9099,591A00,Br. Polo Club,4,2,6,AK 24 - CL 82,6d04c04f-239c-4448-b9d4-491d01e96ef3
"-74,06247846","4,67498824",9100,593A00,Br. Polo Club,4,2,6,AK 24 - CL 86A,962dbe29-6f17-4041-8017-803134e8aa07
"-74,10666397","4,584463175",9101,424A11,IED Antonio Baraya,4,2,6,AK 24 - CL 23 Sur,620dc534-6877-4b90-add2-33b46e48e002
"-74,10937613","4,584366709",9102,018A11,Br. Centenario,4,2,6,AK 24 - CL 27 Sur,8a17a0e2-e2e3-4593-8dfb-88e7c05fa3ae
"-74,11381087","4,583363484",9103,016A10,Br. Libertador,4,2,6,AK 24 - CL 31B Sur,07eafa50-f10e-4510-b29e-ae803ba913a3
"-74,11673552","4,582366482",9104,052A10,Br. Murillo Toro,4,2,6,AK 24 - CL 32A Sur,63a5d5a2-c4db-43c0-9e11-c8c9cabba330
"-74,11839706","4,581799123",9105,017A10,Br. Murillo Toro,4,2,6,AK 24 - AC 36 Sur,757cfb79-8d8d-4bae-adc5-8d5ef2aa187d
"-74,1209098","4,580941138",9106,018A10,Urb. Quiroga IX Etapa,4,2,6,AK 24 - CL 40 Sur,e8a4c87c-65fa-4370-ae04-494674f906f5
"-74,1236212","4,579998894",9107,019A10,Br. Inglés,4,2,6,AK 24 - CL 42 Sur,e0d46c28-8033-4e66-ba04-00efef751742
"-74,12414006","4,579859863",9108,019B10,Br. Inglés,4,2,6,AK 24 - CL 42 Sur,1387568f-d6ab-403c-8661-0fe54b670f08
"-74,12715223","4,578978717",9109,020A10,Br. Santa Lucía,4,2,6,AK 24 - CL 46 Sur,4d3f945f-42f7-400e-bc71-6cccf8039cb5
"-74,12868599","4,578487023",9110,419A11,IED Rafael Uribe Uribe Sede A,4,2,6,AK 24 - CL 47A Sur,9822c56b-ac1c-4e04-bbc8-a9788e8889ff
"-74,13013622","4,577094336",9111,122A11,C.C. Ciudad Tunal,4,2,6,AK 24A - CL 48B Sur,8a9ff423-cef1-4720-a207-bd9be3dee970
"-74,13417951","4,57542449",9112,025A11,Br. Tunal Oriental,4,2,6,AK 24 - CL 52 Sur,60f1b614-6bab-427c-b57d-75a95b8ca54f
"-74,13760471","4,574043234",9113,027A11,Br. El Tunal,4,2,6,AK 24 - AV. Boyacá,95590122-8381-491a-8e8d-96400e06a274
"-74,13747379","4,573880768",9114,028A11,Pq. El Tunal,4,2,6,AK 24 - AV. Boyacá,957ace24-1b64-4c44-ac8a-c2c227b43bed
"-74,13354395","4,575446974",9115,026A11,INEM Tunal,4,2,6,AK 24 - CL 52 Sur,c4883dee-62f8-4d53-a689-aec90cf78d9d
"-74,13003093","4,576920496",9116,121A11,CAI Tunal,4,2,6,AK 24A - CL 48 Bis Sur,caff326c-a2a6-40ed-9197-ce1b42c238e7
"-74,12807345","4,578504966",9117,060A11,IED Rafael Uribe,4,2,6,AK 24 - CL 46 Sur,4ebe2437-cee9-42bf-beed-d01c31b89a8c
"-74,12871206","4,578201561",9118,060B11,IED Rafael Uribe,4,2,6,AK 24 - CL 47A Sur,d14f0c71-5313-4fa1-8e72-df75a66d68d2
"-74,124139","4,579646203",9119,024A11,Pquia. San Luis Gonzaga,4,2,6,AK 24 - CL 42 Sur,57acf3b5-f4b9-4668-81df-7e07f0f25684
"-74,12145005","4,580594742",9120,023A11,Br. Quiroga,4,2,6,AK 24 - CL 40 Sur,451b2a32-a196-408e-bd25-1c7f17c13ac2
"-74,11962667","4,581231972",9121,022A11,Br. Quiroga,4,2,6,AK 24 - AC 36 Sur,c08c44d1-f2e8-4232-b5ec-d8114b6fa6ae
"-74,11676918","4,582217795",9122,021A11,Br. Quiroga,4,2,6,AK 24 - CL 32A Sur,15f735e5-9742-4c8a-9224-7b4ac66e4c4e
"-74,11454308","4,582971858",9123,020A11,Br. Quiroga,4,2,6,AK 24 - CL 31 Sur,ae3f0c0a-c9e4-4351-9d69-e52aac8d5b8c
"-74,1100063","4,584213047",9124,019A11,Br. Olaya,4,2,6,AK 24 - CL 27 Sur,8d4999d0-9b6c-4e27-a191-db5e36f7bcb4
"-74,10773687","4,58433458",9125,016A11,Estadio Olaya,4,2,6,AK 24 - CL 24 Sur,146759d7-99c4-449d-b99f-ade86b23ffe2
"-74,08908052","4,612505302",9126,321A00,Estación Ricaurte,4,2,6,AK 27 - AC 13,a341b9b0-388b-4640-866b-9ba821fd2c1a
"-74,0887775","4,612847752",9127,321B00,Estación Ricaurte,4,2,6,AK 27 - AC 13,18de74b5-ece4-4ced-9600-e72645d8579e
"-74,09216848","4,608671328",9128,322A00,Br. Ricaurte,4,2,6,AK 27 - CL 9,2d98d3af-c992-44fc-95b9-a931560fd236
"-74,09199592","4,608897031",9129,322B00,Br. Ricaurte,4,2,6,AK 27 - CL 10,11731851-5493-4452-a113-34bc42ae1fc2
"-74,09472116","4,605427879",9130,010A00,IED Ricaurte,4,2,6,AK 27 - AC 6,ac5be0e8-d55d-4e49-9408-0acfe0b961c4
"-74,09433429","4,605959767",9131,010B00,IED Ricaurte,4,2,6,AK 27 - CL 6,eb855f2a-17cb-46df-a260-3d6de7a2bdd3
"-74,0976725","4,601710845",9132,323A00,Br. Veraguas,4,2,6,AK 27 - CL 4 Bis,d03f6855-6437-413f-a483-221416961c57
"-74,09719417","4,602345643",9133,323B00,Br. Veraguas,4,2,6,AK 27 - CL 4A,0d630091-9127-47f5-a3db-64793df5bb86
"-74,09961025","4,599274596",9134,011A00,CAI Santa Isabel,4,2,6,AK 27 - CL 1G,ceb3f8a7-9e30-4318-addb-9e426131966f
"-74,09934513","4,599630971",9135,011B00,CAI Santa Isabel,4,2,6,AK 27 - CL 1G,4a28bdff-fe37-4b43-befd-dde5e2d82c1e
"-74,10194574","4,596278666",9136,048A00,Br. Santa Isabel,4,2,6,AK 27 - CL 1A,a09e0632-0ce6-43e4-bdc9-cf0a94c2e519
"-74,10497153","4,593324929",9137,084A10,Br. La Fragua,4,2,6,AK 27 - CL 14 Sur,3eb019ec-d9d5-40b7-8f60-599888f4074d
"-74,10708231","4,591300003",9138,083A10,Br. Santander,4,2,6,AK 27 - CL 18 Sur,88768bf7-0463-4f6e-8d78-ce6b3e5d1e1d
"-74,1087659","4,589680825",9139,334A10,Br. Santander Norte,4,2,6,AK 27 - CL 19 Sur,54de29a5-8c17-465d-9f91-3ec7b285be01
"-74,11112114","4,588882911",9140,082A10,IED Francisco de Paula Santander Sede A,4,2,6,AK 27 - CL 26 Sur,db8a91d2-53db-4df1-b163-ca07a76dff68
"-74,114048","4,588683",9141,336A10,Br. Santander Sur,4,2,6,AK 27 - CL 30A Sur,3be62ae0-4c71-4b1b-87ca-820b32c59af8
"-74,11698919","4,588626211",9142,081A10,IED Libertador Sede B,4,2,6,AK 27 - CL 31B Sur,13a06531-5bfd-4c45-9274-70f5b1fdb7cb
"-74,12034178","4,589435351",9143,319A10,Br. Villa Mayor Antigua,4,2,6,AK 27 - CL 37 Sur,17c8e96a-337c-4d03-84a2-fd7abab38a03
"-74,11971701","4,589291132",9144,319B10,Br. Villa Mayor Antigua,4,2,6,AK 27 - CL 35 Sur,a7ebab79-966c-4cee-a61c-f73185ff373f
"-74,12022423","4,589114204",9145,323A10,Br. Bravo Paez,4,2,6,AK 27 - CL 35 Sur,1c9b66cb-2d8d-4725-a722-f9e200c0069a
"-74,11636027","4,588312397",9146,080A10,Br. Libertador,4,2,6,AK 27 - CL 31 Sur,1f83b012-2cfa-4aef-9ddb-10490252e6e1
"-74,1123992","4,588578809",9147,079A10,IED El Libertador Sede C,4,2,6,AK 27 - CL 28 Sur,d09b8c39-8478-4fda-b181-4af2bd1797a9
"-74,10565157","4,592304064",9148,105A11,Br. Restrepo Occidental,4,2,6,AK 27 - CL 15 Sur,53cfd0ea-af66-438c-b194-49438965c771
"-74,10431499","4,593609509",9149,100A11,Salón Comunal Restrepo,4,2,6,AK 27 - CL 13 Sur,f113b5f8-076a-4c26-827a-1098e581356a
"-74,08438363","4,651926491",9150,001A05,Br. Pablo VI Norte,4,2,6,AK 50 - CL 59,49d304eb-ba9b-419a-872b-2ea2fad58a76
"-74,08553916","4,648996156",9151,196A05,Br. Pablo VI,4,2,6,AK 50 - CL 57D,26885864-97d7-4305-b45c-2e6786ef4988
"-74,08703003","4,645377427",9152,004A05,Pq. La Esmeralda,4,2,6,AK 50 - CL 45,d787fed3-9de8-49dc-95b1-ad084afb82e9
"-74,0893395","4,643261909",9153,133A05,Br. La Esmeralda,4,2,6,AK 50 - CL 44B,0cbf8d1d-f4dc-44b8-b889-307d2a06c902
"-74,09135244","4,641956142",9154,005A05,Estación Gobernación,4,2,6,AK 50 - AC 26,caae45dc-6dfd-4bed-9b58-0468d9fa1e36
"-74,09707443","4,63832141",9155,066A06,Embajada de Los Estados Unidos,4,2,6,AK 50 - CL 24B,f880cb0e-2a7b-443a-b1f6-4ecf769a3114
"-74,1003301","4,636089152",9156,138A06,C.C. Ciprés Plaza,4,2,6,AK 50 - CL 21,9553633e-b9c5-4f9f-9a81-06811d26d481
"-74,1020318","4,634029033",9157,005A06,Batallón Caldas,4,2,6,AK 50 - CL 19,ed647f6c-ba91-46eb-a4a6-28456f3a2911
"-74,10489715","4,630328736",9158,137A06,Batallón Caldas,4,2,6,AK 50 - AC 17,7ff6322e-fca5-4401-98d8-9b8239515d95
"-74,10791589","4,626017965",9159,002A07,CC Carrera,4,2,6,AK 50 - AV. Américas,b9c0fd99-9db1-41aa-bb22-3cb141d3065b
"-74,10929293","4,624266865",9160,004A07,Br. San Rafael Industrial,4,2,6,AK 50 - CL 5C-81,787274a9-d7cb-4af0-bb06-b5cb6998fadd
"-74,11059247","4,622140277",9161,088A07,Br. San Rafael Industrial,4,2,6,KR 50 - CL 5C,ebbb687e-741f-4369-ab1d-5326664242d5
"-74,113005","4,618885",9162,005A07,IED Sorrento,4,2,6,AK 50 - CL 4F,a63968c5-ec2e-42f6-906a-3c1bb8a7afe5
"-74,11424747","4,616224429",9163,007A07,Br. Barcelona,4,2,6,AK 50 - CL 3-57 / 67,56d56a92-264d-40e1-8758-2ff4e623fb29
"-74,11524098","4,614027383",9164,009A08,Pq. Girasol,4,2,6,AK 50 - CL 2C,34c7cc9a-95c9-4923-ae09-993f624fdad5
"-74,11661085","4,611278467",9165,011A08,IED Luis Carlos Galán,4,2,6,AK 50 - CL 1G,7e192555-f5bc-43ed-99e6-f4ab21d267de
"-74,11827384","4,608331877",9166,050A08,Br. La Camelia,4,2,6,AK 50 - CL 1,e27b01f7-af67-44f8-99f7-dd6402cc6d6e
"-74,11957894","4,605970957",9167,013A08,Br. Remanso Sur,4,2,6,AK 50 - CL 17 Sur,b75dfe9b-60fa-4e29-b5fe-8e6756dc6f16
"-74,12061843","4,604029186",9168,048A08,Br. San Eusebio,4,2,6,AK 50 - CL 19 Sur,bde3f14c-af0a-4cde-bf27-5e0cfb5f1159
"-74,12338828","4,600145235",9169,004A09,Pq. Santa Rita I Sector,4,2,6,AK 50 - CL 31 Sur,5efd4a2f-2ac0-4628-a6a5-1dad73af99c9
"-74,12485424","4,598349393",9170,006A09,Br. Autopista Sur,4,2,6,AK 50 - CL 35 Sur,23ce7718-76d3-4d0b-a17b-f783e67a64b5
"-74,12599012","4,596846006",9171,611A09,Br. Autopista Sur,4,2,6,AK 50 - CL 38B Sur,8f21f682-f9ad-453f-9419-0b0634f7921b
"-74,12649126","4,595058692",9172,008A09,Urb Villa Sonia,4,2,6,AK 50 - CL 39A Sur,0287a93f-52d4-4db7-ba48-18839aff2408
"-74,12701078","4,592619619",9173,399A10,Br. Arboleda del Rey,4,2,6,KR 50 - Auto Sur,1d905cee-8e54-40e6-8519-f1d825eb9a42
"-74,12797378","4,591175207",9174,400A10,Br. Villa Mayor,4,2,6,KR 50 - DG 40B Sur,cf2fca10-6432-4a04-b7a4-4d734d2897d9
"-74,12847303","4,588377174",9175,401A10,Br. Villa Mayor,4,2,6,KR 50 - DG 42 Sur,f43ee27f-1932-4b4d-87f5-55e2ffcfdf72
"-74,12831795","4,587794143",9176,261A10,Br. Villa Mayor,4,2,6,KR 50 - DG 42 Sur,e86ef6cf-6c60-4363-a4d7-792858f01d58
"-74,12801815","4,590759578",9177,397A10,Br. Villa Mayor,4,2,6,KR 50 - DG 40B Sur,c532b5fb-542d-4c5f-bb37-c1a774692250
"-74,12676048","4,592710626",9178,398A10,Br. Arboleda del Rey,4,2,6,KR 50 - Auto Sur,aa8a1405-0c97-4e31-9af4-ff23607b77fe
"-74,12628175","4,5948668",9179,007A09,Urb. Villa Sonia,4,2,6,AK 50 - CL 39A Sur,90662bba-d3d3-4558-a969-b35240b84612
"-74,12583455","4,596535883",9180,612A09,Urb. Villa Sonia,4,2,6,AK 50 - CL 38B Sur,28d1d5bc-93a1-4431-8a79-c5aa3bbb3b66
"-74,12500421","4,597853149",9181,005A09,Barrio San Luis,4,2,6,AK 50 - CL 37 Sur,480c4169-0f27-4290-a129-48d4dd83dcf8
"-74,12319695","4,600067704",9182,003A09,Urb. Santa Rita,4,2,6,AK 50 - CL 31 Sur,96076d10-2f36-4eb0-a4cc-579c124e5159
"-74,12047614","4,603798963",9183,015A08,Br. Remanso Sur,4,2,6,AK 50 - CL 19 Sur,7d6eb84f-35f2-4c38-a8ca-e0b2ebd2f55d
"-74,11949909","4,605615331",9184,014A08,Br. San Eusebio,4,2,6,AK 50 - DG 16 Sur,c5863e12-f5c6-423e-8761-baf1320d8f7a
"-74,11817151","4,608005869",9185,108A08,Avenida Fucha,4,2,6,AK 50 - CL 1,a3b569b7-a65b-4598-8742-fa335517646f
"-74,11695242","4,610195737",9186,012A08,Salón Comunal el Jazmín,4,2,6,AK 50 - CL 1D,f841bea0-c958-4641-b472-84df7806b2ee
"-74,11504561","4,613887363",9187,010A08,Pq. Girasol,4,2,6,AK 50 - CL 2D,f25ec3aa-0661-4353-b85f-f6f9ca171989
"-74,11403904","4,616191067",9188,008A07,Br. La Primavera Norte,4,2,6,AK 50 - CL 3,b2859a9f-a0ed-446f-b7e8-145479704765
"-74,11294409","4,618611666",9189,006A07,Br. Brasilia,4,2,6,AK 50 - CL 4C,b5808c0f-9833-49de-818c-85a7127d7e73
"-74,11082581","4,621400194",9190,087A07,Br. San Francisco,4,2,6,AK 50 - TV 46,c98c6bfc-0573-4971-b15d-b097609b15b7
"-74,10917826","4,62401488",9191,003A07,Br. San Francisco,4,2,6,AK 50 - TV 48,b997639f-3a85-4013-a5e0-d7abb2a09214
"-74,10801229","4,625490761",9192,001A07,Br. San Francisco,4,2,6,AK 50 - TV 49,6df5ca90-1877-4c44-b7a0-c656da68b013
"-74,10539071","4,629349852",9193,086A06,Batallón Caldas,4,2,6,AK 50 - CL 15,aeb86480-fa3f-491e-b3fb-06d5ddab08de
"-74,10216543","4,633513581",9194,006A06,Batallón Caldas,4,2,6,AK 50 - CL 19,37ec8655-cef7-41bf-87d3-1c3a223565fe
"-74,09971849","4,636285524",9195,004A06,Br. Ortezal,4,2,6,AK 50 - CL 22 Bis,88492690-e1ed-44c9-8c27-7d36c68378cf
"-74,09816581","4,637315171",9196,003A06,Fiscalía General de la Nación,4,2,6,AK 50 - AC 24,1fb7e948-c9c0-4536-ae92-f4562b5b2ca1
"-74,09171553","4,641397476",9197,006A05,Avenida El Dorado,4,2,6,AK 50 - AC 26,3419cb14-b206-45e2-8842-72b51232880e
"-74,08857303","4,643459531",9198,132A05,Pq. Rafael Nuñez,4,2,6,AK 50 - CL 44C,8422ef3d-5615-4b86-a79e-2fe620a2f457
"-74,08721002","4,644697672",9199,134A05,Br. Rafael Nuñez,4,2,6,AK 50 - CL 44F,98d6186a-381e-40f1-9008-b388258a1d95
"-74,08540301","4,648628351",9200,003A05,Br. Nicolás de Federmán,4,2,6,AK 50 - CL 57B,62ef2928-d578-4561-ba72-0177351108be
"-74,08415578","4,651814121",9201,197A05,Br. Nicolás de Federmán,4,2,6,AK 50 - CL 62,00f2a733-97e5-4ff9-b9cb-0a117ecb3b45
"-74,07584356","4,686772208",9202,175A03,Cafam Floresta,4,2,6,AK 68 - CL 95,3497cdfb-b45e-4307-a04e-3a2f91855a86
"-74,07535407","4,68716275",9203,175C03,Cafam Floresta,4,2,6,AK 68 - CL 95,adf9434f-af85-4b66-b968-2072e47bc558
"-74,07548346","4,687070038",9204,175B03,Cafam Floresta,4,2,6,AK 68 - CL 95,56b15bf7-6752-485e-90c1-a076e9e59646
"-74,07862542","4,684558342",9205,176A03,Avenida Calle 80,4,2,6,AK 68 - AC 80,dd778aec-d837-407d-a138-20fc0a31ed62
"-74,07829283","4,684841032",9206,176C03,Avenida Calle 80,4,2,6,AK 68 - AC 80,b2f4a4d1-7e75-4f99-933e-176c67bc286f
"-74,07845581","4,684712766",9207,176B03,Avenida Calle 80,4,2,6,AK 68 - AC 80,1dd43c03-922d-44cc-ac51-406838e32f79
"-74,08028621","4,683171144",9208,105A04,Éxito Calle 80,4,2,6,AK 68 - AC 80,b1388347-99d3-4dcc-ab0a-1f89104d5b5b
"-74,08005558","4,683367693",9209,105B04,Éxito Calle 80,4,2,6,AK 68 - AC 80,626127cd-345d-4f6f-b2c8-c5d4b35b886d
"-74,07981971","4,683552608",9210,105C04,Éxito Calle 80,4,2,6,AK 68 - CL 78,bd225bea-a7b9-4ad4-bdee-0c1a5e4c74da
"-74,0830666","4,680931442",9211,104A04,C.C. Metrópolis,4,2,6,AK 68 - CL 76A,290ee850-af25-4bc3-8666-708b756b3e0e
"-74,0824234","4,681453217",9212,104B04,C.C. Metrópolis,4,2,6,AK 68 - CL 76A,446b0c3a-e877-4bbf-82f1-36c755c87779
"-74,08219673","4,681633946",9213,104C04,C.C. Metrópolis,4,2,6,AK 68 - CL 76A,cea200ab-b9c3-46ca-930b-3d9cf630657e
"-74,08492085","4,67936135",9214,102A04,Pq. Metrópolis,4,2,6,AK 68 - AC 72,6d96e5c2-fa07-4d63-83b3-6a7af3989544
"-74,08421571","4,680010395",9215,102C04,Pq. Metrópolis,4,2,6,AK 68 - CL 74A,a18f10e0-6a87-4ffa-ae30-71319b523b08
"-74,08473768","4,679553429",9216,102B04,Pq. Metrópolis,4,2,6,AK 68 - AC 72,4d6a08c1-a426-4ba0-bb61-76fc33af7e1a
"-74,08728613","4,675582087",9217,125A05,Br. Bellavista Occidental,4,2,6,AK 68 - CL 68B,8c4133a3-fe91-4789-9e82-4e24fb8efddb
"-74,08678546","4,676533685",9218,125C05,Bellavista Occidental,4,2,6,AK 68 - CL 68B,641849ff-1048-47c7-99c6-6234689a239c
"-74,08688753","4,676376149",9219,125B05,Br. Bellavista Occidental,4,2,6,AK 68 - CL 68B,c932b7d9-98b1-41d6-a883-d858de7b1d1a
"-74,08923399","4,672277839",9220,123A05,Cruz Roja,4,2,6,AK 68 - AC 66,8838d75c-b81a-4f46-b8e9-a2b21356be34
"-74,0888146","4,673058898",9221,123C05,Cruz Roja,4,2,6,AK 68 - CL 68B,ded08eb7-44f1-44f0-aae4-d733c9db2ec3
"-74,08910365","4,672484864",9222,123B05,Cruz Roja,4,2,6,AK 68 - AC 66,502d3b9d-034f-43d9-bfc8-2f5e9c062202
"-74,08840991","4,673734548",9223,123D05,Cruz Roja,4,2,6,AK 68 - CL 68B,7e3068dc-32fb-4c40-bd68-cc8517a61f2d
"-74,09190912","4,668652027",9224,120A05,Colegio Cafam,4,2,6,AK 68 - AC 63,92e8d64c-01d2-46c1-b156-3034751e7b4b
"-74,09146693","4,669233916",9225,120C05,Colegio Cafam,4,2,6,AK 68 - CL 64C,4ee3e713-ebc9-4bd4-9027-55bf5f1cc1a1
"-74,09165638","4,668983792",9226,120B05,Colegio Cafam,4,2,6,AK 68 - AC 63,7231881f-1e2e-4031-9199-96ae4acd2920
"-74,09130371","4,669447787",9227,120D05,Colegio Cafam,4,2,6,AK 68 - CL 64C,9bdfff07-121d-4b38-84db-897f5715ba1f
"-74,09636935","4,662864451",9228,119A05,Coliseo El Salitre,4,2,6,AK 68 - AC 63,85025a5c-a7dc-4581-9f0e-3110a9fad60e
"-74,09598914","4,663394776",9229,119C05,Coliseo El Salitre,4,2,6,AK 68 - CL 57,f465797a-a886-46fa-9e69-2216406199aa
"-74,09618827","4,66311201",9230,119B05,Coliseo El Salitre,4,2,6,AK 68 - AC 63,7c9d16a1-918f-456a-8f66-34e633f59966
"-74,09577285","4,66367925",9231,119D05,Coliseo El Salitre,4,2,6,AK 68 - CL 52,3c965955-e26d-42cc-8003-0a61919f04d1
"-74,09731444","4,66172894",9232,210A05,Pq. Metropolitano Simón Bolívar,4,2,6,AK 68 - CL 49A,cd7a932c-33d3-4d55-a8a0-04d5b18babfe
"-74,09710107","4,662008606",9233,210C05,Pq. Metropolitano Simón Bolívar,4,2,6,AK 68 - CL 57,00906453-325f-4eea-a66b-f55c417a9b01
"-74,09762986","4,661313514",9234,210B05,Pq. Metropolitano Simón Bolívar,4,2,6,AK 68 - CL 49A,28a916b3-6f63-41d6-908f-e731157f5245
"-74,09693165","4,662226924",9235,210D05,Pq. Metropolitano Simón Bolívar,4,2,6,AK 68 - CL 52,da19ef4f-b389-45a7-a366-60ae43b3c55d
"-74,09903843","4,659522333",9236,117A05,Compensar,4,2,6,AK 68 - CL 49,f800f887-b06f-4bd6-8976-be996aed863c
"-74,09874645","4,659887756",9237,117D05,Compensar,4,2,6,AK 68 - CL 49,2a1dfe94-27de-4abf-abfc-ae11f30ef408
"-74,0991663","4,659350052",9238,117C05,Compensar,4,2,6,AK 68 - CL 49A,b0a02f1c-5e5b-474d-a4d4-9861f585a673
"-74,09951699","4,658869161",9239,117B05,Compensar,4,2,6,AK 68 - CL 49A,73d2144b-099c-4542-9d0a-626bf9b80de4
"-74,102315","4,655364564",9240,115A05,AC 26,4,2,6,AK 68 - CL 44,57f27f39-ffb2-4b13-a428-0f11906989b0
"-74,10127988","4,65653866",9241,115D05,Avenida Calle 26,4,2,6,AK 68 - CL 46,16880753-516a-49d6-8aa3-aa42e487fc06
"-74,10180341","4,65591126",9242,115C05,AV. CL 26,4,2,6,AK 68 - AC 26,62f187c4-c2df-4451-a33b-d004e1b5247f
"-74,10207369","4,655646274",9243,115B05,Avenida Calle 26,4,2,6,AK 68 - CL 44,62baa77f-4e5e-4044-9baa-e20205abc307
"-74,10520332","4,651570256",9244,132A06,Bco. de la República Central de Efectivo,4,2,6,AK 68 - AC 26,10a574fa-e945-4aae-a1d9-f4daa0c1948f
"-74,10496194","4,65192898",9245,132C06,Banco de la República Central de Efectivo,4,2,6,AK 68 - AC 26,c0496bd0-defa-4eb0-b269-54c95b17e7a3
"-74,10478801","4,652193905",9246,132D06,Banco de la República Central de Efectivo,4,2,6,AK 68 - AC 26,5f144cc4-2eef-4330-b094-08cb206fc5ea
"-74,10503314","4,651829841",9247,132B06,Banco de la República Central de Efectivo,4,2,6,AK 68 - AC 26,9300ca8d-5a3d-4d26-843a-c6e016855c01
"-74,10678054","4,649460645",9248,065A06,Colsanitas,4,2,6,AK 68 - AV. Esperanza,092d85e9-9b3b-44ef-a9a9-8bc0702fc6a6
"-74,10660833","4,64968448",9249,065B06,Colsanitas,4,2,6,AK 68 - AV. Esperanza,956c15b2-8b25-4d7c-91e4-fa4646cacda3
"-74,10648521","4,64985726",9250,065C06,Colsanitas,4,2,6,AK 68 - AV. Esperanza,157c622a-2ff2-4860-a62d-180d16c14896
"-74,10629325","4,650076501",9251,065D06,Colsanitas,4,2,6,AK 68 - AV. Esperanza,72fbfa7c-68c2-49f6-8852-d7c385acae84
"-74,1097847","4,646000875",9252,129A06,Zona Ind. Sredni,4,2,6,AK 68 - CL 22A,db5c266a-adc8-472b-9097-56ac2ae3afad
"-74,10920916","4,646560687",9253,129C06,Zona Ind. Sredni,4,2,6,AK 68 - CL 22,09a98046-5578-4cad-a25f-c46702031047
"-74,10960298","4,646178726",9254,129B06,Zona Industrial Sredni,4,2,6,AK 68 - CL 22A,4e79b829-ffce-4a3a-9937-c8427ae0a613
"-74,10842183","4,647397973",9255,129D06,Zona Ind. Sredni,4,2,6,AK 68 - CL 22A,27d5c324-dd7f-47af-bb6a-594f380cf401
"-74,11245516","4,643343632",9256,190A06,Br. Montevideo,4,2,6,AK 68 - CL 20,1a64b826-df71-494c-bc28-025832adf0fb
"-74,11115312","4,644677064",9257,190C06,Montevideo,4,2,6,AK 68 - CL 20,10af730f-bcae-491f-984b-5369e7995bfa
"-74,11209222","4,643690495",9258,190B06,Br. Montevideo,4,2,6,AK 68 - CL 20,ad07e2ee-8307-4cb7-a68c-d87873045dcd
"-74,11095988","4,644876699",9259,190D06,Br. Montevideo,4,2,6,AK 68 - CL 20,0545b2da-3400-4649-b369-c16267e5cdae
"-74,11470757","4,641120046",9260,002A06,Br. Granjas de Techo,4,2,6,AK 68 - CL 18,3379261a-92eb-401e-8f65-8b6dc5ba2c24
"-74,11411099","4,641693234",9261,002C06,Granjas de Techo,4,2,6,AK 68 - CL 18,8570e409-fe8a-43e2-a57d-6591d6485d12
"-74,11442307","4,641407407",9262,002B06,Br. Granjas de Techo,4,2,6,AK 68 - CL 18,ab6db9a2-18e2-49bb-a954-3b56f26a66c4
"-74,113898","4,641898426",9263,002D06,Br. Granjas de Techo,4,2,6,AK 68 - CL 18,eb165c62-f540-4caa-9702-aaf92ebf62dd
"-74,11772364","4,63810999",9264,001A06,Avenida Calle 13,4,2,6,AK 68 - AC 13,2673b7eb-c646-4be8-aa3e-eedaef31fff6
"-74,11721886","4,638634335",9265,001C06,Avenida Calle 13,4,2,6,AK 68 - AC 13,19b7bd92-b85b-43ac-a28b-dd17e3983d49
"-74,11751474","4,638326093",9266,001B06,Avenida Calle 13,4,2,6,AK 68 - AC 13,163b0577-024a-45f0-af73-3529c9969e5c
"-74,11700173","4,638826206",9267,001D06,Avenida Calle 13,4,2,6,AK 68 - AC 13,ed6047b7-2a17-42b3-bc01-9a32cb57f9d1
"-74,11969582","4,636064609",9268,095A07,Br. Lusitania,4,2,6,AK 68 - CL 12A,c0daf8c6-7cd3-49aa-aa9c-ba4bf02c6795
"-74,1191914","4,636743402",9269,095C07,Br. Lusitania,4,2,6,AK 68 - CL 12A,05f669ce-db42-4230-a1a1-11a47f8a9be8
"-74,11937831","4,636517074",9270,095B07,Br. Lusitania,4,2,6,AK 68 - CL 12A,8474275b-1810-46c4-b14d-82487bb1e497
"-74,11898826","4,636952683",9271,095D07,Br. Lusitania,4,2,6,AK 68 - CL 12A,6e2f0bd8-a3dc-4cfc-bece-3feffd2f801f
"-74,12074633","4,633516736",9272,072A07,Br. Lusitania,4,2,6,AK 68 - CL 11,2bf940f6-a345-47e4-9fe6-3d762532d2dc
"-74,1202308","4,634734912",9273,072D07,Br. Lusitania,4,2,6,AK 68 - CL 11,3da07358-789f-45b3-9279-52d342d2a4d0
"-74,12057896","4,633918428",9274,072B07,Br. Lusitania,4,2,6,AK 68 - CL 11,322c590e-ee99-4478-9dec-c3e45f47e29a
"-74,12047932","4,634182425",9275,072C07,Br. Lusitania,4,2,6,AK 68 - CL 10,a27fa253-1964-4fe4-814b-a4f5752071dd
"-74,12118785","4,632398296",9276,096D07,Colegio Nicolás Esguerra,4,2,6,AK 68 - CL 9C,d2405020-874e-4b62-820f-7ad8b738647f
"-74,12134981","4,632017191",9277,096C07,Colegio Nicolás Esguerra,4,2,6,AK 68 - CL 9C,9f10fd70-b3e3-4de8-b1f6-ab036c2432bf
"-74,1216943","4,631240349",9278,096B07,Colegio Nicolás Esguerra,4,2,6,AK 68 - CL 9,5fbfa386-03ac-4ed9-9f52-8b78e602aed9
"-74,12181008","4,630888776",9279,096A07,Colegio Nicolás Esguerra,4,2,6,AK 68 - CL 8,0e76e83a-270f-4899-b72e-5f843c328be0
"-74,12332738","4,627214706",9280,097A07,Avenida Américas,4,2,6,AK 68 - CL 4G,7d84be04-519c-4aa4-a49f-d4fd132e3241
"-74,12321965","4,627506888",9281,097B07,Avenida Américas,4,2,6,AK 68 - CL 4G,64d965b2-1608-45d0-a7c6-26090bb9a394
"-74,12313836","4,627729426",9282,097C07,AV. Américas,4,2,6,AK 68 - CL 5,3c35b5e3-c6af-4448-8ac6-306aa32def6d
"-74,12305006","4,627975093",9283,097D07,Av. Américas,4,2,6,AK 68 - CL 5,5b425e6d-54ba-45eb-944b-a442ea601740
"-74,12518521","4,622097418",9284,098A07,Br. La Igualdad,4,2,6,AK 68 - AC 3,40c6ad4f-bcb7-4404-b502-a596e0e894a9
"-74,12484896","4,623132608",9285,098C07,Br. La Igualdad,4,2,6,AK 68 - CL 1,5d50f96b-bf65-4363-bfd0-8d8dadeae665
"-74,12497415","4,622699617",9286,098B07,Br. La Igualdad,4,2,6,AK 68 - AC 3,a9b1e3bc-10e8-4726-a4e4-55e03f8e9137
"-74,12462858","4,623797695",9287,098D07,Br. La Igualdad,4,2,6,AK 68 - CL 1,c5554e55-a0d8-426a-a9e0-d9b85e729614
"-74,12602137","4,619447249",9288,001A08,Br. Hipotecho Sur,4,2,6,AK 68 - CL 3 Sur,c989b002-3b63-490b-8c05-532f9cf531ea
"-74,1258032","4,620200995",9289,001C08,Br. Hipotecho Sur,4,2,6,AK 68 - CL 1 Sur,5fe4d432-8f2b-4e65-af3b-0aa7f78ae795
"-74,12571125","4,620478485",9290,001D08,Br. Hipotecho Sur,4,2,6,AK 68 - CL 1 Sur,b907bb1b-8fe6-410f-94bc-94e09dec507e
"-74,12589467","4,619936966",9291,001B08,Br. Hipotecho Sur,4,2,6,AK 68- CL 1 Sur,6a7336e9-9365-45f4-b528-049572a83146
"-74,12696327","4,616537637",9292,501A08,Br. Villa Claudia,4,2,6,AK 68 - CL 11 Sur,97b812c7-d248-41c2-9566-bc4c5eb6b11d
"-74,12681058","4,616996097",9293,501C08,Br. Villa Claudia,4,2,6,AK 68 - CL 9B Sur,7b602de2-1615-47a9-b8ce-95b50290de4a
"-74,12672697","4,617263893",9294,501D08,Br. Villa Claudia,4,2,6,AK 68 - CL 9A Sur,a7bf9800-ffae-43d4-905b-35c9fda20c20
"-74,12689738","4,616769308",9295,501B08,Br. Villa Claudia,4,2,6,AK 68 - CL 9B Sur,4bb4c9ec-89b8-494c-85eb-774ed3e4ef67
"-74,12782151","4,613893194",9296,155A08,Br. Villa Adriana,4,2,6,AK 68 - CL 17 Sur,96a12289-a6a1-4f7a-bb9c-151d1a321060
"-74,12754474","4,614736937",9297,155C08,Br. Villa Adriana,4,2,6,AK 68 - CL 14 Sur,0589f860-1461-4fc4-b75b-75124f13f9aa
"-74,12772199","4,614074702",9298,155B08,Br. Villa Adriana,4,2,6,AK 68 - CL 14 Sur,72b16212-d12e-4236-a0dc-83b5b4bad0d7
"-74,12750437","4,614856835",9299,155D08,Br. Villa Adriana,4,2,6,AK 68 - CL 14 Sur,9a30c9e8-861f-4b99-9e1d-59ca3c6f1625
"-74,12877069","4,610800532",9300,162A08,Br. Provivienda Oriental,4,2,6,AK 68 - CL 23 Sur,cd178b77-b407-415a-be70-0d09b2cb5ee1
"-74,12860553","4,611281011",9301,162C08,Br. Provivienda Oriental,4,2,6,AK 68 - CL 22 Sur,d9623e21-e40f-4ad6-8097-e0f4dc9dbbc3
"-74,12863664","4,611116963",9302,162B08,Br. Provivienda Oriental,4,2,6,AK 68 - CL 22 Sur,c573a592-ad9d-4620-897a-492dad8212e9
"-74,12836216","4,611963693",9303,162D08,Br. Provivienda Oriental,4,2,6,AK 68 - CL 20 Sur,3c43e91d-24fa-4aad-98ab-68644ec27cf4
"-74,13063798","4,606837572",9304,088A09,Br. Alquería La Fragua,4,2,6,AK 68 - CL 30 Sur,2e7ee4c1-d341-47ee-a63c-7359cb826a0e
"-74,13028287","4,607405681",9305,088B09,Br. Alquería La Fragua,4,2,6,AK 68 - CL 30 Sur,791e10aa-9721-47a4-a827-332f5a4dcb48
"-74,12994867","4,607921732",9306,088C09,Br. Alquería La Fragua,4,2,6,AK 68 - CL 29 Sur,8e83a2f7-ed62-4718-a31f-def107169b30
"-74,13133366","4,605705927",9307,114B09,Br. Alquería La Fragua,4,2,6,AK 68 - CL  35A Sur,ca23fc3f-57d8-42d7-9147-f1f8bbbe329c
"-74,13155101","4,605393977",9308,114A09,Br. Alquería La Fragua Cl 34 S,4,2,6,AK 68 - CL 35A Sur,30ab5059-d887-47b9-b5e3-5188077657cf
"-74,13265607","4,603767495",9309,510B09,Br. Alquería La Fragua,4,2,6,AK 68 - CL  37 Sur,1d233eba-e733-449f-821a-034f9f1df687
"-74,13281191","4,603543369",9310,510A09,Br. Alquería La Fragua,4,2,6,AK 68 - CL 37 Sur,187194b9-614a-4a22-b386-45c7a513137c
"-74,13338062","4,602703875",9311,086B09,Br. Alquería La Fragua,4,2,6,AK 68 - CL  38 Sur,a051952d-b58f-449e-b245-b1c788bedee0
"-74,13387411","4,602000629",9312,086A09,Br. Alquería La Fragua,4,2,6,AK 68 - CL 38 Sur,263e786c-33fe-4860-b56b-84624e2e2a09
"-74,1353335","4,599795185",9313,084B09,Br. Alquería La Fragua,4,2,6,AK 68 - CL  38H Sur,7ddcdfea-cfb6-4d00-8ff1-1351ff296218
"-74,13575902","4,599146645",9314,084A09,Br. Alquería La Fragua,4,2,6,AK 68 - CL 38H Sur,eddc2762-8c34-485a-b106-de7b0f55ea6c
"-74,13646057","4,598076388",9315,001B09,Br. Alquería La Fragua II,4,2,6,AK 68 - CL  39G Sur,422cda72-e260-48e1-988e-c18ce7903c76
"-74,13627273","4,598327412",9316,001A09,Br. Alquería La Fragua II,4,2,6,AK 68 - CL 39I Sur,48bdd5b7-d23c-4c04-8208-169dd7be6431
"-74,13618348","4,597850505",9317,002A09,Br. Alquería,4,2,6,AK 68 - CL 42A Sur,5358d315-16af-4939-bae6-1cfe63f997a4
"-74,13642769","4,597438507",9318,002B09,Br. Alquería,4,2,6,AK 68 - CL 42A Sur,4775ddf1-08a6-4209-9801-6b3805eda9c9
"-74,13660938","4,597184815",9319,002C09,Br. Alquería,4,2,6,AK 68 - CL 42B Sur,6e720e53-8c86-4875-83ff-2ce392d9354b
"-74,13466873","4,600120517",9320,083B09,Br. Alquería,4,2,6,AK 68 - CL 40A Sur,84612927-9227-46f5-b905-058749c8ba3a
"-74,13487294","4,599804646",9321,083C09,Br. Alquería,4,2,6,AK 68 - CL 40B Sur,dda55377-93ab-4d7c-9f8d-32c9248913be
"-74,13449035","4,600436825",9322,083A09,Br. Alquería,4,2,6,AK 68 - CL 40 Sur,2c6accf9-b33b-4b9b-84f3-b5f940b23823
"-74,1328943","4,602804233",9323,085A09,Br. Alquería,4,2,6,AK 68 - CL 38 Sur,81bccf24-b7b5-4d2b-8fe8-7784f7d947e3
"-74,1333436","4,602133441",9324,085B09,Br. Alquería,4,2,6,AK 68 - CL 38B Sur,4b3af54b-7501-4db9-ae99-bb96cd3a161b
"-74,13374055","4,601526795",9325,085C09,Br. Alquería,4,2,6,AK 68 - CL 39 Sur,65467a3a-c630-483c-9c8c-d1ab2aab00df
"-74,13042672","4,606535351",9326,087A09,Br. El Tejar,4,2,6,AK 68 - CL 31 Sur,bbf957ef-d267-4bb4-bbcd-9a9b5cffd9f4
"-74,13110829","4,605383242",9327,087C09,Br. El Tejar,4,2,6,AK 68 - CL 34 Sur,59d77646-be39-477f-9f61-04ce1d140e08
"-74,13087023","4,605782856",9328,087B09,Br. El Tejar,4,2,6,AK 68 - CL 33 Sur,2db14831-3a31-4ead-b1aa-3c4e11ff3733
"-74,1282215","4,611307773",9329,154A08,Br. Provivienda Norte,4,2,6,AK 68 - CL 22 Sur,dd3ae10c-50ad-4d22-bf8c-39c00fdd5209
"-74,12841822","4,610587465",9330,154C08,Br. Provivienda Norte,4,2,6,AK 68 - CL 23 Sur,4c4d293f-11ea-4791-982f-0d77dc4f54da
"-74,12832671","4,609692326",9331,154D08,Br. Provivienda Norte,4,2,6,AK 68 - AV. 1 de Mayo,866ef2aa-d9a3-4dcc-b4a0-b626e3228113
"-74,12830008","4,611011527",9332,154B08,Br. Provivienda Norte,4,2,6,AK 68 - CL 23 Sur,02e22181-8def-44f3-975a-b0fd85141189
"-74,12726881","4,614341855",9333,002B08,Br. Milenta,4,2,6,AK 68 - CL 17 Sur,d05c35e1-0594-4c38-9273-a9843e8914f5
"-74,12736919","4,613974289",9334,002A08,Br. Milenta,4,2,6,AK 68 - CL 15 Sur,dbfe7f5d-a6c9-4179-83e8-d37e4aa6c3d0
"-74,12741848","4,613791105",9335,002C08,Br. Milenta,4,2,6,AK 68 - CL 17 Sur,8066e8fa-df1f-4e96-85a0-77d824333139
"-74,12768076","4,61297563",9336,002D08,Br. Milenta,4,2,6,AK 68 - CL 18 Sur,8c90a4af-2137-4b25-854f-ddbea5ae289b
"-74,12634303","4,61727784",9337,502A08,Br. Provivienda Norte,4,2,6,AK 68 - CL 9 Sur,fa7eaa7e-b393-4ea3-bf16-46471369bc39
"-74,12660073","4,616395121",9338,502C08,Br. Provivienda Norte,4,2,6,AK 68 - CL 10 Sur,7c8f9841-8b37-424b-8b50-b73bf0862fcf
"-74,12676654","4,615922637",9339,502D08,Br. Provivienda Norte,4,2,6,AK 68 - CL 12 Sur,511eda54-b76b-4a32-be17-4a6914ac4b32
"-74,12648373","4,616812829",9340,502B08,Br. Provivienda Norte,4,2,6,AK 68 - CL 10 Sur,bc9b7d89-3a4b-4ff5-b233-563ee35b87ee
"-74,1254514","4,620129371",9341,156A08,Br. Galán,4,2,6,AK 68 - CL 1 Sur,784aed4b-d377-4e88-9fa3-49fc3363888d
"-74,12558867","4,619573979",9342,156C08,Br. Galán,4,2,6,AK 68 - CL 1C Sur,aeaa2682-dddc-42c0-b006-b115fbb8d5c1
"-74,12548493","4,619929357",9343,156B08,Br. Galán,4,2,6,AK 68 - CL 1 Sur,dbde32a6-96fa-4c1a-8dbc-075659af259b
"-74,12570092","4,619257555",9344,156D08,Br. Galán,4,2,6,AK 68 - CL 1C Sur,eb094c09-52e2-405b-8a51-20dc2b0220a7
"-74,12390926","4,624807234",9345,100A07,Avenida Calle 3,4,2,6,AK 68 - AC 3,edd49c30-fc64-4f76-a29b-da1619887998
"-74,12450761","4,623074767",9346,100B07,Avenida Calle 3,4,2,6,AK 68 - CL 1 Sur,0f8fc78b-908e-4ac5-9e77-1cfad5202320
"-74,12461504","4,622705239",9347,100C07,Avenida Calle 3,4,2,6,AK 68 - CL 1A,a5211a33-0fb2-4eb8-a4c5-1952a5b09e7a
"-74,12477627","4,622225533",9348,100D07,Avenida Calle 3,4,2,6,AK 68 - CL 1,34f55b6f-955b-4e00-9b7f-86816cdc35d2
"-74,12261294","4,628098963",9349,099A07,Av. Américas,4,2,6,AK 68 - CL 4G,e362f402-5102-40bb-bef8-445a1a623d6a
"-74,12272187","4,627785007",9350,099B07,Avenida Américas,4,2,6,AK 68- CL 4G,1baab0b8-930d-421d-aae7-8f3f00569068
"-74,12288258","4,627363404",9351,099C07,Av. Américas,4,2,6,AK 68 - CL 4D,cbcce852-b1e2-4745-bc84-a448e0ab6bfb
"-74,12301137","4,62702776",9352,099D07,Av. Américas,4,2,6,AK 68 - CL 4D,9d6b15da-700b-48d4-9fff-3b31e041ccdd
"-74,12158169","4,630556069",9353,091A07,Br. Salazar Gómez,4,2,6,AK 68 - CL 9,83d53dd7-b480-465e-9c81-b4ccb77d21a8
"-74,12172626","4,630220653",9354,091B07,Br. Salazar Gómez,4,2,6,AK 68 - AV. Américas,5c7a2d24-cedc-4f73-b56d-9e5425d89a06
"-74,12185479","4,629892831",9355,091C07,Br. Salazar Gómez,4,2,6,AK 68 - CL 9,d4f3e9f0-388a-44c7-b167-1968659b461c
"-74,12208274","4,629378679",9356,091D07,Br. Salazar Gómez,4,2,6,AK 68 - AV. Américas,ec29caab-f5c0-4fa8-b87b-6d14b7e7a57c
"-74,12051167","4,633157994",9357,101A07,Colegio Nicolás Esguerra,4,2,6,AK 68- CL 10,7320a775-af1e-4453-8f87-128ae75a5a7f
"-74,1207097","4,632669249",9358,101B07,Colegio Nicolás Esguerra,4,2,6,AK 68 - CL 10,84cec804-3eb1-423f-90f6-74c41f36f373
"-74,12096515","4,632043663",9359,101C07,Colegio Nicolás Esguerra,4,2,6,AK 68 - CL 9A,f6d37f42-e18d-4a88-9f19-8f8d38135d3b
"-74,12101897","4,631903263",9360,101D07,Colegio Nicolás Esguerra,4,2,6,AK 68 - CL 9A,a51309e1-6ff6-4123-ab9f-9de967da6877
"-74,11861522","4,63679024",9361,094A07,AC 13,4,2,6,AK 68- CL 12A,515b6d41-ed9f-4947-9d64-ddb7bfffe5ee
"-74,11911151","4,636305494",9362,094B07,Avenida Calle 13,4,2,6,AK 68 - CL 12A,9089aef4-aa03-4d16-8af1-07fe4c18ced5
"-74,1194759","4,635600628",9363,094C07,AC 13,4,2,6,AK 68 - CL 12A,d6a69f6d-8e86-411d-ad25-f0cae6b9f186
"-74,11958581","4,635341766",9364,094D07,AC 13,4,2,6,AK 68 - CL 12,d1550046-dd2a-4b12-9809-ab4968919264
"-74,11595382","4,639327317",9365,126A06,AC 17,4,2,6,AK 68 - AC 13,89a4b762-4524-4fa6-91f8-a6470ad14445
"-74,1161946","4,639085874",9366,126B06,Avenida Calle 17,4,2,6,AK 68 - AC 13,adf4b5b8-54e4-4606-bbf4-5cfa9b7f3643
"-74,11669246","4,638631868",9367,126C06,AC 17,4,2,6,AK 68 - AC 13,0a485645-ba8b-4c3c-979d-7783532c83dc
"-74,11697819","4,638359961",9368,126D06,AC 17,4,2,6,AK 68 - AC 13,66d29162-208e-46f8-bbd8-3867a4e8126c
"-74,11306039","4,642218997",9369,127A06,Br. Centro Industrial,4,2,6,AK 68 - CL 19,d137b1d0-43a5-4c3e-8eec-59553d4d418e
"-74,11364167","4,641666137",9370,127C06,Centro Industrial,4,2,6,AK 68 - AC 17,6e0f85a0-119c-45a3-9e37-bf6b0dc1ed72
"-74,11390943","4,641404307",9371,127D06,Br. Centro Industrial,4,2,6,AK 68 - AC 17,805d6651-5ead-41de-8b82-c83a1a659a3f
"-74,11333592","4,641963669",9372,127B06,Br. Centro Industrial,4,2,6,AK 68 - AC 17,9147f532-a2e1-48bf-bd9a-15de0bd3fe88
"-74,1110247","4,644255754",9373,068A06,Br. Centro Industrial,4,2,6,AK 68- CL 20,652babf8-a9e1-4ed8-b155-54cfc06a521e
"-74,11181672","4,643561979",9374,068C06,Centro Industrial,4,2,6,AK 68 - CL 19,3af9491d-f67f-4c35-a728-ce67379bb1ce
"-74,11219896","4,643144249",9375,068D06,Br. Centro Industrial,4,2,6,AK 68 - CL 19,163ef7f1-d1d7-4345-acbe-5c0a7a363dbd
"-74,11131968","4,643984876",9376,068B06,Br. Centro Industrial,4,2,6,AK 68 - CL 20,33a067f9-25b5-4ea3-98e5-9161912f3b11
"-74,10811145","4,647157783",9377,128A06,Br. Ciudad Salitre Suroriental,4,2,6,AK 68 - CL 22A,d5b1c1a7-bc8e-4162-8c16-20fd0aa617ea
"-74,10938636","4,645946978",9378,128C06,Ciudad Salitre Suroriental,4,2,6,AK 68 - CL 22,4c3e1058-1aa0-40cb-9b1c-12e8f8fc60da
"-74,10992651","4,645394459",9379,128D06,Br. Ciudad Salitre Suroriental,4,2,6,AK 68 - CL 22,416b5e18-2b11-4715-94b7-b5af476b5f56
"-74,10840491","4,646946722",9380,128B06,Br. Ciudad Salitre Suroriental,4,2,6,AK 68 - CL 22A,98bf539d-2595-4f77-a5da-460a6bcf03f1
"-74,10640445","4,649358808",9381,130B06,Imprenta Nacional de Colombia,4,2,6,AK 68 - AV. La Esperanza,6dc758c9-ec32-408c-9f4d-a5fd39a1e80a
"-74,10672334","4,648962492",9382,130D06,Imprenta Nacional de Colombia,4,2,6,AK 68 - AV. Esperanza,5808b3f9-f85f-4ecd-b090-3cf13446b3c3
"-74,10655151","4,649131686",9383,130C06,Imprenta Nacional de Colombia,4,2,6,AK 68 - AV. la Esperanza,e5ce7975-7081-40b7-b5e1-ce776908967b
"-74,10626433","4,649560875",9384,130A06,Imprenta Nacional de Colombia,4,2,6,AK 68 - AV. la Esperanza,28140917-b68f-4b42-bb89-528316997948
"-74,10459405","4,651777526",9385,131A06,Banco de la Republica Central de Efectivo,4,2,6,AK 68 - AC 26,ea890abb-1b24-4dc8-909f-86e998e17af8
"-74,10474386","4,651557462",9386,131B06,Banco de la República Central de Efectivo,4,2,6,AK 68 - AC 26,ced9a083-a85c-46b3-830b-381c41b2bea5
"-74,10486295","4,651361683",9387,131C06,Banco de la República Central de Efectivo,4,2,6,AK 68 - AC 26,fc8d6ee0-d36d-45d5-95fe-4ef6ae2b8c35
"-74,10504904","4,651117489",9388,131D06,Banco de la República Central de Efectivo,4,2,6,AK 68 - AC 26,bc7294c1-93f4-44ee-8c37-ae437631ca25
"-74,10082343","4,656562191",9389,116A05,Br. Salitre Greco,4,2,6,AK 68 - CL 46,616ddab5-d2bb-48f7-9b49-9e488f9a0b0f
"-74,1010707","4,656207076",9390,116B05,Br. Salitre - El Greco,4,2,6,AK 68 - CL 45,71282827-5fe7-4153-bc63-a07c6c546f5c
"-74,10130239","4,655943339",9391,116C05,Salitre Greco,4,2,6,AK 68 - CL 45,66435919-1e46-4455-9cbf-6cc9bdc0e63d
"-74,10150517","4,655646629",9392,116D05,Br. Salitre Greco,4,2,6,AK 68 - CL 44,879c08ff-4131-4bc9-9f2f-25558e690595
"-74,09678236","4,661760608",9393,118A05,Pq. Metropolitano Simón Bolívar,4,2,6,AK 68 - CL 51,f43447d0-ce2f-4a92-b7cf-25f1b9d70b13
"-74,09695482","4,661546265",9394,118B05,Pq. Metropolitano Simón Bolívar,4,2,6,AK 68 - CL 51,569176b7-80f0-4c98-b864-6c7c65fa0620
"-74,09714587","4,661311888",9395,118C05,Pq. Metropolitano Simón Bolívar,4,2,6,AK 68 - CL 53,0a2d3307-caa1-458f-9a91-4bfb6d6e994a
"-74,09730349","4,661090867",9396,118D05,Pq. Metropolitano Simón Bolívar,4,2,6,AK 68 - CL 53,60c60d28-7ccc-4565-a91b-90a7aa1b52ac
"-74,09507579","4,663967539",9397,437A05,Pq. Metropolitano Simón Bolívar,4,2,6,AK 68 - AC 63,837428a4-1ee0-4f2d-8387-98c6881143ea
"-74,09550857","4,663427482",9398,437C05,Pq. Metropolitano Simón Bolívar,4,2,6,AK 68 - CL 53,0623ce5e-bb84-4f29-aacf-b4109580146a
"-74,09571708","4,663183352",9399,437D05,Pq. Metropolitano Simón Bolívar,4,2,6,AK 68 - CL 53,ba9dbc58-e9e0-4540-8cb8-5300aea10877
"-74,09529492","4,663690505",9400,437B05,Pq. Metropolitano Simón Bolívar,4,2,6,AK 68 - AC 63,cea18a29-efaf-4903-8486-17eba4d66ad1
"-74,09117885","4,669025587",9401,121A05,Pq. El Salitre,4,2,6,AK 68 - AC 63,1524832a-1cd2-46ef-a0b8-ecf9e050ac20
"-74,09144863","4,668651801",9402,121C05,Pq. El Salitre,4,2,6,AK 68 - AC 63,28c00a21-d144-488f-aeb6-0a8ab4422a9a
"-74,09127331","4,66890414",9403,121B05,Pq. El Salitre,4,2,6,AK 68 - AC 63,740a1920-6557-4b95-b4ee-c651c29c0c04
"-74,09185222","4,668155755",9404,121D05,Pq. El Salitre,4,2,6,AK 68 - AC 63,0bdd6946-74f2-41b7-8293-4a487bddce65
"-74,08964687","4,671002413",9405,122C05,Pq. Aquapark,4,2,6,AK 68 - AC 66,93401284-f16f-4311-8803-ff189a5b83b9
"-74,0888732","4,672154983",9406,122A05,Pq. Aquapark,4,2,6,AK 68 - CL 64,fa99514e-ec01-4199-ba28-62ba8dcd87a3
"-74,08950372","4,671233976",9407,122B05,Pq. Aquapark,4,2,6,AK 68 - AC 66,e1dedfcd-c6cd-41ea-824d-111a4abdf758
"-74,08971533","4,670907315",9408,122D05,Pq. Aquapark,4,2,6,AK 68 - AC 63,c2ab6b48-9deb-460a-97cc-234a3d474f0c
"-74,08637385","4,676452607",9409,124A05,Br. J.J. Vargas,4,2,6,AK 68 - CL 67G,1bcf0e6d-09c7-4a15-a99b-70c446f9e72e
"-74,08673276","4,675834774",9410,124C05,J.J. Vargas,4,2,6,AK 68 - CL 67F,5fc07f08-7eae-4e90-a238-ca5964f25df8
"-74,08653527","4,676153404",9411,124B05,Br. J.J. Vargas,4,2,6,AK 68 - CL 67F Bis,fe31e89e-77d6-4c6b-ab27-e39095863539
"-74,08488162","4,678877225",9412,015A04,Pq. Metrópolis,4,2,6,AK 68 - CL 74A,6ccf2fde-5b3a-462e-8076-d6a0b137938a
"-74,08547425","4,678034392",9413,015C04,Pq.Metrópolis,4,2,6,AK 68 - CL 72A,18465373-7317-4d12-a260-4b434ec1154b
"-74,08503295","4,678696851",9414,015B04,Pq. Metrópolis,4,2,6,AK 68 - CL 73,9d85571c-0305-4440-8319-0d41f19018c3
"-74,08230946","4,681090978",9415,103A04,C.C. Metrópolis,4,2,6,AK 68 - CL 75A,9e9e025d-c3d8-427a-bd49-f685d0a24725
"-74,0827039","4,68076724",9416,103C04,C.C. Metrópolis,4,2,6,AK 68 - CL 75A,9637fc5b-7e6f-4d1f-b461-84d9c7e35ebd
"-74,08248855","4,680939489",9417,103B04,C.C. Metrópolis,4,2,6,AK 68 - CL 75A,6dd2e13d-4d45-415c-8371-3f29e5afdac1
"-74,08039205","4,682625995",9418,001A04,Avenida Calle 80,4,2,6,AK 68 - CL 79D,98092779-7970-4c5a-b3c5-d79d92d212e8
"-74,08093982","4,682184597",9419,001C04,AC 80,4,2,6,AK 68 - CL 78,f03d063c-9ed2-48c0-9573-14c540c52fdb
"-74,08057763","4,682461657",9420,001B04,Avenida Calle 80,4,2,6,AK 68 - CL 79A,22ce6a12-9546-47d3-8ecc-efb4f1059495
"-74,07619811","4,685976119",9421,209A03,Br. Entreríos,4,2,6,AK 68 - CL 90,8e84ca1e-50d1-47a5-84d1-a0f8c239225a
"-74,07676171","4,685535273",9422,209C03,Entreríos,4,2,6,AK 68 - CL 90,986c29a2-f1c1-406c-9576-d9a5d956e765
"-74,07641247","4,685829272",9423,209B03,Br. Entreríos,4,2,6,AK 68 - CL 90,b8a99220-0ccd-4436-8f28-80a3b7212996
"-74,07438919","4,687417686",9424,210A03,Cafam Floresta,4,2,6,AK 68 - CL 98,2360676b-a43a-4c4f-a3ad-60e7c05b8f67
"-74,07497088","4,686938971",9425,210C03,Cafam Floresta,4,2,6,AK 68 - CL 90,8446a633-d856-419a-aafa-559f7e426c19
"-74,07470884","4,687131975",9426,210B03,Cafam Floresta,4,2,6,AK 68 - CL 95,4179596f-513d-4c8b-b3ce-80cb6900eaaf
"-74,02771972","4,767869795",9427,068A01,Colegio Ruíz de Alarcón,4,2,6,AR 7 - CL 191,ba9f1e95-e9cb-4a5c-885c-5da2f898da8b
"-74,02759264","4,76587447",9428,066A01,Br. Tibabita,4,2,6,AK 7 - CL 189,5887419e-5286-48b8-beae-18bebaeedff4
"-74,02745525","4,763085854",9429,064A01,Gimnasio Las Palmas,4,2,6,AK 7 - CL 186,bafa233a-656c-45d6-9520-0e9bdc1519ff
"-74,02590463","4,758649686",9430,062B01,IED Friedrich Naumann,4,2,6,AK 7 - CL 182,efcb28b5-9c8c-4e72-a4d9-5dd5a11e07e0
"-74,02578884","4,758395484",9431,062A01,IED Friedrich Naumann,4,2,6,AK 7 - CL 182,646b4cd0-d91d-4fc4-b6f2-96a80a15f638
"-74,02527147","4,757314376",9432,060B01,Centro de Abastos del Norte,4,2,6,AK 7 - CL 181,f4e2fcc2-6ba7-4b7c-8f47-0fec8e29732c
"-74,02516347","4,75706964",9433,060A01,Centro de Abastos del norte,4,2,6,AK 7 - CL 181,c0e4b493-b394-418b-9487-6146bbd9abce
"-74,02461545","4,754449015",9434,190A01,Universidad de La Salle Sede Floresta,4,2,6,AK 7 - CL 175,20311eca-a269-4485-b642-71c1446c8f65
"-74,02464709","4,754760664",9435,190B01,Universidad de La Salle Sede Floresta,4,2,6,AK 7 - CL 175,1e665b62-3361-4ceb-b662-39bcbd244537
"-74,02439491","4,752428322",9436,320B01,Br. El Redil,4,2,6,AK 7 - CL 174,1132398d-85a8-4371-8740-2bef6f27b7de
"-74,02438743","4,75211624",9437,320A01,Br. El Redil,4,2,6,AK 7 - CL 173,6d39bf97-95ce-4706-a877-54dff3556713
"-74,023105","4,747824718",9438,227A01,Clínica San Juan Bosco,4,2,6,AK 7 - AC 170,8b108bbe-4ecb-49de-b4dd-b8e9b142232d
"-74,02318182","4,748083354",9439,227B01,Clínica San Juan Bosco,4,2,6,AK 7 - CL 171A,5bd384fb-3feb-4a0c-b583-3bca5093c1fd
"-74,0224346","4,743773825",9440,044B01,CUN Sede Norte,4,2,6,AK 7 - CL 166,4219b47f-e217-45ed-af1f-f22060152e23
"-74,02245268","4,743459354",9441,044A01,CUN Sede Norte,4,2,6,AK 7 - CL 166,a8421dbb-4a78-4314-8c09-755268c2cd9c
"-74,02249751","4,741456645",9442,229A01,Br. Servitá,4,2,6,AK 7 - CL 165,45177763-f340-4f42-8722-f1357cfa5f1b
"-74,0224677","4,741868337",9443,229B01,Br. Servitá,4,2,6,AK 7 - CL 165,9c6310d0-eac4-4ee7-85e3-a9a2e770265c
"-74,02293811","4,737977559",9444,231A01,IED Divino Maestro,4,2,6,AK 7 - CL 163,ace074e8-58e0-4ee5-ac04-6e8ff7ec050e
"-74,02290399","4,738709816",9445,231B01,IED Divino Maestro,4,2,6,AK 7 - CL 163A,26491dc8-303c-4a9a-bd6c-b3b043d1dc68
"-74,02448939","4,734546083",9446,233A01,Br. Barrancas Norte,4,2,6,AK 7 - CL 159C,8e654c1a-0fc0-430a-a2bb-603b0ebceb45
"-74,02448864","4,73493323",9447,233B01,Br. Barrancas Norte,4,2,6,AK 7 - CL 159C,96345546-db16-43c9-a0d0-268b14d22c95
"-74,02413206","4,732402401",9448,235A01,Br. Barrancas Norte,4,2,6,AK 7 - CL 156,1a99d052-ae92-4614-a0aa-67baf35e743e
"-74,02417936","4,732636473",9449,235B01,Br. Barrancas Norte,4,2,6,AK 7 - CL 156,11ec7143-dfce-4338-9d0c-03192ce205a2
"-74,0245634","4,728308775",9450,045A01,SENA Usaquén,4,2,6,AK 7 - AC 153,38572d6c-155d-4ed2-8983-25294fdd1da7
"-74,0242756","4,729108448",9451,045B01,Br. Barrancas,4,2,6,AK 7 - CL 153,527526cf-15cd-4faf-9d9c-a471b422d89e
"-74,0252806","4,725077398",9452,070A01,Museo Francisco de Paula Santander,4,2,6,AK 7 - CL 150,8003ae64-7f67-4c05-9ade-45577a40f845
"-74,02503911","4,725530002",9453,070B01,Museo Francisco de Paula Santander,4,2,6,AK 7 - CL 150,1b1af163-f8b7-4489-b6c4-b8e18ca1ae83
"-74,02622212","4,723198009",9454,238A01,C.C. Show Place,4,2,6,AK 7 - AC 147,1bb28cf3-78f4-4d62-a4ae-41cb1c3c64a5
"-74,02633074","4,722166485",9455,238B01,C.C. Show Place,4,2,6,AK 7 - CL 147,55d95b4f-29fd-4682-9ecb-4e180253217d
"-74,02779435","4,719085488",9456,240A01,Br. Cedro Narváez,4,2,6,AK 7 - CL 144,64876d67-4b22-4ac2-acc8-3df7300aa78c
"-74,02780145","4,719074638",9457,240B01,Br. Cedro Narváez,4,2,6,AK 7 - CL 144,e36d8f55-8351-408c-aec1-23485c3ace0a
"-74,02889359","4,715466088",9458,264A01,C.C. Palatino,4,2,6,AK 7 - CL 140,882ec348-7cff-4bdc-b425-501c7e916bdc
"-74,02895121","4,716753218",9459,264B01,C.C. Palatino,4,2,6,AK 7 - CL 140,5e9bb4c2-cca3-4dfd-873c-ee7a7aae91c7
"-74,02935295","4,713385788",9460,244A01,Br. Segundo Contador,4,2,6,AK 7 - CL 135,1ff367a2-6d71-453b-946f-6fd4a136fb2d
"-74,02927242","4,713680788",9461,244B01,Br. Segundo Contador,4,2,6,AK 7 - CL 135,8212453c-e5d4-4c17-9208-cff1c4f7c30a
"-74,02944175","4,712098322",9462,245A01,Br. Ginebra,4,2,6,AK 7 - AC 134,ba9e6080-a6d9-42c7-b8d1-d27913dde00e
"-74,02878614","4,708783981",9463,247A01,Br. Bella Suiza,4,2,6,AK 7 - CL 129,3544d86b-0b20-4db0-b2fe-983e94d9e596
"-74,02880136","4,708901488",9464,247B01,Br. Bella Suiza,4,2,6,AK 7 - CL 130,681fcbd8-e14c-4cbe-8c69-830a4a8f5c6c
"-74,02865125","4,706310015",9465,249A01,Pq. Ginebra,4,2,6,AK 7 - CL 127C Bis,15b9aab0-2c3b-45dd-9188-b7ecf207040f
"-74,02863906","4,706506331",9466,249B01,Pq. Ginebra,4,2,6,AK 7 - CL 127C,c4968c04-5749-4042-bfa7-10ab3bef3989
"-74,02885438","4,703585602",9467,251A01,Br. Bella Suiza,4,2,6,AK 7 - CL 127A,1d400f89-e188-44cd-afe8-319f2387f8fe
"-74,02883706","4,703717768",9468,251B01,Br. Bella Suiza,4,2,6,AK 7 - CL 127A,b789b03a-72e6-47e2-9151-77d8717a6bec
"-74,02885858","4,700458488",9469,174A01,Br. Santa Bárbara Oriental,4,2,6,AK 7 - CL 124,3bff7ba8-37f1-43af-9316-ee51fe0389fd
"-74,02886318","4,70045111",9470,174B01,Br. Santa Bárbara Oriental,4,2,6,AK 7 - CL 124,7e659e6d-5e52-4edd-9cce-800bdb41ad52
"-74,03041339","4,698194648",9471,173A01,Br. Santa Bárbara Oriental,4,2,6,AK 7 - CL 123,5f723a0e-2478-43ee-9100-97a83fa86361
"-74,02979802","4,698606106",9472,173B01,Br. Santa Bárbara Oriental,4,2,6,AK 7 - CL 123,c4a8d3dc-caa1-459d-8e84-01167626b034
"-74,03171253","4,696616826",9473,123A01,Instituto Carlos Ardila Lülle,4,2,6,AK 7 - CL 119A,e7d066e6-4371-4bfb-b60d-0652656d3532
"-74,03141955","4,697087494",9474,123B01,Instituto Carlos Ardila Lülle,4,2,6,AK 7 - CL 120,cb616944-859e-48c4-b60a-07f3828fcd73
"-74,03283312","4,694859591",9475,170A01,Asociación Médica de Los Andes (Fundación Santa Fe de Bogotá),4,2,6,AK 7 - CL 117,14d5e010-3542-4c28-9008-e4eebdf33b99
"-74,03273749","4,695006072",9476,170B01,Fundación Santa Fe de Bogotá,4,2,6,AK 7 - CL 117,6aed2437-4e60-4582-8580-ff0c9a1cf966
"-74,03395888","4,691941679",9477,168A01,C.C. Hacienda Santa Bárbara,4,2,6,AK 7 - CL 113,45288292-8edd-4583-a1b4-900d2778519a
"-74,03390528","4,692104907",9478,168B01,C.C. Hacienda Santa Bárbara,4,2,6,AK 7 - CL 114,c5256625-49f8-41d8-843f-69fd50df7386
"-74,03500222","4,688953447",9479,167A01,Br. Santa Ana Occidental,4,2,6,AK 7 - CL 110,c23d9239-5dcc-41a6-be34-65f28163865f
"-74,03497595","4,689061306",9480,167B01,Br. Santa Ana Occidental,4,2,6,AK 7 - CL 110,6991f31f-ad21-4833-b4a1-a7164987d61b
"-74,03542622","4,686273598",9481,157A01,Br. Santa Ana Occidental (Canal Molinos),4,2,6,AK 7 - CL 108A,9ec0f5ac-49fc-4096-848b-0e7d8595553b
"-74,03529018","4,686930739",9482,157B01,Canal Molinos,4,2,6,AK 7 - CL 107A,7e87d354-7500-4abc-a0ad-d181e1dcc306
"-74,03632497","4,684125562",9483,165A01,Escuela de Caballería,4,2,6,AK 7 - CL 106,6785c573-3867-44f1-9cec-5ba81eb2063a
"-74,03602122","4,684765226",9484,165B01,Escuela de Caballería,4,2,6,AK 7 - CL 106,2964a31e-14cc-4232-ad3c-0b2c788783ab
"-74,0376267","4,681278209",9485,164A01,IED General Santander (Br. El Pedregal),4,2,6,AK 7 - CL 101,b3500006-37cd-4606-a947-95581d9207a0
"-74,03734308","4,681846912",9486,164B01,Br. El Pedregal,4,2,6,AK 7 - CL 102,e665b67a-5902-4939-984f-69d5f533b46c
"-74,03961565","4,678390329",9487,217A00,Pq. Público La Reserva,4,2,6,AK 7 - CL 97A,34630438-bfa2-48ab-ba62-85760fbe11aa
"-74,04099225","4,67516746",9488,344A00,Museo El Chicó,4,2,6,AK 7 - CL 94,2ecd02cd-f3a7-4181-ba9f-2178f66fcf6d
"-74,04251809","4,673906413",9489,342A00,Museo del Chicó,4,2,6,AK 7 - CL 93A,80612903-23e7-4311-9bc2-90f488a58a7d
"-74,04451571","4,670222463",9490,348A00,Br. El Chicó,4,2,6,AK 7 - CL 89,66803df1-ca3e-40d6-a2fd-81f904648810
"-74,04640002","4,666237125",9491,363A00,Br. La Cabrera,4,2,6,AK 7 - AC 85,5d04c99b-0834-4d05-988c-dc73f18af55c
"-74,04854113","4,663400218",9492,364A00,Calle 83,4,2,6,AK 7 - CL 83,c5530feb-e6c2-4f6f-94bc-0177f4d1a501
"-74,05181637","4,6600076",9493,365A00,Embajada de Italia,4,2,6,AK 7 - CL 77,86f941ae-ccf3-4df4-8220-55f50cff092d
"-74,054716","4,656385",9494,367A00,Calle 74,4,2,6,AK 7 - CL 74,c453a6a8-ab32-4e92-93c4-16bb1b4b229c
"-74,05589263","4,654099839",9495,818A00,Embajada de Japón,4,2,6,AK 7 - CL 70A,32a1502c-1583-496a-b326-4650ad94f08d
"-74,05730116","4,651763703",9496,371A00,Academia Nacional de Medicina,4,2,6,AK 7 - CL 69,85439fb1-cc02-4cb7-92f3-68b864a1d10e
"-74,05911077","4,649439339",9497,372A00,Br. Chapinero Norte,4,2,6,AK 7 - CL 66,417fd40d-6e18-4b41-a0ec-a3e9fc639e06
"-74,06116273","4,645772819",9498,375A00,Universidad De La Salle,4,2,6,AK 7 - CL 60,d5a94788-6245-4a59-ac13-c25b33255179
"-74,06193279","4,643496871",9499,819A00,Br. Chapinero Central,4,2,6,AK 7 - AC 57,780dd9d3-366b-46ec-b904-9def15907e5d
"-74,06261155","4,641022094",9500,376A00,Br. Chapinero Central,4,2,6,AK 7 - CL 55,9223fd61-2124-4717-8d93-ff4c307bba36
"-74,06324669","4,638594405",9501,378A00,Br. Marly,4,2,6,AK 7 - CL 51,a74ad8a8-f486-4ecc-8b58-df3ca9ff23f7
"-74,06391469","4,635032432",9502,820A00,Br. Marly,4,2,6,AK 7 - CL 48,f5f3a1f3-f08d-4f94-a45c-546859d3aea6
"-74,06397763","4,633324862",9503,821A00,Br. Marly,4,2,6,AK 7 - CL 46,64ab8c41-0b22-494b-9a93-c298afe5b895
"-74,06478873","4,630093784",9504,822A00,Br. Sucre,4,2,6,AK 7 - CL 42,3b8b8034-6d49-42b6-a185-b16d9dbcfa10
"-74,06545628","4,627735951",9505,385A00,Universidad Distrital,4,2,6,AK 7 - CL 40B,5270a99a-cd97-46d5-a6cc-ed91ed15db08
"-74,06614708","4,624861584",9506,823A00,Ecopetrol,4,2,6,AK 7 - CL 37,86eaec22-dece-4542-90fa-395f0ac61daf
"-74,06736833","4,621061038",9507,824A00,Br. Samper,4,2,6,AK 7 - CL 33,10d79a5f-d43c-48dd-9a42-8b3d015b5e40
"-74,06845206","4,618461043",9508,828A00,Parque Central Bavaria,4,2,6,AK 7 - AC 32,8a97e157-1af6-44d1-9540-5bef746a6619
"-74,07000202","4,610512604",9509,655A00,Torre Colpatria,4,2,6,AK 7 - CL 24,ceacdf31-bacd-408e-b7ed-e1af272ead7b
"-74,06963448","4,612143718",9510,656A00,Planetario de Bogotá,4,2,6,AK 7 - CL 27,9c713b42-f385-4359-b20a-1739780a2fed
"-74,06871316","4,616050495",9511,675A00,Estación Museo Nacional,4,2,6,AK 7 - CL 29,2964b155-351f-4ecb-8095-59797e3b6bab
"-74,06786481","4,619287726",9512,777A00,C.C. San Martín,4,2,6,AK 7 - CL 32,e89a2bf7-cceb-400f-af5b-9fe4a585761e
"-74,06655183","4,622498192",9513,778A00,Br. La Merced,4,2,6,AK 7 - CL 35,8ddcb6d4-908c-4931-8125-354cb4ffd1be
"-74,0660661","4,624217798",9514,386A00,Parque Nacional,4,2,6,AK 7 - CL 36,e7e1f3d3-e771-4d29-87d6-b27a6188ddf6
"-74,06521608","4,627759861",9515,384A00,Universidad Javeriana,4,2,6,AK 7 - CL 40,46a1f32d-336e-4c26-aa9d-3578d42079e1
"-74,06441084","4,63050875",9516,383A00,Universidad Javeriana,4,2,6,AK 7 - CL 43,2a31aba4-c5da-484f-adbc-f07f896b1955
"-74,06376311","4,633212522",9517,381A00,Br. Pardo Rubio,4,2,6,AK 7 - CL 46,2d69c214-3ef0-42ef-abbb-fdecac2e4990
"-74,06365048","4,635475549",9518,380A00,Br. Pardo Rubio,4,2,6,AK 7 - CL 48A,80cc2564-1514-4dd1-b670-8f3340e85827
"-74,06290588","4,639041048",9519,377A00,Dirección de Sanidad,4,2,6,AK 7 - CL 52,2ae63f87-0d36-4707-bcb4-47edac12059e
"-74,06205401","4,642253618",9520,387A00,Br. Bosque Calderón,4,2,6,AK 7 - CL 56,fe122ef4-feb9-4748-9517-61b6b1485a37
"-74,06161064","4,643882408",9521,374A00,Universidad De La Salle,4,2,6,AK 7 - CL 58,8368cbcc-2f6f-4691-8f5d-b068e2dc7f4a
"-74,06077273","4,645958523",9522,825A00,Br. La Salle,4,2,6,AK 7 - CL 60A,0875f2b1-02f3-41c5-982b-8bc2e6b76fa5
"-74,0590993","4,649014647",9523,373A00,Colegio Sagrado Corazón de Jesús Bethlemitas,4,2,6,AK 7 - CL 64,464e1633-4443-4809-ae6e-a164dd791e29
"-74,05725835","4,651470584",9524,826A00,Clínica La Inmaculada,4,2,6,AK 7 - CL 68,eb3a74ff-c338-4424-ab96-de9ff84e156d
"-74,05620544","4,653027887",9525,827A00,Br. Emaus,4,2,6,AK 7 - CL 70,c3241c89-723b-44b6-a1da-e8ce60ce644f
"-74,05500666","4,65551348",9526,049A00,Br. Bellavista,4,2,6,AK 7 - CL 72 Bis,979d5e0f-dd68-4e4f-afdc-d65cfd4adba3
"-74,0538416","4,657249913",9527,368A00,Br. Bellavista,4,2,6,AK 7 - CL 74,c0518882-411d-4157-a0c7-a2c95db5a365
"-74,05239888","4,659120781",9528,366A00,Pq. el Nogal,4,2,6,AK 7 - CL 76,4f13c104-1028-4cc8-9ee8-9ec550a99f1f
"-74,04881594","4,662774205",9529,041A00,Embajada del Perú,4,2,6,AK 7 - CL 81,0e3c722c-7280-4cb2-a5ec-34e9fe1e858f
"-74,04600032","4,666544253",9530,040A00,Br. El Refugio,4,2,6,AK 7 - AC 85,9407c303-4503-4fd8-9f14-539cce5a8f07
"-74,04450243","4,669698413",9531,039A00,Br. Chicó Oriental,4,2,6,AK 7 - CL 88,55512580-ed4a-42da-b762-83baac71c889
"-74,04196385","4,674000025",9532,343A00,Seminario Conciliar de Bogotá,4,2,6,AK 7 - AC 94,f9f5c0bd-aa26-4b57-95cc-664b0f7012fc
"-74,0378925","4,680002767",9533,163B01,Escuela de Caballería,4,2,6,AK 7 - AC 100,5933981b-d93c-4841-8131-c0c36e48b54d
"-74,03781541","4,680118122",9534,163A01,Escuela de Caballería,4,2,6,AK 7 - AC 100,d7fc0875-ae1c-4775-88bf-46393c4a8989
"-74,0362666","4,683416511",9535,113A01,Cantón Norte,4,2,6,AK 7 - CL 104,6a1edc8d-b160-44c7-8ef0-9dac6a596c6e
"-74,03637024","4,683167917",9536,113B01,Cantón Norte,4,2,6,AK 7 - CL 103A,9b056cd8-68ee-41b4-9944-f2612309acbe
"-74,03510496","4,686205426",9537,166A01,Escuela de Caballería,4,2,6,AK 7 - CL 108A,75d59c97-5bf9-4106-8777-d29ad2eaedd2
"-74,03513911","4,686074447",9538,166B01,Escuela de Caballería,4,2,6,AK 7 - CL 106,f1ae859e-e989-4c2a-9042-0bf48793449c
"-74,03446761","4,689187247",9539,049A01,Br. Santa Ana,4,2,6,AK 7 - CL 110A,1e1cf57d-b67d-402c-b460-14893345091d
"-74,03451851","4,688987665",9540,049B01,Br. Santa Ana,4,2,6,AK 7 - CL 110,e11bcd04-7e15-481f-99bc-afbf931628eb
"-74,03338242","4,692587683",9541,048A01,C.C. Hacienda Santa Bárbara,4,2,6,AK 7 - CL 114,6a465240-4d42-42e6-9018-dce2172ffc41
"-74,03353046","4,692087137",9542,048B01,C.C. Hacienda Santa Bárbara,4,2,6,AK 7 - CL 113,d27adddd-5c76-4452-a5b8-08ec091f726f
"-74,03270784","4,694470359",9543,169A01,Fundación Sagrado Corazón,4,2,6,AK 7 - AC 116,3fbecca1-aa21-43d7-8a86-11b3d2f2d2f3
"-74,03279825","4,694275869",9544,169B01,Fundación Sagrado Corazón,4,2,6,AK 7 - CL 116 Bis,e2ccd38b-c751-4d24-99c0-4693b99d7dad
"-74,03166733","4,696143114",9545,171A01,Alcaldía de Usaquén,4,2,6,AK 7 - CL 119,be3d8969-eaf2-46fa-aea6-4fc43e446ff0
"-74,0321212","4,695445316",9546,171B01,Alcaldía de Usaquén,4,2,6,AK 7 - CL 118,42f0871b-01be-40fb-bee4-2637867b2782
"-74,02965834","4,698366748",9547,172A01,C.C. Paseo Real,4,2,6,AK 7 - CL 121,70d24e3b-c5aa-4b05-b558-6f32e2f4e3da
"-74,02980343","4,698269545",9548,172B01,C.C. Paseo Real,4,2,6,AK 7 - CL 121,aa2b097c-aeb4-4e15-835b-9f2f43d12280
"-74,02846043","4,701111369",9549,175A01,Br. San Gabriel Norte II,4,2,6,AK 7 - CL 126,4b2c0d21-b0be-4ac4-8ac9-69474a478f68
"-74,02855583","4,700646316",9550,175B01,Br. San Gabriel Norte II,4,2,6,AK 7 - CL 126,b15bc177-1bd7-42c9-882a-9fa2a5b54f92
"-74,02854517","4,703404383",9551,252A01,Br. San Gabriel Norte,4,2,6,AK 7 - AC 127,4e27f77c-6b3c-4162-ba71-68040ab21df4
"-74,02854216","4,703229309",9552,252B01,Br. San Gabriel Norte,4,2,6,AK 7 - AC 127,bf746bad-0fa0-4197-8d2c-b0357ef38ce4
"-74,02837211","4,705929692",9553,250A01,Br. Ginebra II,4,2,6,AK 7 - CL 127C,b575ca93-5526-47b0-a601-fe36b8de545a
"-74,02838937","4,705785695",9554,250B01,Br. Ginebra II,4,2,6,AK 7 - CL 127B,81afe870-2d00-4463-94e2-93be97a9bdaf
"-74,02849589","4,709548948",9555,248A01,Br. Ginebra,4,2,6,AK 7 - CL 130,642293c9-f774-479b-a053-2250868230ca
"-74,02851964","4,709233818",9556,248B01,Br. Ginebra,4,2,6,AK 7 - CL 130B,34b9cba4-82cf-42ed-9d96-23e55c8a1952
"-74,0289149","4,711389258",9557,246A01,Br. Bosques de Medina,4,2,6,AK 7 - CL 132,cb68a44b-2694-4fd0-b888-28307a348b8b
"-74,02885497","4,711165366",9558,246B01,Br. Bosques de Medina,4,2,6,AK 7 - CL 132,fea3e929-ae23-4fe6-9402-95ecf1215b00
"-74,028921","4,71382",9559,047A01,Br. Segundo Contador,4,2,6,AK 7 - CL 135,cfec972f-5bae-4a47-8938-240e0b428dd4
"-74,02901588","4,713496776",9560,047B01,Br. Segundo Contador,4,2,6,AK 7 - CL 135,8dd5cccb-5148-4956-8040-c32c17c029d0
"-74,02860097","4,715809848",9561,243A01,C.C. Palatino,4,2,6,AK 7 - CL 140,1e77bf76-dacd-4320-a82e-b0f39e367dd1
"-74,02862385","4,714943942",9562,243B01,C.C. Palatino,4,2,6,AK 7 - CL 138,bb526846-4bf6-49f5-8e15-d35621d1b17c
"-74,02717277","4,719748715",9563,241B01,Br. Bosque de Pinos I,4,2,6,AK 7 - CL 144,8bfa6f47-0284-466f-8615-8c13b7597881
"-74,02693521","4,720136757",9564,241A01,Br. Bosque de Pinos I,4,2,6,AK 7 - CL 145,d3a4fc9d-541a-4021-abdb-54b317ceaf66
"-74,026026","4,721992057",9565,239A01,Colegio Pureza de María,4,2,6,AK 7 - CL 147,2c8a399f-274d-494c-b0e5-fe91bac98e0b
"-74,02605153","4,72162575",9566,239B01,Colegio Pureza de María,4,2,6,AK 7 - CL 146,2cf059f1-8449-445c-853f-ed2a13beb902
"-74,02503046","4,72473171",9567,237A01,Colegio Grecolatino (Br. Bosque de Pinos III),4,2,6,AK 7 - CL 148,4f8397cc-409c-4dcc-8244-87d0b03631e5
"-74,02522785","4,724495996",9568,237B01,Br. Bosque de Pinos III,4,2,6,AK 7 - CL 148,6a9ebc3b-ce53-4bcd-8b1f-2a7f912c5641
"-74,02465198","4,726797869",9569,660A01,Br. Cedro Salazar,4,2,6,AK 7 - CL 152,f06f4cce-5b07-4d18-9162-f6485a8a5d05
"-74,02468199","4,726519993",9570,660B01,Br. Cedro Salazar,4,2,6,AK 7 - CL 152,ab24073a-c509-4944-bdd2-212314947f8a
"-74,02401843","4,728985507",9571,236A01,IED Agustín Fernández,4,2,6,AK 7 - CL 155,d3397a45-69af-4c50-89a0-217f17c4d0b9
"-74,02401184","4,728976625",9572,236B01,IED Agustín Fernández,4,2,6,AK 7 - CL 153A,bb177c9d-4b19-4481-ac94-75021e692f3e
"-74,02382534","4,732420854",9573,234A01,Br. Bosque de Pinos III,4,2,6,AK 7 - CL 156,360cf64d-1676-4018-8246-86ccc071839c
"-74,02383459","4,73241813",9574,234B01,Centro de Negocios North Point,4,2,6,AK 7 - CL 156,3ea911d2-af0d-4b9a-988a-e1d0e7e8238c
"-74,02419388","4,734980324",9575,046A01,Br. Ibiza,4,2,6,AK 7 - CL 160,ec36a4d1-a7eb-4a90-9519-01e81fb98579
"-74,02420099","4,734745252",9576,046B01,Br. Ibiza,4,2,6,AK 7 - CL 159C,9b2f0c41-555a-4d5f-a3e9-cb67ef322de2
"-74,02270623","4,737738202",9577,232A01,CAI Villa Nidia,4,2,6,AK 7 - CL 162A,31db56ea-7ee8-45de-ad41-1d9cce41f9e3
"-74,0227517","4,737600118",9578,232B01,CAI Villa Nidia,4,2,6,AK 7 - CL 162A,95d15167-4b48-4092-a2cd-824b7693e39d
"-74,02213886","4,74141938",9579,230B01,Br. Servitá,4,2,6,AK 7 - CL 165,0a0a5182-af75-4fca-9ade-9137ffeee103
"-74,02214346","4,741419007",9580,230A01,Br. Servitá,4,2,6,AK 7 - CL 165,fb353173-0541-40f7-a81c-e2a16f1b4849
"-74,02216032","4,744580887",9581,043A01,IED Cristóbal Colón (Colegio María Inmaculada),4,2,6,AK 7 - CL 166,fc992a77-895e-4e13-bf6d-9025675ccfa7
"-74,02214845","4,744005776",9582,043B01,Colegio María Inmaculada,4,2,6,AK 7 - CL 167A,264b557c-23db-4059-8809-6d800a77b625
"-74,02290151","4,748097742",9583,228A01,IED Friedrich Naumann (Br. San Juan Bosco),4,2,6,AK 7 - CL 170B,7ed64566-bd80-42a5-8a91-548265cd53e9
"-74,02275366","4,747695744",9584,228B01,Br. San Juan Bosco,4,2,6,AK 7 - AC 170,37abbaf6-2be7-45a4-b70d-68cdb08d3838
"-74,02416663","4,752260061",9585,321B01,Br. El Redil,4,2,6,AK 7 - CL 173,198a3c04-2dc6-4a62-a6eb-19e9520221bb
"-74,02425019","4,753329741",9586,321A01,Br. El Redil,4,2,6,AK 7 - CL 174,826590f8-8592-4852-8990-9df85745c76c
"-74,0243367","4,754622958",9587,316B01,Colegio Claustro Moderno,4,2,6,AK 7 - CL 175,85dba967-5209-42fa-a86c-12bbb75ddfc1
"-74,02436904","4,754992028",9588,316A01,Colegio Claustro Moderno,4,2,6,AK 7 - CL 178,69b2207a-5f7a-487a-95eb-652d7cb450a2
"-74,02485152","4,757088707",9589,061A01,IED El Codito (Codabas),4,2,6,AK 7 - CL 181A,e6c46436-45ee-45d0-adfb-d8f9fa572190
"-74,02470967","4,756730857",9590,061B01,Codabas,4,2,6,AK 7 - CL 180,aec977ef-938a-4286-8a59-42a276e04989
"-74,02584484","4,758968596",9591,063A01,Br. Horizontes Norte,4,2,6,AK 7 - CL 182,0ab8781b-8332-403f-bb29-3f86238a0dd6
"-74,02565055","4,758687436",9592,063B01,Br. Horizontes Norte,4,2,6,AK 7 - CL 181A,00a26941-1daa-48d4-9b49-4b2a07312b92
"-74,02702457","4,762224577",9593,065A01,Horizontes Usaquén,4,2,6,AK 7 - CL 186,36ff3fd3-5dbc-481b-8636-eb32b6fbb65f
"-74,02754963","4,765169021",9594,067A01,Br. Buenavista,4,2,6,AK 7 - CL 188C,b47bdcae-2d48-4105-9a91-75eb1316d63d
"-74,02756422","4,768289295",9595,069A01,Colegio Ruíz de Alarcón,4,2,6,AK 7 - CL 191,1518fe5c-771f-444d-b13e-533112069522
"-74,03187049","4,747215196",9596,128A01,Br. Pradera Norte,4,2,6,AK 9 - CL 168,6dbcb764-7bd3-4b0c-aa3d-d8e550a8a253
"-74,03196211","4,74368814",9597,127A01,Br. Pradera Norte,4,2,6,AK 9 - CL 166,0c460c9a-2062-4cbf-a461-1e95ab2de0d2
"-74,032107","4,741027",9598,124A01,Fundacion Cardio Infantil,4,2,6,AK 9 - CL 163A,12d944ae-d72b-43e4-b55f-6311ef6d08d6
"-74,03209247","4,738766374",9599,571A01,Urb. Balcones de Oriente,4,2,6,AK 9 - AC 161,e6a75970-a162-4209-b7f7-ab2e6c2e377f
"-74,03220561","4,734556676",9600,006A01,Urb. Villas del Mediterraneo,4,2,6,AK 9 - CL 158A,39d73ea9-dba3-4d61-a2be-defe508bba2f
"-74,03234638","4,730359989",9601,008A01,Br. La Liberia,4,2,6,AK 9 - AC 153,384a9e68-7eae-4b0b-9559-aac825c6656a
"-74,03240547","4,727313355",9602,208A01,Br. Parques de Capri,4,2,6,AK 9 - CL 149,07e1de5b-02b5-4dd7-b7bf-0799f4945494
"-74,032494","4,723573",9603,010A01,Pq. Cedritos,4,2,6,AK 9 - CL 146,0cd93f35-5e38-486f-ba24-1720f0fdfe8a
"-74,0325422","4,722031279",9604,206A01,Urb. Las Acacias,4,2,6,AK 9 - CL 145,227c4ed7-6091-4548-ace4-cae226189075
"-74,03258165","4,720443962",9605,051A01,Br. Cedro Narvaez,4,2,6,AK 9 - CL 142,540e549d-d0a3-4c41-8164-8c372a268a4e
"-74,03264499","4,718203113",9606,052A01,Br. Cedritos,4,2,6,AK 9 - CL 140,e1699bf9-38e0-4c08-909b-6dce5168f4f9
"-74,032744","4,715244048",9607,203A01,Br. Lisboa,4,2,6,AK 9 - CL 135,ce799e19-a785-4bbb-9dc0-8cbe6d4e32ca
"-74,03276746","4,713863246",9608,034A01,Br. Lisboa,4,2,6,AK 9 - CL 134A,b6c048c4-88ea-4831-83a7-50dc8f6b05e7
"-74,03282534","4,711460405",9609,085A01,Br. Country Comodoro,4,2,6,AK 9 - CL 131A,d52ad4fb-fd9e-45d9-bf93-a1fb29c11301
"-74,032886","4,709812244",9610,201A01,Urbanización Arboleda del Country,4,2,6,AK 9 - CL 131A,ca02bd54-5b66-4cc8-be2f-610ccd34c554
"-74,03292879","4,708007729",9611,057A01,Urbanización Recodo del Country,4,2,6,AK 9 - CL 127C,760cce5a-c011-4d4a-857e-db76b4399d4a
"-74,03303142","4,704251055",9612,054A01,Instituto Pedagógico Nacional,4,2,6,AK 9 - CL 127A,19026555-3059-4682-86a6-9d3b41fa0ccf
"-74,03308954","4,701470042",9613,198A01,Br. Santa Bárbara Central,4,2,6,AK 9 - CL 125,d675f278-9b3f-4886-b293-78439b77079e
"-74,03317755","4,698206805",9614,197A01,Br. Santa Bárbara Central,4,2,6,AK 9 - CL 120,1dd2266c-234c-42f6-a9bd-108b7b3ade30
"-74,0339603","4,695809351",9615,055A01,Br. Santa Bárbara Central,4,2,6,AK 9 - CL 117A,0e8e5554-2a19-49e2-b672-cb40a30c6cce
"-74,03620287","4,691952173",9616,056A01,Br. Molinos Norte,4,2,6,AK 9 - CL 113,1880d1b2-44df-4663-a98a-b57bcbb0111c
"-74,03782718","4,691032908",9617,194A01,Pq. Molinos Norte,4,2,6,AK 9 - CL 110,442f4269-e48d-45ad-9e9a-1009cdb9ae37
"-74,04042688","4,689531179",9618,014A01,Br. Molinos Norte,4,2,6,AK 9 - CL 107A,0daeb9c3-8b1b-4330-96c3-cd1e1602961d
"-74,04308973","4,688092122",9619,015A01,Br. Rincón del Chicó,4,2,6,AK 9 - CL 104A,43ef917d-d2dc-42a3-a5e5-527e793a454f
"-74,04561226","4,686643015",9620,017A01,Br. Rincón del Chicó,4,2,6,AK 9 - CL 102,be2e32b5-9ae3-4e3e-b3d1-9a0198b4e870
"-74,05089884","4,68356541",9621,622A00,Br. Chicó Norte III Sector,4,2,6,DG 92 - TV 17,d4b9b5f2-ec17-4739-923f-f155b1dd4865
"-74,05404432","4,681806624",9622,290A00,Hotel Dann Carlton,4,2,6,DG 92 - TV 20,7837c15a-ace2-474d-bf4c-2b27b7c4cad2
"-74,05539418","4,680493039",9623,289A00,Br. Chicó Norte,4,2,6,DG 92 - TV 91,f5ac41a1-bda5-4cda-89ec-7828aa6fb1a8
"-74,05367332","4,681484593",9624,291A00,Br. Chicó Norte III Sector,4,2,6,DG 92 - AC 92,68ee8b6f-78e1-45e4-b6f9-6d35523f5923
"-74,05066583","4,683250616",9625,799A00,Br. Chicó Norte III Sector,4,2,6,DG 92 - KR 17,bccfd3fd-29f8-4e63-b8e7-566189d4c47e
"-74,04256719","4,68794817",9626,016A01,Escuela de Infantería,4,2,6,AK 9 - CL 104A,6a9c6af8-ca64-4a9a-a687-08a5b5126e51
"-74,04055038","4,689081127",9627,192A01,Br. Santa Ana Occidental,4,2,6,AK 9 - CL 107A,78633149-92ec-4f8a-a750-a4a13823a3c1
"-74,03901347","4,68992782",9628,193A01,C.C. Santa Ana,4,2,6,AK 9 - DG 108A,723813de-fa3f-4895-882e-d778d9765060
"-74,03580262","4,691838369",9629,195A01,Br. Santa Ana Occidental,4,2,6,AK 9 - CL 115,c28eec65-050a-4084-9c76-6c37e4ec9dcc
"-74,03378208","4,695484282",9630,196A01,Fundación Santa Fe de Bogotá,4,2,6,AK 9 - CL 117A,d6b60dd9-26e4-4c76-bd27-2451c1ac4cb3
"-74,03287051","4,698685247",9631,013A01,Br. Santa Bárbara Oriental,4,2,6,AK 9 - CL 121,bb3c60a4-2b27-4614-aaff-af5d6176a8e6
"-74,0327667","4,701404269",9632,012A01,Br. Santa Bárbara Oriental,4,2,6,AK 9 - CL 125,660d1738-1dc2-484a-bcf4-13fc1707202e
"-74,03272061","4,704067645",9633,199A01,Br. Bella Suiza,4,2,6,AK 9 - AC 127,8bd0f3cf-cca1-4706-b768-783717ebde1a
"-74,03263321","4,706995749",9634,011A01,Br. Bella Suiza,4,2,6,AK 9 - CL 127B,d9e0b7ae-4c80-42fa-9ae3-9bd2fee3999a
"-74,03259322","4,708923275",9635,200A01,Universidad El Bosque,4,2,6,AK 9 - CL 129,fc3fecd6-afe4-48bd-857a-20dfd8b45b1a
"-74,03251081","4,711698896",9636,202A01,Avenida Calle 134,4,2,6,AK 9 - AC 134,e9cc79dd-5755-477d-b4be-32422bf5032d
"-74,03245417","4,71379263",9637,084A01,Urb. Contador Norte,4,2,6,AK 9 - AC 134,031c58aa-f2ed-4b90-84c4-342097ded71d
"-74,03240029","4,715942911",9638,204A01,Surtifruver de la Sabana,4,2,6,AK 9 - CL 138,c0a8bb11-d25f-4987-bcd4-2cbe898c6628
"-74,03232933","4,718414826",9639,053A01,Calle 140,4,2,6,AK 9 - Cl141,efd703ae-8301-423c-8cd7-a2cffa4ad7e1
"-74,03229171","4,720146654",9640,205A01,Urb. Belmira,4,2,6,AK 9 - CL 141A,3dd15cf5-9b3c-452e-94bf-f24c4dd5b43a
"-74,03219707","4,723512136",9641,114A01,Calle 146,4,2,6,AK 9 - CL 145,25b39654-77b2-49ce-99b4-270b6e4cd51e
"-74,03217091","4,724436053",9642,207A01,IED Usaquén,4,2,6,AK 9 - CL 146,75fd1da9-437b-443c-9092-72114c0f8ea6
"-74,03210077","4,727102156",9643,115A01,Pq. Cedro Madeira,4,2,6,AK 9 - CL 151,eeb00b9c-6c23-462e-abfa-eeae8f4cb9a8
"-74,03201016","4,730518973",9644,009A01,Avenida Calle 153,4,2,6,AK 9 - AC 153,02826258-4731-4bc8-b746-c0de0e9d585f
"-74,03188574","4,734748898",9645,007A01,Br. Barrancas,4,2,6,AK 9 - CL 156,27eb50d8-c10e-4781-bbdc-7b19b3fd8f9b
"-74,03178314","4,737520592",9646,573A01,Calle 161,4,2,6,AK 9 - CL 161,55447349-6842-42aa-8f24-7159e75768eb
"-74,03172359","4,741325855",9647,125A01,Br. San Cristobal Norte,4,2,6,AK 9 - CL 163B,6bdf63a5-3f3b-44a7-8273-a245316bc321
"-74,03165027","4,744002225",9648,126A01,Br. San Cristobal Norte,4,2,6,AK 9 - CL 165A,5a055470-bf78-45ee-b473-bc8d1687f77a
"-74,03157087","4,747351793",9649,129A01,Br. Pradera Norte,4,2,6,AK 9 - CL 168,c023a5eb-7ec0-4a35-aaa1-117bf384de24
"-74,10959052","4,598095371",9650,582A08,C.C. Ciudad Montes,4,2,6,Auto Sur - CL 11 Sur,6a67131d-2cce-43fb-bc83-dfe30de450ec
"-74,11302404","4,596558122",9651,583A08,Avenida 1 de Mayo,4,2,6,Auto Sur - AV. 1 de Mayo,fbb548a1-2d72-41f9-b798-b9f72dec209b
"-74,1178639","4,594987537",9652,077A09,Estación NQS - Calle 30 Sur,4,2,6,Auto Sur - CL 30 Sur,eda8d26c-6d1d-4f42-a83d-5fc1be632048
"-74,12203913","4,594191151",9653,078A09,Br. Villa del Rosario,4,2,6,Auto Sur - CL 37 Sur,5cfa7d45-661f-45b0-b213-fd84b8e51855
"-74,12448052","4,593935813",9654,570A09,Estación NQS - Calle 38 Sur,4,2,6,Auto Sur - DG 38A Sur,e7a35625-d8bd-4039-84bc-6df787d538a1
"-74,13006343","4,593815496",9655,060A09,Estación General Santander,4,2,6,Auto Sur - KR 50 Bis A,3a6a1d6d-ca71-462e-9c2b-16d304170100
"-74,13432089","4,594483031",9656,059A09,Estación Alqueria,4,2,6,Auto Sur - KR 51F,1d18e63f-cef9-4412-bdfe-100f5433e4a4
"-74,14170163","4,5958104",9657,058A09,Estación Venecia,4,2,6,AV. NQS - CL 44 Bis A Sur,a47494cd-0386-431b-b2dd-4e78031df947
"-74,14419914","4,595551793",9658,617A09,Urb. Las delicias,4,2,6,Auto Sur - CL 44C Sur,dd8fe3f5-124d-4965-a56e-8ca52d4b1a65
"-74,14830318","4,595374938",9659,057A09,Estación Sevillana,4,2,6,AV. NQS - KR 57,b62e9d38-251b-4b7e-8777-117c6a0edb0e
"-74,15309197","4,596289595",9660,616A09,Br. Guadalupe,4,2,6,Auto Sur - TV 62G,c6d71bc5-2dbf-44ac-ade2-bffa28493013
"-74,15600109","4,596552131",9661,056A09,Estación Madelena,4,2,6,Auto Sur - KR 66A,99e4842b-bfd8-4172-9e05-27f90c2a103f
"-74,16518655","4,596031015",9662,055A09,Estación Perdomo,4,2,6,Auto Sur - KR 72,cf183e4c-e3d5-476d-ae00-e2af9bcd225f
"-74,17273362","4,596632233",9663,075A09,Cementerio Jardines del Apogeo,4,2,6,Auto Sur - TV 74,b8afc235-378a-4210-9042-71aa8899382a
"-74,18134703","4,597088447",9664,523A09,Br. La Estación,4,2,6,KR 77 G - CL 65 A Sur,7a6fc816-2129-49de-9db8-10c1eefdf118
"-74,17667285","4,59667002",9665,063A10,Br. La Estancia,4,2,6,Auto Sur - KR 75D,448ae861-4fc4-4b01-a6da-766bc14e2545
"-74,1719964","4,5960003",9666,291A10,Portal del Sur,4,2,6,Auto Sur - KR 74,dda3bd35-01cd-4d32-bd83-38ddb58f7123
"-74,16834516","4,595591711",9667,062A10,Br. Olarte,4,2,6,Auto Sur - KR 73,da71fc24-a3da-4045-9652-5c6d8abd727a
"-74,16668692","4,595536734",9668,042A10,Estación Perdomo,4,2,6,Auto Sur - CL 71,e071d78b-4a3c-450d-9b23-b7b5c3d59afc
"-74,15664831","4,596106026",9669,043A10,Estación Madelena,4,2,6,Auto Sur - KR 66A,eddb3fa6-c404-4999-984d-9fa5fbdaa8db
"-74,15430559","4,596198847",9670,379A10,Br. Madelena,4,2,6,Auto Sur - KR 64 Bis,ddef07f0-3378-4ed4-9651-ac0975ef1a27
"-74,14884441","4,595095096",9671,044A10,Estación La Sevillana,4,2,6,Auto Sur - KR 60,2c7e04dc-1ab9-4513-87db-5869f1fd12c0
"-74,14500909","4,595062644",9672,380A10,Br. Venecia Occidental,4,2,6,Auto Sur - AV. Boyacá,7c1ce536-3cfb-4d22-8070-68917c51bc7f
"-74,14145297","4,595342576",9673,045A10,Estación Venecia,4,2,6,Auto Sur - KR 54A,b0093d32-ca99-4b68-9b29-ed9d37f7187a
"-74,13472976","4,59413332",9674,046A10,Br. La Alqueria,4,2,6,Auto Sur - KR 51,447827d5-dc6f-4b9b-b434-d6d19ba9b9cb
"-74,12290345","4,593648388",9675,095A10,Br. Villa Mayor Antigua,4,2,6,Auto Sur - CL 38 Bis Sur,741b576f-1f4a-4a5a-be71-13de9a2b56af
"-74,11776285","4,594626832",9676,096A10,Estación NQS - Calle 30 Sur,4,2,6,Auto Sur - CL 30 Sur,91edfe63-bc53-4dee-a8d3-2a38b9110927
"-74,1138773","4,595740461",9677,324A10,Avenida 1 de Mayo,4,2,6,Auto Sur - AV. 1 de Mayo,be31fae3-57c8-4fd8-a62c-6dd38e9b127b
"-74,10943955","4,597767478",9678,325A10,Estación Sena,4,2,6,Auto Sur - CL 12 Sur,2b6692a8-6595-4a75-b7b3-b7bf9b658342
"-74,08409377","4,570263373",9679,098A13,IED Manuelita Saenz,4,2,6,TV 2B Este - CL 18 Sur,d689aa48-d708-4736-95bc-03ce52923f33
"-74,08684848","4,569614932",9680,106A13,IV Estación de Policía San Cristóbal,4,2,6,AV. 1 de Mayo - KR 1 Este,c96a5353-110e-495b-a5af-f3e3fa875d3a
"-74,08946486","4,571172127",9681,001A13,Avenida 1 de Mayo,4,2,6,AV. 1 de Mayo - KR 2,9c0329c0-1f3e-4dfb-8997-9f0765e39777
"-74,09077749","4,57201789",9682,103A13,Carrera  5A,4,2,6,AV. 1 de Mayo - KR 5A,1b054e9a-aa9c-4d42-86f4-247fcf8788c9
"-74,09264024","4,574005453",9683,101A13,Br. Sociego,4,2,6,AV. 1 de Mayo - KR 7B,9b7f4251-b9bc-42e3-b76b-447e815155e9
"-74,09252466","4,573880696",9684,101B13,Br. Sociego,4,2,6,AV. 1 de Mayo - KR 7,92cb7c20-2245-43bf-98a2-c014e568ace8
"-74,09406346","4,575452191",9685,099A13,Hsp. San Cristóbal,4,2,6,AV. 1 de Mayo - KR 9A,b81f8b5b-0766-42a0-9e70-e5ee9f84a1b7
"-74,09375744","4,575163783",9686,099B13,Hsp. San Cristóbal,4,2,6,AV. 1 de Mayo - KR 8A,17fbe70c-05a3-4073-9266-1569a6ab2604
"-74,09607885","4,577073367",9687,085A12,Br. Ciudad Jardín Sur,4,2,6,AV. 1 de Mayo - KR 10B,7e9e8eac-6948-4ae9-97c7-288e92b9e616
"-74,0952804","4,576505222",9688,085B12,Br. Ciudad Jardín Sur,4,2,6,AV. 1 de Mayo - KR 10,62089364-7ba5-4b21-bfb8-6050dce3edec
"-74,09858754","4,578769366",9689,082A12,Br. Ciudad Jardín Sur,4,2,6,AV. 1 de Mayo - KR 12,b23911d2-270b-4989-9eb2-b21c9b846442
"-74,0982491","4,578556311",9690,082B12,Br. Ciudad Jardín Sur,4,2,6,AV. 1 de Mayo - KR 12,c5f9ac3d-6f3e-4bad-9072-9c92ba63ea2e
"-74,10048231","4,580053386",9691,081A12,Br. Ciudad Jardín Sur,4,2,6,AV. 1 de Mayo - KR 14,0513a719-fe54-4ea6-97be-11cfdb7354e8
"-74,10015225","4,579833071",9692,081B12,Br. Ciudad Jardín Sur,4,2,6,AV. 1 de Mayo - KR 12D,dc1f128a-7b5e-45fb-b607-aaaaaec320ed
"-74,10193429","4,581031354",9693,078A12,Estación Restrepo,4,2,6,AV. 1 de Mayo - AV. Caracas,b7421b41-1bec-41a3-93ac-989d822bb855
"-74,101592","4,58079723",9694,078B12,Estación Restrepo,4,2,6,AV. 1 de Mayo - KR 13,e2ee1f74-bbd7-4245-996a-e6f38511bee8
"-74,10335349","4,582382854",9695,111A11,Br. Restrepo,4,2,6,AV. 1 de Mayo - KR 17,7889baa4-9d25-4d66-8fd5-e22ac07a8f81
"-74,10315004","4,582113403",9696,111B11,Br. Restrepo,4,2,6,AV. 1 de Mayo - KR 16,324ab2c0-0fb8-401f-9791-6712fd7f9a28
"-74,10470551","4,584054551",9697,110A11,Br. Restrepo,4,2,6,AV. 1 De Mayo - KR 20 Bis,7f2d440d-71c1-4c8c-9ccb-d87ab1c642da
"-74,10455377","4,583865342",9698,110B11,Br. Restrepo,4,2,6,AV. 1 de Mayo - KR 20,8c0597d3-6e08-4a7f-8179-0857d8fda43e
"-74,10574479","4,585365048",9699,109A11,Centro Médico Cruz Blanca,4,2,6,AV. 1 De Mayo - KR 22,b0b14fec-edbd-44fb-86af-4fde78002532
"-74,1056618","4,58525435",9700,109B11,Centro Médico Cruz Blanca,4,2,6,AV. 1 de Mayo - KR 24B,92eab0c1-24af-4bb4-8403-2872df39bf12
"-74,10741433","4,587457481",9701,108A11,Br. Restrepo Occidental,4,2,6,AV. 1 De Mayo - KR 24B,efda0820-c95b-4609-91be-f385b41fc46d
"-74,10722557","4,587219846",9702,108B11,Br. Restrepo Occidental,4,2,6,AV. 1 de Mayo - KR 24G,55f675d5-3fa5-4be0-b2e0-f72bc54d63ab
"-74,10870404","4,589075164",9703,101A11,Br. Restrepo Occidental,4,2,6,AV. 1 De Mayo - KR 26,1da9c3e6-280c-40a7-99fd-b682472297f8
"-74,10861661","4,588962745",9704,101B11,Br. Restrepo Occidental,4,2,6,AV. 1 de Mayo - KR 26,db2f56b4-7f61-4f37-baec-621506060f98
"-74,10922786","4,589774534",9705,078A10,Br. Santander,4,2,6,AV. 1 de Mayo - KR 27,0973a554-145a-47f7-9244-f80858585c77
"-74,1115563","4,593064824",9706,077A10,Br. Santander,4,2,6,AV. 1 de Mayo - KR 31,11a93ea6-2497-4c5d-aad5-81031983d55f
"-74,112757","4,595139",9707,076A10,SENA - NQS,4,2,6,AV. 1 de Mayo - KR 34,d25be449-f09e-4833-bb25-39a4e72a0587
"-74,11437555","4,597445321",9708,046A08,Br. Remanso Sur,4,2,6,AV. 1 de Mayo - KR 35A,0df0da46-ee06-4699-b69e-aeec6e5c458a
"-74,11778128","4,600440453",9709,207A08,Br. La Guaca,4,2,6,AV. 1 de Mayo - KR 51A,3effe709-4391-4426-951c-9fd58015129f
"-74,11979134","4,601757668",9710,047A08,Br. Remanso Sur,4,2,6,AV. 1 de Mayo - KR 41,6be37c55-b3f0-4b45-b33a-b56a6b6cf417
"-74,12300155","4,60383001",9711,206A08,Br. San Eusebio,4,2,6,AV. 1 de Mayo - KR 51,7f2c2137-13e1-4883-a2bb-2809591ac860
"-74,12284756","4,603732301",9712,206B08,Br. San Eusebio,4,2,6,AV. 1 de Mayo - KR 51,f8e67c26-cab9-4ae3-a2e2-e9aa00fd774c
"-74,12482695","4,605211777",9713,113A08,Br. San Eusebio,4,2,6,AV. 1 de Mayo - KR 51D,fd15f754-3c27-4bf8-9641-97a3e20582be
"-74,1246814","4,605083461",9714,113B08,Br. San Eusebio,4,2,6,AV. 1 de Mayo - KR 51D,3a42f2f3-2d43-4e9a-bc2f-916f483a2880
"-74,12705339","4,607547385",9715,208A08,Br. San Eusebio,4,2,6,AV. 1 de Mayo - KR 52A,4c1a58dd-547c-4232-8e5d-7edbf858d856
"-74,12651413","4,606986129",9716,208B08,Br. San Eusebio,4,2,6,AV. 1 de Mayo - KR 52A,4eb20207-baec-44ee-9efe-86fe731f7e5a
"-74,13262549","4,611652442",9717,209A08,Br. Provivienda Oriental,4,2,6,AV. 1 de Mayo - KR 68F,a62f9128-8335-40d9-a545-8b7d3c00690c
"-74,13223719","4,61142958",9718,209B08,Br. Provivienda Oriental,4,2,6,AV. 1 de Mayo - KR 68G,69df81c9-849c-419e-8d91-64386fcbee86
"-74,13170016","4,61110242",9719,209C08,Br. Provivienda Oriental,4,2,6,AV. 1 de Mayo - KR 68F,a10ab266-0da2-407d-b753-ef86718da622
"-74,13573695","4,614586203",9720,158A08,Br. Provivienda Oriental,4,2,6,AV. 1 de Mayo - KR 69 Bis A,3452e625-e86c-4ac0-9916-2c38501669a8
"-74,13510545","4,61385789",9721,158B08,Br. Provivienda Oriental,4,2,6,AV. 1 de Mayo - KR 69A,c3e20b25-d2e6-4bee-8300-c28454205099
"-74,13478493","4,61346689",9722,158C08,Br. Provivienda Oriental,4,2,6,AV. 1 de Mayo - KR 69,16e0955e-30e4-4b13-b7f9-d801001b0f06
"-74,13737053","4,616531949",9723,159A08,Br. Provivienda Oriental,4,2,6,AV. 1 de Mayo - KR 70B,7124557c-fcef-4aec-851c-d9fde13aaf66
"-74,13709067","4,616205557",9724,159B08,Br. Provivienda Oriental,4,2,6,AV. 1 de Mayo - KR 71D,65f435ce-8108-41f5-91f8-8c31a2650d81
"-74,13693132","4,61600536",9725,159C08,Br. Provivienda Oriental,4,2,6,AV. 1 de Mayo - KR 70B,07906500-6df5-4a4a-9551-e899d67abe4d
"-74,14316192","4,619406445",9726,185A08,Br. Ciudad Kennedy Oriental,4,2,6,AV. 1 de Mayo - CL 35 Sur,50e4b724-5c6c-4947-9e7b-bb4949bcded5
"-74,14259982","4,619374673",9727,185B08,Br. Ciudad Kennedy Oriental,4,2,6,AV. 1 de Mayo - CL 35 Sur,781a7044-56a9-424f-933b-aa58ffe18014
"-74,14592169","4,618734722",9728,184A08,CAI Oneida,4,2,6,AV. 1 de Mayo - CL 35B Sur,c9019140-7562-48ac-856c-81d05533d588
"-74,14549478","4,618875966",9729,184B08,CAI Oneida,4,2,6,AV. 1 de Mayo - CL 35B Sur,39a1ac20-6a1b-4f53-8842-d177c004cd01
"-74,15008729","4,617701532",9730,183A08,Br. Ciudad Kennedy Oriental,4,2,6,AV. 1 de Mayo - CL 38C Sur,fde8fd61-478d-4a9a-980e-8179e2c218e8
"-74,14914506","4,617889865",9731,183B08,Br. Ciudad Kennedy Oriental,4,2,6,AV. 1 de Mayo - CL 38 Sur,248ab3d7-9b34-444e-a164-bf1c52efe329
"-74,1538154","4,61704329",9732,182A08,Hsp. Occidente de Kennedy,4,2,6,AV. 1 de Mayo - CL 40 Sur,9c3ffb9c-fdd6-4c28-84d2-b844c9972874
"-74,15348804","4,617108222",9733,182B08,Hsp. Occidente de Kennedy,4,2,6,AV. 1 de Mayo - CL 40B Sur,98515031-e563-47cf-a199-aa9277e4af9d
"-74,1567755","4,616524111",9734,181A08,Br. Ciudad Kennedy Central,4,2,6,AV. 1 de Mayo - CL 40J Sur,121eeabf-db9e-440d-ad72-934eccc0d3ec
"-74,15647581","4,616575795",9735,181B08,Br. Ciudad Kennedy Central,4,2,6,AV. 1 de Mayo - CL 41 Sur,3638e027-95ad-4409-a73f-9f4e58862bc2
"-74,15929892","4,616079045",9736,638A08,Urb. Ciudad Kennedy,4,2,6,AV. 1 de Mayo - CL 41 G Sur,f5931934-f4e2-41ac-a36a-f802b4dab975
"-74,15890797","4,61614404",9737,638B08,Urb. Ciudad Kennedy,4,2,6,AV. 1 de Mayo - CL 41 G Sur,2899bd3a-089c-44ff-a706-b00f4b671273
"-74,16194674","4,615537315",9738,180A08,Br. Ciudad Kennedy,4,2,6,AV. 1 de Mayo - AC 43 Sur,1db04149-abb4-413a-b193-848ef4fdfd19
"-74,16153135","4,61565586",9739,180B08,Br. Ciudad Kennedy,4,2,6,AV. 1 de Mayo - CL 42C Sur,e9673a26-7266-467f-88cd-0364f91ce41f
"-74,16537463","4,614459551",9740,169A08,Colegio Giraldilla,4,2,6,AV. 1 de Mayo - CL 46B Sur,1c8804fb-d746-475a-a8a5-a8b9a4802119
"-74,16509115","4,614506153",9741,169B08,Colegio Giraldilla,4,2,6,AV. 1 de Mayo - CL 45 Sur,a03148b0-4479-451d-8f64-5a6f23929fc5
"-74,16964964","4,61383913",9742,161A08,Br. Pastrana,4,2,6,AV. 1 de Mayo - CL 51 Sur,96f9cc56-9476-47dc-8353-bcd4497c3d21
"-74,16950961","4,613861961",9743,161B08,Br. Pastrana,4,2,6,AV. 1 de Mayo - CL 50 Sur,6b51df93-3dd2-4ffc-9cc3-a2eccb69b214
"-74,17153442","4,613573748",9744,168A08,Br. Casablanca,4,2,6,AV. 1 de Mayo - DG 53B Sur,99e0a252-98d4-46d5-bd25-beef7b3ca402
"-74,17167761","4,613558485",9745,168B08,Br. Casablanca,4,2,6,AV. 1 de Mayo - CL 50 Sur,f6a94100-2fee-4e9d-ae63-e4019432405d
"-74,17405171","4,614117401",9746,166A08,Br. Casablanca,4,2,6,AV. 1 de Mayo - AV. A. Mejía,6e9386f6-0d9b-4658-93f7-825e92c24fc2
"-74,17393767","4,614037819",9747,166B08,Br. Casablanca,4,2,6,AV. 1 de Mayo - AV. A. Mejía,3f77f9d0-3691-4ce7-b1c7-86d99e05e5e4
"-74,17387872","4,613640308",9748,027A09,Br. Roma,4,2,6,AV. 1 de Mayo - KR 79D,26310776-ac91-4bec-b8bc-31b0ae7bf235
"-74,17410742","4,613804087",9749,027B09,Br. Roma,4,2,6,AV. 1 de Mayo - KR 79D,88267825-b4cb-4ec4-a550-21362e730f86
"-74,17037964","4,613431263",9750,029A09,Br. Catalina,4,2,6,AV. 1 de Mayo - KR 79,eff1cc3d-2745-4b7e-bef6-174eac80597a
"-74,17063258","4,613398288",9751,029B09,Br. Catalina,4,2,6,AV. 1 de Mayo - 51 Sur,b9e81721-9b01-4399-a808-a334496c0f31
"-74,16644441","4,614025352",9752,026A09,Br. Catalina,4,2,6,AV. 1 de Mayo - CL 48B Sur,0806b097-fae0-4a8d-9017-4b1179019b61
"-74,16663527","4,613973129",9753,026B09,Br. Catalina,4,2,6,AV. 1 de Mayo - CL 48A Sur,c25dca8d-fa00-402d-9be5-a109e2d2fb66
"-74,1635634","4,614703945",9754,107A09,Br. Tocarema,4,2,6,AV. 1 de Mayo - CL 44A Sur,0786608a-8104-4d2f-9764-2174d4c641e9
"-74,16375842","4,614620657",9755,107B09,Br. Tocarema,4,2,6,AV. 1 de Mayo - CL 44A Sur,53931386-4c13-4945-b7dd-f93fb32bbee7
"-74,16100929","4,615495738",9756,621A09,Urb. Pastrana,4,2,6,Av. 1 de Mayo - CL 42A Sur,9adfb18f-008f-40d9-8b12-a0fc91b69e91
"-74,16149594","4,615384697",9757,621B09,Urb. Pastrana,4,2,6,AV. 1 de Mayo - CL 42F Sur,086dbbe0-703b-49af-b90d-3f5bdd230dc4
"-74,15848177","4,6159552",9758,108A09,Br. Timiza,4,2,6,AV. 1 de Mayo - CL 41C Sur,2126342a-1277-48f4-89b8-af90479c8034
"-74,15921926","4,615820793",9759,108B09,Br. Timiza,4,2,6,AV. 1 de Mayo - CL 41G Sur,ebfceb0b-bfbe-4d19-9b83-137820d3906d
"-74,15585386","4,61642143",9760,106A09,Br. Timiza,4,2,6,AV. 1 de Mayo - CL 40K Sur,7ae779ce-56d9-4032-8796-c29ba6619ffc
"-74,15614825","4,616355428",9761,106B09,Br. Timiza,4,2,6,AV. 1 de Mayo - CL 41 Sur,c32ea93a-0828-422a-a020-82e382fc00af
"-74,15330078","4,616876865",9762,103A09,Hsp. Occidente de Kennedy,4,2,6,AV. 1 de Mayo - CL 40 Sur,5abf4a70-c4ce-4d60-a245-179148283bef
"-74,15376089","4,616795686",9763,103B09,Hsp. Occidente de Kennedy,4,2,6,AV. 1 de Mayo - CL 40B Sur,27b01060-ccce-4365-bfd7-01924262295c
"-74,14974379","4,617480126",9764,105A09,Br. Timiza,4,2,6,AV. 1 de Mayo - CL 38B Sur,c3ef7e9a-68cd-4aca-a9e4-dd51c2a911e8
"-74,15067556","4,617307722",9765,105B09,Br. Timiza,4,2,6,AV. 1 de Mayo - CL 39C Sur,b426699f-a8ad-4644-8a83-877ffcb172b0
"-74,14281959","4,619112747",9766,104A09,Br. Provivienda Occidental,4,2,6,AV. 1 de Mayo - CL 35B Sur,ead3f669-70ce-44c6-873d-ef3e41006a99
"-74,14372722","4,619042953",9767,104B09,Br. Provivienda Occidental,4,2,6,AV. 1 de Mayo - CL 35 Sur,6b740025-1bd8-4502-baa3-3006af359709
"-74,14429561","4,618892576",9768,104C09,Br. Provivienda Occidental,4,2,6,AV. 1 de Mayo - CL 35A Sur,8fb7f7ab-77eb-40c8-96b8-3e68105bc6fb
"-74,1371813","4,615852585",9769,099A09,Br. Provivienda,4,2,6,AV. 1 de Mayo - KR 71D,91ab2506-bf30-4ac2-9bfb-3a31a71af7aa
"-74,13734497","4,616058792",9770,099B09,Br. Provivienda,4,2,6,AV. 1 de Mayo - KR 70B,4e48f72d-c79e-49bb-a2b1-d92fce8f2313
"-74,13744004","4,616168438",9771,099C09,Br. Provivienda,4,2,6,AV. 1 de Mayo - KR70B,95701cc4-48e4-49e4-936d-35f930feaec3
"-74,13483279","4,613080452",9772,097A09,Br. Provivienda,4,2,6,AV. 1 de Mayo - KR 69B,4bae2207-eedb-407e-b6fd-beb02bbe8fd4
"-74,13498471","4,613279963",9773,097B09,Br. Provivienda,4,2,6,AV. 1 de Mayo - KR 69,9340ece3-baab-4398-9781-c7b0d03711c2
"-74,13521582","4,613546686",9774,097C09,Br. Provivienda,4,2,6,AV. 1 de Mayo - KR 69,00ea31de-a7fc-40ef-b31e-e51cf64e55c6
"-74,13142335","4,610603892",9775,098A09,Br. Provivienda,4,2,6,AV. 1 de Mayo - KR 68F,43a4e361-2954-4770-83a3-3f5b8e9eb471
"-74,13175686","4,61080737",9776,098B09,Br. Provivienda,4,2,6,AV. 1 de Mayo - KR 68D,cfe6babe-4b52-48f4-912f-a0f8686fc0bf
"-74,13256891","4,611290644",9777,098C09,Br. Provivienda,4,2,6,AV. 1 de Mayo - KR 68G,8ec32cdd-2bf1-4976-a898-8b20a6937231
"-74,12681142","4,606832942",9778,096A09,Br. Tejar,4,2,6,AV. 1 de Mayo - KR 52A,3106341e-12dd-40f2-91f9-4cf2b87372a2
"-74,12716814","4,607204634",9779,096B09,Br. Tejar,4,2,6,AV. 1 de Mayo - KR 51,206045c1-e905-468e-8e24-8da71efea821
"-74,12498472","4,604972296",9780,061A09,Br. Alcalá,4,2,6,AV. 1 de Mayo - KR 51D,74504cb0-cd6e-4797-b9a7-cb869f55b437
"-74,12516187","4,605141023",9781,061B09,Br. Alcalá,4,2,6,AV. 1 de Mayo - KR 51F,ccc79ee1-7082-4c26-873d-83e744be4f2e
"-74,12315324","4,603593501",9782,095A09,IED Benjamín Herrera,4,2,6,AV. 1 de Mayo - KR 51,8a134f3a-3b7e-4d03-a2bf-c303e2293558
"-74,12298262","4,603489861",9783,095B09,IED Benjamín Herrera,4,2,6,AV. 1 de Mayo - KR 50B,bcbfe318-df1d-4e46-9adb-7bf16d759ddd
"-74,11992427","4,601517947",9784,025A09,IED Benjamín Herrera,4,2,6,AV. 1 de Mayo - KR 40B,4d6b6c8f-d63f-4d55-9eac-8753837e622d
"-74,11711588","4,599467356",9785,094A09,Río Fucha,4,2,6,AV. 1 de Mayo - KR 38B,2735cd2c-a5d8-4425-a0f0-f7114526b20e
"-74,11456027","4,597206763",9786,093A09,Br. San Jorge Central,4,2,6,AV. 1 de Mayo - KR 35A,bd416f7a-83bf-45bd-88ec-a45aa4c6dcc3
"-74,11283653","4,594699596",9787,021A10,Br. Eduardo Frei,4,2,6,AV. 1 de Mayo - KR 33,852dd635-2a69-4269-98a8-24b90d464d63
"-74,11170647","4,592799295",9788,085A10,Br. Santander,4,2,6,AV. 1 de Mayo - KR 31,84eefd9e-1faa-4522-a4cb-29162f094723
"-74,10978113","4,590079957",9789,086A10,Br. Santander Sur,4,2,6,AV. 1 de Mayo - KR 28,d8e2115a-e37a-4b65-a06d-38d736ae0f2f
"-74,10835721","4,588191909",9790,107A11,Br. Santiago Pérez,4,2,6,AV. 1 de Mayo - KR 25,2f705b63-20f2-4349-b056-b1f27eba422a
"-74,10880671","4,588766214",9791,107B11,Br. Santiago Pérez,4,2,6,AV. 1 de Mayo - KR 26,39c20126-293c-4fc8-afc4-d9266eded4ea
"-74,10750994","4,587157572",9792,033A11,Br. El Centenario,4,2,6,AV. 1 de Mayo - KR 24B,2ed0cf9e-12c2-418d-be03-a0e3229064c8
"-74,10766134","4,587320678",9793,033B11,Br. El Centenario,4,2,6,AV. 1 de Mayo - KR 24C,f8201a5b-e0d4-4552-8d9c-d5454cbadc10
"-74,10568856","4,584817868",9794,102A11,Campo deportivo el Centenario,4,2,6,AV. 1 De Mayo - KR 22,6906037d-cd4f-4cdb-b64b-ef9e4ed02d4b
"-74,10579789","4,584988568",9795,102B11,Campo deportivo el Centenario,4,2,6,AV. 1 de Mayo - KR 24B,f3cb931c-e045-4d7d-93d2-10106f3427dc
"-74,10456229","4,583457002",9796,103A11,Br. Olaya,4,2,6,AV. 1 de Mayo - KR 19,765258eb-c15d-4958-b82e-566dcebc8aff
"-74,10492355","4,583888665",9797,103B11,Br. Olaya,4,2,6,AV. 1 de Mayo - KR 20,c6a112e9-4aee-4c37-9749-91572fe99c4e
"-74,1029433","4,581472733",9798,104A11,Br. Olaya,4,2,6,AV. 1 de Mayo - KR 16,b50f03c3-ddfd-4cf7-9100-2ca504a090f0
"-74,10346042","4,582055276",9799,104B11,Br. Olaya,4,2,6,AV. 1 de Mayo - KR 18C,c9e163f8-994c-40e3-bae5-7ef489f37e6c
"-74,10155222","4,580444393",9800,079A12,Br. San José Sur,4,2,6,AV. 1 de Mayo - KR 14,9e3f576a-0a45-44a3-b0e5-eed31c7d292f
"-74,10214393","4,580836863",9801,079B12,Br. San José Sur,4,2,6,AV. 1 de Mayo - KR 12G,24ac9b87-ec85-4e01-9848-636303100f2d
"-74,1002461","4,579580231",9802,080A12,Universidad Antonio Nariño,4,2,6,AV. 1 de Mayo - KR 13 Bis,968595c5-afe1-4b48-b188-047aeda5bbc3
"-74,10052268","4,579751611",9803,080B12,Universidad Antonio Nariño,4,2,6,AV. 1 de Mayo - KR 12D,f30c4cae-6612-4ab8-8428-e836d2dc61c9
"-74,09753877","4,577736264",9804,083A12,Br. San José Sur,4,2,6,AV. 1 de Mayo - KR 11,c523c4c0-7aad-4b56-becd-9ddea1115aea
"-74,09792173","4,57798581",9805,083B12,Br. San José Sur,4,2,6,AV. 1 de Mayo - KR 11B,d4a4b7eb-1d4f-43a2-9bc5-763bbd3f87fd
"-74,09504795","4,575973058",9806,084A12,Br. Sociego Sur,4,2,6,AV. 1 de Mayo - KR 10A,62bf42f3-4fe9-43a7-be2c-57399d661d5f
"-74,09589897","4,576604723",9807,084B12,Br. Sociego Sur,4,2,6,AV. 1 de Mayo - KR 10A,6b041fe0-f395-4542-9ccb-84f8eedcf71b
"-74,09373214","4,574755018",9808,100A13,Hsp. San Cristóbal,4,2,6,AV. 1 de Mayo - KR 9A,c655c9d3-7591-4c39-b526-8dae767207c4
"-74,09395231","4,574980131",9809,100B13,Hsp. San Cristóbal,4,2,6,AV. 1 de Mayo - KR 8A,40f665f0-76c2-451c-a13f-891b388f8c34
"-74,09216531","4,573065895",9810,102A13,Carrera 6,4,2,6,AV. 1 de Mayo - KR 6,4b1fe7fb-bf29-4d04-9caa-2c16ffa666a0
"-74,09092609","4,571869635",9811,104A13,Br. Granada Sur,4,2,6,AV. 1 de Mayo - KR 5,10babbc2-ee9d-4981-a5c8-36139dea37d2
"-74,08891311","4,570600379",9812,002A13,Carrera 2,4,2,6,AV. 1 de Mayo - KR 2,3c48b02a-4c40-4923-a099-455bc29cf5d5
"-74,08683376","4,569385899",9813,105A13,Colegio San Blas,4,2,6,AV. 1 de Mayo - KR 2B Este,3a95ae2b-6f6e-46cf-9e83-403d970b7744
"-74,08342825","4,570310222",9814,097A13,Hsp San Blas,4,2,6,TV 2B Este - CL 17 Sur,08898d9c-2bed-4765-97ee-3d2120e5d291
"-74,146353","4,618338",9815,627A09,Br. Kennedy Supermanzana 6B,4,2,6,Av. 1 de Mayo - CL 37 Sur,6c86fd3d-7690-45f4-b170-7319d2795912
"-74,146633","4,618244",9816,627B09,Br. Kennedy Supermanzana 6B,4,2,6,Av. 1 de Mayo - CL 37 Sur,111e6820-926f-479a-a234-4b85ae47e385
"-74,15685953","4,62907209",9817,114A08,Corabastos,4,2,6,AV. A. Mejía - CL 36 Sur,6dd0fff4-d29e-4bb2-ae1e-581269d1acf6
"-74,15931644","4,62637974",9818,006A08,Pq. Metropolitano Cayetano Cañizares,4,2,6,AV. A. Mejía - CL 38 Sur,93ba3fef-261c-4713-831d-3233b6ab8337
"-74,16257061","4,62300179",9819,008A08,Pq. Metropolitano Cayetano Cañizares,4,2,6,AV. A. Mejía - CL 41C Sur,a5fb6aec-381c-4e6d-9741-19fd543b222f
"-74,16512493","4,62155285",9820,179A08,Br. Villa Nelly III Los Alisos,4,2,6,AV. A. Mejía - CL 42C Sur,55fe3d84-ae5f-4690-8304-ed85ca43f980
"-74,16781547","4,619996101",9821,165A08,Salón Comunal Calarcá,4,2,6,AV. A. Mejía - CL 45A Sur,4623a8cb-6ab8-44c0-9cdc-576306400b6a
"-74,16759247","4,620162254",9822,165B08,Salón Comunal Calarca,4,2,6,AV. A. Mejía - CL 45A Sur,cbefff81-7799-4291-b3b2-093d1a6fe80d
"-74,17017065","4,617972641",9823,177A08,Br. Casablanca,4,2,6,AV. A. Mejía - CL 49 Sur,0f1ecc88-1601-4372-a2c5-45ece5e257d2
"-74,17237586","4,616353864",9824,175A08,IED Nuevo Kennedy Sede C,4,2,6,AV. A. Mejía - CL 51B Sur,b4f4e8ac-5e16-43cc-bcc2-d65c357ef55c
"-74,174206","4,614977",9825,173A08,Av. 1 de Mayo,4,2,6,AV. A. Mejía - AV. 1 de Mayo,8ddd94ff-95af-4413-83b3-da914df30ffb
"-74,17595707","4,613553277",9826,610A09,Br. Class,4,2,6,AV. A. Mejía  - CL 57 Sur,0ce4ebc2-3258-4fe9-b153-bf50459e3ee7
"-74,17563772","4,613841906",9827,610B09,Br. Class,4,2,6,AV. A. Mejía  - CL 56 Sur,546ee486-e2f8-433f-bec8-c072ba38eb16
"-74,17736841","4,612244064",9828,101A09,Br. Class,4,2,6,AV. A. Mejía - CL 57D Sur,af976dea-01c5-48f4-b998-ba3028f2e93d
"-74,17714431","4,612458875",9829,101B09,Br. Class,4,2,6,AV. A. Mejía - CL 57B Sur,5b656b37-b5c9-44d3-b988-4af1ff06c27c
"-74,18074358","4,60919658",9830,102A09,Urb. Clarelandia del Sur,4,2,6,AV. A. Mejía - CL 58K Sur,77b15d1b-bbd2-4c9d-98f1-6149748a46a6
"-74,18029477","4,60964716",9831,102B09,Urb. Clarelandia del Sur,4,2,6,AV. A. Mejía - CL 58J Sur,2e071642-01d4-44f9-8442-df9294b36060
"-74,18260129","4,607522689",9832,511A09,Br. Bosa,4,2,6,AV. A. Mejía - CL 61 Sur,96c22354-53d4-4c1c-abf9-87155f2f13f8
"-74,18232903","4,607679081",9833,511B09,Br. Bosa,4,2,6,AV. A. Mejía - CL 60 Sur,b92417c8-a271-49dd-a951-953c71d57bfa
"-74,18257645","4,607267136",9834,520A09,Br. La Capilla,4,2,6,AV. A. Mejía - CL 60A Sur,1f6c8288-b328-4da3-8783-1e3c2e5e30e6
"-74,18281671","4,607138368",9835,520B09,Br. La Capilla,4,2,6,AV. A. Mejía - CL 59 Sur,b8de199f-a588-45b7-9e8e-39955148f422
"-74,17909801","4,610367715",9836,054A09,Br. José Antonio Galán,4,2,6,AV. A. Mejía - CL 58K Sur,b6558e4a-44ee-4877-a8c6-e1e96b79960d
"-74,17945373","4,610070479",9837,054B09,Br. José Antonio Galán,4,2,6,AV. A. Mejía - CL 58IBis Sur,e22e7a1e-5a64-4ced-bed9-0d7f6ef335db
"-74,17732897","4,611936516",9838,100A09,Br. Roma,4,2,6,AV. A. Mejía - CL 57B Sur,b80ce1de-46a3-450b-bfab-242b0ac7076e
"-74,17763035","4,611644203",9839,100B09,Br. Roma,4,2,6,AV. A. Mejía - CL 57G Sur,43bf5694-7d4e-44b7-b429-984f4f4a7ac9
"-74,17530833","4,613780076",9840,569A09,CAI Roma,4,2,6,AV. A. Mejía - CL 55A Sur,9fe17c20-7714-485d-92f8-338683beca81
"-74,17405943","4,61485869",9841,172A08,Av. 1 de Mayo,4,2,6,AV. A. Mejía - CL 53A Sur,ffd7e00b-703f-473c-819c-664b8bf61717
"-74,17187652","4,616452611",9842,174B08,Br. Casablanca,4,2,6,AV. A. Mejía - CL 51A Sur,d7a424fc-a94e-4a7f-bc1b-ec480e4c3af4
"-74,16971044","4,618040868",9843,176B08,Cl 47B S,4,2,6,AV. A. Mejía - CL 48A Sur,723bd514-f0bc-454f-918b-dafa6f38a378
"-74,16732093","4,620134656",9844,167A08,Pq Casablanca,4,2,6,AV. A. Mejía - CL 45A Sur,43635fc8-f14d-49fb-9744-41c2acd7c2b5
"-74,16505392","4,621362968",9845,178A08,IED San José,4,2,6,AV. A. Mejía - CL 42C Sur,0da2c1ce-22e4-47b0-b461-d873ee5afd07
"-74,16208036","4,623118816",9846,007A08,IED San Pedro Claver,4,2,6,AV. A. Mejía - CL 41B Sur,05f05d2d-d8f0-4db2-ad95-7b8abba0fb34
"-74,15943273","4,625984281",9847,005A08,IED Francisco de Paula Santander,4,2,6,AV. A. Mejía - CL 38C Sur,7ad1115c-9f13-4771-bcb1-5dcb8c085144
"-74,15752915","4,62805883",9848,187A08,Corabastos,4,2,6,AV. A. Mejía - CL 36A Sur,50b50c21-1943-45a8-9811-9b2b149dfcb5
"-74,15532435","4,630512058",9849,188A08,Br. Ciudad Kennedy Norte,4,2,6,AV. A. Mejía - CL 34 Sur,ef30a67e-16cc-4f4e-ade8-543c21c402e8
"-74,07997261","4,624208307",9850,133A00,Plaza de la Democracia,4,2,6,AV. Américas - KR 29,6b6c2833-1114-4ac3-9bf5-973b7c3013e0
"-74,08743041","4,625733187",9851,393A06,Br. Antonio Nariño,4,2,6,AV. Américas - KR 33,673a10b7-b262-49bb-8c84-76b4c895cfc6
"-74,09041621","4,626037759",9852,031A06,Br. Centro Nariño,4,2,6,AV. Américas - AK 36,db49dace-e304-4a56-bf99-f2b6150bdbc2
"-74,09473714","4,626510121",9853,032A06,Br. Ortezal,4,2,6,AV. Américas - TV 39,e7eb43aa-a119-4544-86d2-127d60170981
"-74,09857095","4,62693274",9854,033A06,Br. Ortezal,4,2,6,AV. Américas - KR 43A,37c0249f-2fe7-4c00-93bc-d314fbfe8573
"-74,11032248","4,628053159",9855,064A07,Br. Salazar Gómez,4,2,6,AV. Américas - KR 53,8c322ffa-ebd4-47d4-8744-221cc9e44463
"-74,115032","4,628564315",9856,333A07,Br. Eduardo Santos,4,2,6,AV. Américas - KR 59,9daae07e-e25a-4e08-aa5f-6d58e9a307c9
"-74,11883583","4,628937848",9857,062A07,Estación Pradera,4,2,6,AV. Américas - KR 65,7d4f0ff4-663b-4131-9a60-c2a46a352405
"-74,12857034","4,629829046",9858,061A07,Estación Marsella,4,2,6,AV. Américas - KR 69C,ed803067-4909-4be2-bafc-186695e07ccb
"-74,13424596","4,630501143",9859,060A07,Estación Mundo Aventura,4,2,6,AV. Américas - KR 71B Bis,2b26a148-37ec-4768-802c-22b45fd78e62
"-74,14104694","4,631186367",9860,059A07,Estación Mandalay,4,2,6,AV. Américas - KR 72B,35a655c4-eb5a-48cb-a5b5-7cf2f9c13cca
"-74,14421052","4,631476945",9861,058A07,Estación Banderas,4,2,6,AV. Américas - KR 78A,c2c3d1fc-64ba-4463-be50-22058a6e15ee
"-74,15252686","4,635192958",9862,045A07,IED Isabel II,4,2,6,AV. Américas - KR 80C,849668cd-6425-4d32-945a-95b8614d92a5
"-74,15453623","4,637711382",9863,046A07,Br. Ciudad Techo II,4,2,6,AV. Américas - KR 82A,9be40846-cf5c-485c-ae6e-1344543452c4
"-74,15550169","4,638358393",9864,052A08,Estación Biblioteca Tintal,4,2,6,AV. Américas - KR 82,c80fb88e-45dc-4af7-90a1-d9b577a08cf7
"-74,15275973","4,634320483",9865,051A08,Estación Tv  86,4,2,6,AV. Américas - KR 80C,f3dfea94-f9ab-449e-be80-6dc21ded7d40
"-74,14310241","4,6306361",9866,092A08,Br. Mandalay,4,2,6,AV. Américas - KR 73C,94ae7c84-eb88-4b87-bec8-0608336124cb
"-74,14112198","4,630438926",9867,093A08,Estación Mandalay,4,2,6,AV. Américas - KR 73,52eab7ae-cc0a-4de6-a880-dacabd3561a3
"-74,1344706","4,629771246",9868,094A08,Estación Mundo Aventura,4,2,6,AV. Américas - KR 71B,85bccb7d-baa4-4fc6-9b5c-a3d1c6755424
"-74,12871997","4,629218718",9869,095A08,Estación Marsella,4,2,6,AV. Américas - KR 69B,c85b0663-e42c-4267-9618-da11bb59b362
"-74,11913547","4,628154787",9870,063A07,Estación Pradera,4,2,6,AV. Américas - KR 65,dd023573-20fe-4467-8ab9-b068ac4f8922
"-74,11551268","4,62787222",9871,332A07,Br. La Trinidad,4,2,6,AV. Américas - KR 60,2ce16aad-a275-45e7-a38b-140a260b7db8
"-74,10996834","4,627277181",9872,065A07,Estación Américas - Cra. 53 A,4,2,6,AV. Américas - KR 53A,9d2545af-8645-4e12-bf24-52cda4b4dac3
"-74,10067674","4,626205998",9873,029A07,Br. El Ejido,4,2,6,AV. Américas - KR 44,19183ddb-6f53-4716-a553-8500b0b542c8
"-74,09574903","4,62567975",9874,028A07,Br. Industrial Centenario,4,2,6,AV. Américas - TV 39,e3a953c4-334d-42b2-891d-c63e84a6a095
"-74,09222025","4,625661811",9875,027A07,Br. Centro Urbano,4,2,6,AV. Américas - AK 36,06826f1e-94f3-4d00-879e-5d1526bfa2fd
"-74,08544245","4,624925856",9876,350A07,Br. La Florida Occidental,4,2,6,AV. Américas - KR 31,37344ab6-ee74-4509-98d0-3b2c4109988a
"-74,08011979","4,623954361",9877,132A00,Br. Torre de las Américas,4,2,6,AV. Américas - KR 27B,0e3c97ae-5f2d-485b-9ecd-72a55ffd5088
"-74,06635014","4,759866633",9878,001A02,Gimnasio Iragua,4,2,6,AV. Boyacá - AC 170,27e74361-10a9-4d46-a337-e4e17aab0c1a
"-74,06601996","4,756574595",9879,162A02,Colegio Marymount,4,2,6,AV. Boyacá - CL 169B,d28944c1-942e-4065-868b-b285ed98eb32
"-74,06540705","4,752008773",9880,160A02,Br. Portales del Norte,4,2,6,AV. Boyacá - CL 167,aed1d7b1-fc84-46f0-8f06-b727ded2ea0c
"-74,06512691","4,746640362",9881,113A02,Br. Portales del Norte,4,2,6,AV. Boyacá - CL 163,077715e3-8f32-48da-b25f-1992099aabbc
"-74,06536869","4,743139574",9882,051A02,Br. Gilmar,4,2,6,AV. Boyacá - AC 153,78f55ef6-7802-4c77-8422-3c28c4023ffd
"-74,06571067","4,740507547",9883,111A02,Br. Casablanca,4,2,6,AV. Boyacá - CL 152B,f7f45b0f-9613-4ef4-a724-1d8dbc50a3a3
"-74,06632672","4,737446009",9884,331A02,Br. El Plan,4,2,6,AV. Boyacá - CL 147,556475c8-2683-476e-8457-41e7f04583f7
"-74,06715031","4,73413904",9885,004A02,Escuela de Carabineros,4,2,6,AV. Boyacá - AC 147,dde2bec6-235f-45ff-93c7-860d943e9b42
"-74,06927059","4,729069766",9886,108A02,Br. Iberia,4,2,6,AV. Boyacá - AC 138,99d5461b-0a28-46a0-a059-28d79cfca787
"-74,07153572","4,7259381",9887,022A02,Br. Iberia,4,2,6,AV. Boyaca - AC 134,7d967866-29b7-44e2-afad-27c7d5dddc4e
"-74,07324588","4,723893035",9888,005A02,Br. Ciudad Jardín Norte,4,2,6,AV. Boyacá - AV. Suba,0a5411ae-19cf-46c0-b081-e1eb91de72a7
"-74,07558327","4,718599915",9889,198A03,Estación Suba-AV. Boyacá,4,2,6,AV. Boyacá - CL 128A,fa104c33-8bfa-42f2-9694-6a311cdeba09
"-74,0765831","4,715361184",9890,015A03,Montessori British School,4,2,6,AV. Boyacá - CL 128,5d00d3de-7c68-4cd5-80bd-1aeb26bd661b
"-74,07911749","4,711567898",9891,166A03,Calatrava,4,2,6,AV. Boyacá - CL 127A Bis,00676c1a-9c6c-478a-b55f-9fc71936053a
"-74,08058342","4,709208123",9892,003A03,Pq. Alto de los Lagartos,4,2,6,AV. Boyacá - AC 127,8a7b9b60-ff6e-477d-a2f8-09f3a681081f
"-74,08080161","4,708812563",9893,003B03,Pq. Alto de los Lagartos,4,2,6,AV. Boyacá - AC 127,e31d9664-84bd-47d1-a8c8-f9d7f452904f
"-74,08169263","4,707053859",9894,587A03,Club Los Lagartos,4,2,6,AV. Boyacá - CL 119,65aa59a3-70fa-4a28-9ca5-ba54b97a3679
"-74,08154276","4,707342035",9895,587B03,Club Los Lagartos,4,2,6,AV. Boyacá - CL 119,d4f5dd88-2e9a-484e-a90f-c02df2ae9df3
"-74,08181291","4,700536782",9896,200A03,Club Los Lagartos,4,2,6,AV. Boyacá - AC 116,6a8b064b-dc8b-493d-9ea8-40201f4af481
"-74,08175255","4,700822913",9897,200B03,Club Los Lagartos,4,2,6,AV. Boyacá - AC 116,607128f1-a332-464e-a673-e2a163cc976d
"-74,08275226","4,69771056",9898,083A03,Club Los Lagartos,4,2,6,AV. Boyacá - CL 96A,0f591e36-2e12-4904-8afe-03421fa385f4
"-74,08260002","4,697911238",9899,083B03,Club Los Lagartos,4,2,6,AV. Boyacá - CL 96A,fbddb7eb-5305-448f-8a9f-aadc1e1e409f
"-74,08702731","4,696264986",9900,106A04,Makro Calle 80,4,2,6,AV. Boyacá - AC 80,687e3d07-0bd8-4ee5-a718-c305944567ba
"-74,08609223","4,696465626",9901,106B04,Makro Calle 80,4,2,6,AV. Boyacá - CL 81B,bdc75502-90d2-4289-ad88-e66671ba4d37
"-74,0913697","4,693472384",9902,107A04,Br. Santa María,4,2,6,AV. Boyacá - CL 77A,ea0835ed-1967-4d3b-af23-a7425a53d261
"-74,09110189","4,694024553",9903,107B04,Br. Santa María,4,2,6,AV. Boyacá - CL 77A,85a7a239-92cb-467e-95e6-0401054f9b15
"-74,09336638","4,689984081",9904,108A04,IED Tabora Sede B,4,2,6,AV. Boyacá - CL 74,5cf52e76-2be9-4861-ad98-bcd928933499
"-74,0930773","4,690398922",9905,108B04,IED Tabora Sede B,4,2,6,AV. Boyacá - CL 74,45af9919-90f4-467b-9505-d72b6d100d09
"-74,0950398","4,687570779",9906,109A04,Avenida Chile,4,2,6,AV. Boyacá - AC 72,2e3f6aa8-bbe0-4fa9-8a0b-9033a448b1cc
"-74,09495004","4,68768471",9907,109B04,Avenida Chile,4,2,6,AV. Boyacá - AC 72,e36290f8-c7e1-4179-8a0f-b175a31d021b
"-74,09725566","4,684400607",9908,032A05,Br. Boyacá,4,2,6,AV. Boyacá - CL 69A,ac8cc8b0-6cf1-4e89-b231-fe69012ff212
"-74,09699297","4,684776362",9909,032B05,Br. Boyacá,4,2,6,AV. Boyacá - CL 69A,4bde3a12-a48d-4e71-8759-e40ae791fe88
"-74,099061","4,681795491",9910,007A05,Colegio Andrés Frey,4,2,6,AV. Boyacá - CL 66A,eabd1eb3-308a-4968-9a70-cc6da84f79f1
"-74,09894397","4,681960493",9911,007B05,Colegio Andrés Frey,4,2,6,AV. Boyacá - CL 66A,253d0ca8-6263-40f3-8b72-461007bfa915
"-74,10146013","4,67871856",9912,127A05,Br. Lujan,4,2,6,AV. Boyacá - CL 64H,ecb6bfa4-f94a-4982-b6d4-b9d47ae6e597
"-74,10125092","4,679016152",9913,127B05,Br. Lujan,4,2,6,AV. Boyacá - CL 64H,c65c8f03-c44b-4737-b452-43fddbf1162c
"-74,10358311","4,675746662",9914,026A05,Br. El Encanto,4,2,6,AV. Boyacá - AC 63,726e2268-d4f4-469e-a45e-dd271b65bdf4
"-74,10316695","4,676343512",9915,026B05,Br. El Encanto,4,2,6,AV. Boyacá - CL 63F,b30a83be-edcd-4e71-969b-0dc6c08dff3d
"-74,10657332","4,671841292",9916,129A05,Br. Normandía,4,2,6,AV. Boyacá - AC 53,c10737a5-841b-426d-9e34-68c4747867cd
"-74,10630554","4,672108717",9917,129B05,Br. Normandía,4,2,6,AV. Boyacá - CL 53A,62d13e7b-576a-4d20-a16a-eea77aa56a9c
"-74,10995961","4,668452112",9918,444A05,Br. Normandía Occidental,4,2,6,AV. Boyacá - CL 48,ae273145-ccd0-4345-a0a7-664567b4c0e4
"-74,1097233","4,668675354",9919,444B05,Br. Normandía Occidental,4,2,6,AV. Boyacá - CL 49A,29ccc727-c7ce-4035-b7e0-2d306779e804
"-74,11244258","4,665883558",9920,008A05,Avenida Calle 26,4,2,6,AV. Boyacá - AC 26,e4af544c-932c-4e36-bdf6-7ac055f8d505
"-74,11178903","4,666618112",9921,008B05,Avenida Calle 26,4,2,6,AV. Boyacá - AC 26,e657fb55-91f9-4ae4-b738-2cd8cdf474a9
"-74,11542463","4,662425868",9922,007A06,Avenida Esperanza,4,2,6,AV. Boyacá - AV. Esperanza,ef4c4386-dc95-4ce9-8b2c-1385752a97b6
"-74,11561281","4,662201358",9923,007B06,Avenida Esperanza,4,2,6,AV. Boyacá - AV. Esperanza,31565338-2eeb-4dc2-9963-0e1b89de866c
"-74,11582765","4,661936491",9924,007C06,Avenida Esperanza,4,2,6,AV. Boyacá - AV. Esperanza,86bddb75-0973-4948-a0cb-c4998c860ca9
"-74,11841597","4,658944722",9925,133A06,C.C. Los Tres Elefantes,4,2,6,AV. Boyacá - CL 23,2fac358a-1027-4127-b1ca-0b304b4131cc
"-74,11802546","4,659415924",9926,133B06,C.C. Los Tres Elefantes,4,2,6,AV. Boyacá - CL 23,5a178dee-cce6-4ab3-8ef7-b980f4a56384
"-74,1177808","4,659691505",9927,133C06,C.C. Los Tres Elefantes,4,2,6,AV. Boyacá - CL 23,72fb6514-4bee-4215-b5f1-253ad8545b80
"-74,12144056","4,655468366",9928,196A06,C.C Montevideo Plaza,4,2,6,AV. Boyacá - AC 22,c66c4309-ae57-4565-8b5a-96cb401cd196
"-74,1217096","4,655172154",9929,196B06,C.C Montevideo Plaza,4,2,6,AV. Boyacá - CL 22,a607ff08-f216-45d8-a054-6950bd154560
"-74,12122222","4,655714615",9930,196C06,C.C Montevideo Plaza,4,2,6,AV. Boyacá - CL 22,aa0d9b7a-6134-4f5b-9fbf-19beb3c0da9e
"-74,12559403","4,650820835",9931,135A06,Avenida Calle 17,4,2,6,AV. Boyacá - AV. Centenario,646ac68c-4313-4588-b398-b942a9e4c82f
"-74,12521205","4,65125337",9932,135B06,Avenida Calle 17,4,2,6,AV. Boyacá - CL 17,bb43d7c4-149b-4ef4-a07a-2bcfbebbcaf3
"-74,12478825","4,651634385",9933,135C06,Avenida Calle 17,4,2,6,AV. Boyacá - CL 17,e5082e70-cd2f-4ef3-af10-c8e2d01431ec
"-74,12816078","4,648306897",9934,055A07,Br. Interindustrial,4,2,6,AV. Boyacá - CL 13,20327a3c-952e-49f0-81b0-2ec494daa510
"-74,12850545","4,648048638",9935,055B07,Br. Interindustrial,4,2,6,AV. Boyacá - AV. Centenario,a353c7a3-7317-493c-bd7a-5b3880482a12
"-74,12794207","4,648478939",9936,055C07,Br. Interindustrial,4,2,6,AV. Boyacá - AV. Centenario,1a7f098c-19d0-44c1-ae41-dec40a832297
"-74,13090453","4,646219314",9937,344A07,Br. Nuevo Techo,4,2,6,AV. Boyacá - CL 12 Bis,80a939bc-007b-425c-bf91-3257873a19cc
"-74,131207","4,645924",9938,344B07,Br. Nuevo Techo,4,2,6,AV. Boyacá - CL 12 Bis,1f8e3ef1-dfa7-480b-840f-60e6598ca97b
"-74,1303283","4,646683663",9939,344C07,Br. Nuevo Techo,4,2,6,AV. Boyacá - CL 15,73747362-c316-45e0-b22d-9c9b9c1f226d
"-74,13306833","4,64392792",9940,093A07,Avenida Alsacia,4,2,6,AV. Boyacá - AC 12,5334d982-fb6f-4556-a79a-3b1420b24170
"-74,13285932","4,644177393",9941,093B07,Avenida Alsacia,4,2,6,AV. Boyacá - CL 11B,80cb2bce-13a4-4997-9b27-24ce7915d8e9
"-74,13223254","4,644906551",9942,093C07,Avenida Alsacia,4,2,6,AV. Boyacá - CL 11F,dd64be1a-a8eb-43bb-b2c2-57bb088ff0be
"-74,13509251","4,640993947",9943,107A07,Cooperativa de Sub-Oficiales,4,2,6,AV. Boyacá - CL 10,34a7db8c-de2d-46f8-bf79-e011368cae97
"-74,13541624","4,640476818",9944,107B07,Cooperativa de Sub-Oficiales,4,2,6,AV. Boyacá - CL 10A,d8aa34cc-aa55-436a-8321-2e8a7d361b4e
"-74,13523661","4,640768752",9945,107C07,Cooperativa de Sub-Oficiales,4,2,6,AV. Boyacá - CL 10A,bea7597c-345a-455c-81ca-9cf253f8f00f
"-74,13679376","4,637662942",9946,068A07,Bavaria,4,2,6,AV. Boyacá - AC 8,4be699ea-db30-4e24-a413-d4cecad7f8b7
"-74,13667205","4,637967181",9947,068B07,Bavaria,4,2,6,AV. Boyacá - CL 8A,84cdb2b7-3d31-4e79-82bf-21b118b7175f
"-74,13653779","4,63829137",9948,068C07,Bavaria,4,2,6,AV. Boyacá - CL 8A,ec5bf0cf-9661-494f-9e35-8e2e3bbf6e10
"-74,13780577","4,63252139",9949,102A07,Avenida Américas,4,2,6,AV. Boyacá - CL 6D,318d7586-73b3-4d85-907c-7a210c514fb4
"-74,13777051","4,63282008",9950,102B07,Avenida Américas,4,2,6,AV. Boyacá - CL 6D,c233542d-ddf8-4e9d-b6b4-cc215659d32d
"-74,13773069","4,633280102",9951,102C07,Avenida Américas,4,2,6,AV. Boyacá - CL 6D,c3d2b385-0d97-4e87-8f34-6981c01650f8
"-74,13831855","4,627317837",9952,581A08,Br. Las Américas Occidental,4,2,6,AV. Boyacá - CL 3B,a928a8c1-c606-4a50-9bae-dcf72e4db3a5
"-74,13828661","4,627629599",9953,581B08,Br. Las Américas Occidental,4,2,6,AV. Boyacá - CL 4,2a068e07-f431-4135-8f51-d2fec6afe2c8
"-74,1382544","4,627921695",9954,581C08,Br. Las Américas Occidental,4,2,6,AV. Boyacá - CL 4,d0cdf0e9-dc05-43e8-bf03-b7b1546451ed
"-74,13866961","4,623773457",9955,157A08,Pq. Mundo Aventura,4,2,6,AV. Boyacá - CL 2,9c252ab5-c50f-47c2-8c6b-50202195de36
"-74,13864221","4,624065626",9956,157B08,Pq. Mundo Aventura,4,2,6,AV. Boyacá - CL 2A,7a2ca950-ad03-48d3-b709-3c276da713eb
"-74,13860898","4,624367134",9957,157C08,Pq. Mundo Aventura,4,2,6,AV. Boyacá - CL 2A,59c6e902-77b3-4298-adce-d7493fc37dee
"-74,14041185","4,616080371",9958,015A09,Avenida 1 de Mayo,4,2,6,AV. Boyacá - AV. 1 de Mayo,43eab77b-4a1f-4e75-8c54-e6e08c740156
"-74,13996643","4,617819362",9959,015B09,Avenida 1 de Mayo,4,2,6,AV. Boyacá - AV. 1 de Mayo,ac901cbe-0f03-4e4b-a0a3-15cec258ee49
"-74,14102965","4,612774698",9960,062A09,Parroquia San Cayetano,4,2,6,AV. Boyacá - CL 37B Sur,c204907a-9191-4424-8472-e5f1cf946809
"-74,14115049","4,61193984",9961,062B09,Parroquia San Cayetano,4,2,6,AV. Boyacá - CL 37C Sur,cf17be2e-5bab-4139-87a6-4b4689ced3de
"-74,1420731","4,606924691",9962,016A09,IED Alfonso López Pumarejo,4,2,6,AV. Boyacá - CL 39 Sur,5d61eb0c-6db7-4938-aef0-f3c617d9cb06
"-74,14183007","4,607645159",9963,016B09,IED Alfonso López Pumarejo,4,2,6,AV. Boyacá - CL 39B Sur,a887699d-03d1-4e36-ae88-5191bc429d32
"-74,14360746","4,602778793",9964,017A09,Br. El Progreso I Sector,4,2,6,AV. Boyacá - CL 40 Sur,d4666269-2f08-4264-b54a-b8a258a1ea4b
"-74,14331289","4,603612329",9965,017B09,Br. El Progreso I Sector,4,2,6,AV. Boyacá - CL 40 Sur,852dd88e-4b9d-4d10-a29b-ff1267f0f2d6
"-74,14508744","4,598840884",9966,028A09,CAI Las Delicias,4,2,6,AV. Boyacá - CL 43C Sur,b5808fe6-7755-495c-a3d2-dea77b62ccca
"-74,14476302","4,599712604",9967,028B09,CAI Las Delicias,4,2,6,AV. Boyacá - CL 44 Sur,5ed84003-842d-4896-9fd3-e7f2a341413a
"-74,14555492","4,592053556",9968,050A10,Br. Rincón de Venecia,4,2,6,AV. Boyacá - CL 49B Sur,1c639990-91ea-4bc2-9fce-270c2f837844
"-74,14556011","4,592439031",9969,050B10,Br. Rincón de Venecia,4,2,6,AV. Boyacá - DG 49 Sur,4f418f05-d3e2-42d2-9036-86c948a9ff21
"-74,14555082","4,590348614",9970,001A10,Pq. Lagunetas,4,2,6,AV. Boyacá - DG 50A Sur,d41462e2-deb7-4b52-a414-ea6b559a1cca
"-74,14554992","4,590623812",9971,001B10,Pq. Lagunetas,4,2,6,AV. Boyacá - DG 51 Sur,17ecc4c9-fcf1-4ce2-bc1a-3a51751efcdb
"-74,14442949","4,586348787",9972,003A10,Colmotores,4,2,6,AV. Boyacá - KR 36A,38a8e111-3766-41a7-9d4b-6272185d796e
"-74,14475113","4,587176743",9973,003B10,Colmotores,4,2,6,AV. Boyacá - DG 53 Sur,fdc5bcb9-94fb-4036-850a-9bd31a6ec290
"-74,14357199","4,584083673",9974,353A10,Colmotores,4,2,6,AV. Boyacá - KR 35,d5fd153d-9cc8-4677-989e-652524a853ec
"-74,14348673","4,5837984",9975,353B10,Colmotores,4,2,6,AV. Boyacá - KR 35,be1dd491-2675-4b8d-a349-a94df3a66508
"-74,14268814","4,580495987",9976,026A10,AV. Jorge Gaitán Cortes,4,2,6,AV. Boyacá - KR 31,11f4bb0f-f6d0-49b0-8773-983d33db2054
"-74,14291467","4,581113976",9977,026B10,AV. Jorge Gaitán Cortes,4,2,6,AV. Boyacá - KR 33,08d2f644-a9f5-448f-bd83-7425563149c9
"-74,14136231","4,577435431",9978,001A11,Br. Arborizadora Baja,4,2,6,AV. Boyacá - KR 25,b7eb09a8-9082-493d-9c2b-804b27d7b4f8
"-74,14178314","4,57825134",9979,001B11,Br. Arborizadora Baja,4,2,6,AV. Boyacá - KR 29,3abf2d28-1e80-4cae-8600-2ae72b02596b
"-74,13993258","4,573588078",9980,120A11,Estación Eléctrica el Tunal,4,2,6,AV. Boyacá - AK 24,dc56de46-59d0-4b5b-b224-cb52ba5ea646
"-74,13956002","4,572048094",9981,418A11,Portal Tunal,4,2,6,AV. Boyacá - AK 24,fabd09b4-47a0-45f1-8c16-9283e08fc39d
"-74,13945325","4,571696193",9982,418B11,Portal Tunal,4,2,6,AV. Boyacá - KR 19C,009c686a-5309-4e59-a56b-b7cfc020dd60
"-74,13917214","4,562056085",9983,003A11,Br. San Benito,4,2,6,AV. Boyacá - CL 60A Sur,56020050-801d-4cee-b8e7-3a95784bb67e
"-74,13914247","4,562312948",9984,003B11,Br. San Benito,4,2,6,AV. Boyacá - CL 60 Sur,24a9d00e-f796-42b0-9843-86f15e90ef9b
"-74,13915398","4,558724778",9985,004A11,Br. Lucero Alto,4,2,6,AV. Boyacá - KR 18Q,d9eb5fdb-9401-443e-8ec2-ccf73184353f
"-74,13922617","4,558913997",9986,004B11,Br. Lucero Alto,4,2,6,AV. Boyacá - KR 18Q,5309747a-9ce6-4440-bddd-c481a7c9fc03
"-74,13778787","4,554699132",9987,007A11,Br. Lucero del Sur,4,2,6,AV. Boyacá - CL 64ABis Sur,c25ed26e-06dd-4804-b289-4e435535b931
"-74,13808052","4,555548893",9988,007B11,Br. Lucero del Sur,4,2,6,AV. Boyacá - CL 64ABis Sur,2c2e2e26-9d02-42be-8d70-303ecaa52d26
"-74,13707199","4,552597001",9989,009A11,Br. Lucero del Sur,4,2,6,AV. Boyacá - CL 66 Sur,8a01a08a-eab4-4975-ac4d-44186d46ebfc
"-74,137253","4,548088",9990,048A11,Br. Quintas del Sur,4,2,6,AV. Boyacá - CL 70B Sur,de525b1a-5d54-44c8-ac94-5bbbe5c101cf
"-74,13388979","4,540422125",9991,010A11,Br. Casa de Teja,4,2,6,AV. Boyacá - KR 15,18e4a3e5-f69c-47a7-b7c7-472a9b6f40ec
"-74,12753184","4,532270172",9992,091A11,Br. La Fiscala,4,2,6,AV. Boyacá - KR 8,5758252a-a31f-4329-8ca5-926c7e53d267
"-74,12668267","4,525888513",9993,093A11,Cementerio Parque Serafín,4,2,6,AV. Boyacá - KR 4,aa7d804b-b035-4ca5-b7e8-544b2d90fc5d
"-74,12297582","4,5205794",9994,020A12,Br. La Aurora,4,2,6,Autopista al Llano - DG 69F Sur,0aeb9cc2-203f-47a4-bc4f-a69f280f1c1b
"-74,12211748","4,51768454",9995,022A12,Br. Quintas de Plan Social,4,2,6,KR 14V - CL 73 Bis Sur,d7d69be2-1045-40d5-8da6-9ccc88bf1ba3
"-74,11922732","4,510178031",9996,088A12,Br. Tenerife II Sector,4,2,6,CL 84 Sur - KR 14I,35df2996-0128-445d-8a77-7d2a51b946ce
"-74,11858488","4,51043086",9997,089A12,Br. Marichuela,4,2,6,CL 84 Sur - KR 14D Bis,ab8f6e0b-c165-40f5-a2ee-444ca39e6d4b
"-74,12138772","4,5144569",9998,077A12,Br. San Juan Bautista,4,2,6,KR 15 - CL 74B Sur,2675c7fa-1925-493a-ad46-dcc0f07f6a85
"-74,12158413","4,517273801",9999,021A12,Br. Santa Librada,4,2,6,KR 14V - CL 73A Sur,300bf5d2-2b83-43e0-be9b-6fe77c6bad2a
"-74,12300088","4,521338992",10000,019A12,Br. La Aurora,4,2,6,KR 14V - DG 69B Sur,a2bbd1df-9bf4-4e5e-92cc-2626ca415eab
"-74,12616571","4,525658663",10001,094A11,Cementerio Parque Serafín,4,2,6,AV. Boyacá - KR 4,753cc7a0-893e-403f-b08a-754c581b4d6a
"-74,12705853","4,532465066",10002,092A11,Cementerio Parque Serafín,4,2,6,AV. Boyacá - KR 8,9142d5e0-98c4-40d8-9fa9-1097887e6f6b
"-74,13322573","4,540315649",10003,117A11,Central de mezclas,4,2,6,AV. Boyacá - KR 15,9aa38fd9-103f-4338-bc76-d1d4e3b8aff8
"-74,1363253","4,546157987",10004,099A11,Central de mezclas,4,2,6,AV. Boyacá - KR 16D,0f13d333-1fd6-4514-8eca-6db507e76371
"-74,13661986","4,552779572",10005,008A11,Br. México,4,2,6,AV. Boyacá - CL 65A Sur,109e3e82-080a-464b-b175-3dbdd408cebe
"-74,13742666","4,555040006",10006,006A11,Br. México,4,2,6,AV. Boyacá - CL 64 Sur,ae6aa13c-e027-4375-a858-1f6742e3422f
"-74,13729447","4,554715853",10007,006B11,Br. México,4,2,6,AV. Boyacá - CL 64 Sur,bf681473-bfe4-4f58-bdcf-dbd2e64c4635
"-74,13874752","4,558901737",10008,005A11,Hsp. de Meissen,4,2,6,AV. Boyacá - KR 18B,ccba4874-ccda-4fa9-abc7-aebd1f140c61
"-74,13867237","4,558683534",10009,005B11,Hsp. de Meissen,4,2,6,AV. Boyacá - KR 18 Bis,533dd017-c801-4987-9a47-dac192351ef5
"-74,13858469","4,562783916",10010,002A11,Br. San Benito,4,2,6,AV. Boyacá - CL 60 Sur,e9f99472-7f37-485f-ad38-f708c7f2e38c
"-74,13876111","4,561684337",10011,002B11,Br. San Benito,4,2,6,AV. Boyacá - CL 60B Bis Sur,4f5df84d-856b-4178-aaf9-0ee187f7202e
"-74,13901975","4,571913292",10012,119A11,Pq. El Tunal,4,2,6,AV. Boyacá - AK 24,24018058-7bae-4561-89bb-7b579aa99ba6
"-74,13893507","4,571679324",10013,119B11,Pq. El Tunal,4,2,6,AV. Boyacá - AK 24,bde800c8-418f-419b-85db-9b57f60f84e6
"-74,14008422","4,575900376",10014,505A11,Br. Tunal Sector II,4,2,6,AV. Boyacá - KR 24,4886caa8-45aa-4c86-a036-04390413d330
"-74,13991258","4,575474349",10015,505B11,Br. Tunal Sector II,4,2,6,AV. Boyacá - KR 24,3fe040b7-5d95-449e-ab3f-7707db1e146a
"-74,14082153","4,577354003",10016,116A11,IED Ciudad de Bogotá Sede B,4,2,6,AV. Boyacá - KR 27,91b89d04-b13e-4418-a82e-c7a363d69140
"-74,1409173","4,577566375",10017,116B11,IED Ciudad de Bogotá Sede B,4,2,6,AV. Boyacá - KR 27,716436ee-94b3-4f57-bbdd-154939ee4fdc
"-74,14251199","4,581413399",10018,093A10,Br. San Vicente Ferrer,4,2,6,AV. Boyacá - KR 32,d03a19e9-0699-4098-955e-ef95e3ba7ede
"-74,1421007","4,580343399",10019,093B10,Br. San Vicente Ferrer,4,2,6,AV. Boyacá - KR 31,3046b21c-1939-4cf8-84fc-25488c439796
"-74,14342342","4,585047785",10020,075A10,Colmotores,4,2,6,AV. Boyacá - KR 36A,58aced40-a849-4812-9716-b243c2030707
"-74,14323167","4,584550876",10021,075B10,Colmotores,4,2,6,AV. Boyacá - KR 35,89162dc9-ea7d-41a0-8d70-8113755c8756
"-74,14443942","4,587654844",10022,087A10,Br. Venecia Occidental,4,2,6,AV. Boyacá - DG 52A Sur,5af81faa-cb67-4140-aca4-9dd34068b007
"-74,14434276","4,587368765",10023,087B10,Br. Venecia Occidental,4,2,6,AV. Boyacá - DG 52A Sur,98cef345-297e-43f9-8cd1-a91cf397335e
"-74,14509719","4,591614521",10024,088A10,Pq. Lagunetas,4,2,6,AV. Boyacá - DG 49 Sur,e1c7437d-cba1-47ac-bacf-3081f76eb578
"-74,14509627","4,59138231",10025,088B10,Pq. Lagunetas,4,2,6,AV. Boyacá - DG 49 A Sur,5be97403-31c4-4b54-bd16-7ea59fdb69c8
"-74,14478472","4,598420951",10026,092A09,Parroquia San Andrés,4,2,6,AV. Boyacá - CL 44B Sur,1fb1ec6b-60dc-4c5e-a3c4-4834714ef972
"-74,14486876","4,598117271",10027,092B09,Parroquia San Andrés,4,2,6,AV. Boyacá - CL 44B Sur,1b09576f-3fb3-44de-ac43-e180c271ec43
"-74,14350803","4,601937271",10028,112A09,Calle 40 Sur,4,2,6,AV. Boyacá - CL 40 Sur,787167d4-dbc3-4135-9d68-713e8e20ff55
"-74,14359005","4,601658203",10029,112B09,Calle 40 Sur,4,2,6,AV. Boyacá - CL 40 Sur,499de231-a3a4-445c-b6a5-ff45d2668e0c
"-74,14224685","4,605247852",10030,091A09,Br. Nueva York,4,2,6,AV. Boyacá - CL 39B Sur,0507a7c0-35a8-49b2-a3a1-644cbc1eba0e
"-74,14221029","4,605360154",10031,091B09,Br. Nueva York,4,2,6,AV. Boyacá - CL 39B Sur,b547096f-afef-4c28-9d7c-f3703225c265
"-74,14109545","4,609373133",10032,111A09,IED OEA Sede B,4,2,6,AV. Boyacá - KR 69 Bis,6096a3ac-0abf-46f3-abdd-506db2db8add
"-74,141099","4,609115238",10033,111B09,IED OEA Sede B,4,2,6,AV. Boyacá - CL 38 Sur,e1bc4567-32f5-4b58-9645-aaf50629c279
"-74,14048784","4,613408754",10034,089A09,Hogar hospitalario San José (Br. Carvajal),4,2,6,AV. Boyacá - CL 37 Sur,19bfdc93-6843-4cad-9b0c-c84344d1f80c
"-74,14054628","4,612988914",10035,089B09,Br. Carvajal,4,2,6,AV. Boyacá - CL 37 Sur,f9e996e0-8d0e-45ed-852d-08ccaef181b0
"-74,13898841","4,619681562",10036,014A09,Br. Hipotecho Occidental,4,2,6,AV. Boyacá - CL 4 Sur,0f44e49d-3c26-48a6-a81b-c5ac4c49b725
"-74,13890001","4,620026855",10037,014B09,Br. Hipotecho Occidental,4,2,6,AV. Boyacá - CL 3A Sur,19f72098-0a85-4f20-a5db-7d37aed84fff
"-74,13922351","4,618561485",10038,014C09,Br. Hipotecho Occidental,4,2,6,AV. Boyacá - CL 5 Sur,70e72cc5-ea4e-469a-b808-62db28041380
"-74,13809573","4,625225207",10039,205A08,Pq. Mundo Aventura,4,2,6,AV. Boyacá - CL 2A Bis,f8d1b14e-51b0-401e-8a9a-c41ee25c9fb9
"-74,13816311","4,624517215",10040,205B08,Pq. Mundo Aventura,4,2,6,AV. Boyacá - CL 2A,9170489f-42f1-44b3-8069-49d328b7fdde
"-74,13821596","4,624014404",10041,205C08,Pq. Mundo Aventura,4,2,6,AV. Boyacá - CL 2Bis,211fedc5-f1cf-42c4-83fc-6f3f4343891f
"-74,13767156","4,629260257",10042,580A08,Br. Triunfo de las Américas,4,2,6,AV. Boyacá - CL 5A,f00fdb9e-3212-4e51-89f2-7f9b9517ec9c
"-74,13776613","4,62826285",10043,580B08,Br. Triunfo de las Américas,4,2,6,AV. Boyacá - CL 5A,93da256a-aa41-4c0e-b5aa-2d929fb096d6
"-74,13780895","4,627848801",10044,580C08,Br. Triunfo de las Américas,4,2,6,AV. Boyacá - CL 5A,25ab611e-1ca3-4e15-a5ab-e1fb615e03dd
"-74,13729153","4,633341986",10045,103A07,Avenida Américas,4,2,6,AV. Boyacá - CL 7A,22fd7dbe-1dd5-4042-8e8e-982138b9dd43
"-74,13737103","4,632479158",10046,103B07,Avenida Américas,4,2,6,AV. Boyacá - CL 6D,f926955e-1798-47a4-ae4f-07ec59489909
"-74,1373983","4,632259689",10047,103C07,Avenida Américas,4,2,6,AV. Boyacá - CL 6B,35b65b1d-d854-45fb-9167-6cca4bffb0bd
"-74,1367345","4,636477989",10048,104A07,Cooperativa de Sub-Oficiales,4,2,6,AV. Boyacá - AC 8,58404c80-88b3-4ed8-8697-0b4613060417
"-74,13681958","4,636131614",10049,104B07,Cooperativa de Sub-Oficiales,4,2,6,AV. Boyacá - AC 8,032fe895-96da-4b6b-a072-60d85e82a1b2
"-74,13688437","4,635859832",10050,104C07,Cooperativa de Sub-Oficiales,4,2,6,AV. Boyacá - AC 8,39cb54fb-f8ea-448e-b861-88d65ba092ca
"-74,13577585","4,638848472",10051,105A07,Cooperativa de Sub-Oficiales,4,2,6,AV. Boyacá - CL 9,f46ad287-a331-4822-a2c1-2843a50c9589
"-74,1359241","4,638551247",10052,105B07,Cooperativa de Sub-Oficiales,4,2,6,AV. Boyacá - CL 9,4f946afa-6ee0-4901-8607-99a4c54298dd
"-74,13602397","4,638335193",10053,105C07,Cooperativa de Sub-Oficiales,4,2,6,AV. Boyacá - CL 9,b8b2b05e-233a-4425-a922-83fb95da94d9
"-74,13189565","4,644233785",10054,106A07,Avenida Alsacia,4,2,6,AV. Boyacá - CL 11A,bca9d9ab-8a33-43f8-aa2a-9a1e0ebd8081
"-74,13222087","4,64387523",10055,106B07,Avenida Alsacia,4,2,6,AV. Boyacá - CL 11A,2b0228b3-2764-4b0a-8fd3-0cedd5feb0ca
"-74,13246459","4,643533614",10056,106C07,Avenida Alsacia,4,2,6,AV. Boyacá - CL 11A,7451a9af-8367-49aa-bd9f-618353192e58
"-74,13046829","4,645673943",10057,331A07,Br. Villa Alsacia,4,2,6,AV. Boyacá - CL 12A,40ec09b4-e912-4d81-8111-f0a94f2fa046
"-74,12985222","4,646270581",10058,331B07,Br. Villa Alsacia,4,2,6,AV. Boyacá - CL 12B,59958b3d-62c7-4ff7-be13-7f5f3befd0e2
"-74,12958121","4,646537906",10059,331C07,Br. Villa Alsacia,4,2,6,AV. Boyacá - CL 12B,578af08e-50d3-4114-ba8f-5206e3681cf4
"-74,12789853","4,647801818",10060,056A07,Av. Centenario,4,2,6,AV. Boyacá - AV. Centenario,5fbf3fd9-0331-4b42-a0e6-9abbf609f2f5
"-74,12751051","4,648066684",10061,056B07,Av. Centenario,4,2,6,AV. Boyacá - AV. Centenario,b6c641e0-673f-46f4-985e-55acd69e00eb
"-74,1269597","4,648495881",10062,056C07,Av. Centenario,4,2,6,AV. Boyacá - AV. Centenario,381f08dd-d68c-48e2-a35b-892acc08f3f6
"-74,12451623","4,651082544",10063,194A06,Br. Franco,4,2,6,AV. Boyacá - AC 19,cc6dea2e-0883-4ab3-a919-de67842ac519
"-74,12507284","4,650386222",10064,194B06,Br. Franco,4,2,6,AV. Boyacá - CL 18A,6506db52-cfea-488e-9e6d-2f58d5ae5620
"-74,12183873","4,654177351",10065,136A06,C.C. Montevideo Plaza,4,2,6,AV. Boyacá - CL 21,f8f096f7-9500-4e60-8e6a-e4e008af8ac2
"-74,12234863","4,653585607",10066,136B06,C.C. Montevideo Plaza,4,2,6,AV. Boyacá - CL 20,4125add0-931d-422a-b750-2b12bf24df8b
"-74,11755864","4,659294098",10067,134A06,Br. Esperanza Sur,4,2,6,AV. Boyacá - CL 23,055c6598-1c75-4e47-9f19-9cbc1f957620
"-74,11730353","4,659589607",10068,134B06,Br. Esperanza Sur,4,2,6,AV. Boyacá - CL 23,7feea22a-2792-47a7-9bc3-5ba274d592e6
"-74,11545815","4,661664725",10069,008A06,Avenida Esperanza,4,2,6,AV. Boyacá - AV. Esperanza,16fcb2f1-c537-4e4c-956c-f549b8287bda
"-74,11560934","4,6614825",10070,008B06,Avenida Esperanza,4,2,6,AV. Boyacá - AV. Esperanza,839d2064-7d68-4459-bdf3-8149c0a048d6
"-74,11126521","4,666457224",10071,031A05,Avenida Calle 26,4,2,6,AV. Boyacá - AC 26,027125af-4d18-441f-8eb5-232d2c235b98
"-74,11145061","4,666250153",10072,031B05,Avenida Calle 26,4,2,6,AV. Boyacá - AC 26,74c07dd7-04a1-4c07-b7f0-63007ac51e25
"-74,10729519","4,670585245",10073,130A05,CAI Normandía,4,2,6,AV. Boyacá - CL 52,2728e1c6-b959-42b4-8265-ddfb66b249da
"-74,10714879","4,670725428",10074,130B05,CAI Normandía,4,2,6,AV. Boyacá - CL 52,e27eb8ad-9d85-4f38-a5c1-58bcc2070a4f
"-74,10355081","4,674889516",10075,027A05,Avenida Calle 63,4,2,6,AV. Boyacá - AC 63,ce9f01f3-ef52-4528-9f9d-32f03056652a
"-74,102909","4,675922",10076,027B05,Avenida Calle 63,4,2,6,AV. Boyacá - AC 63,f144b80b-7caa-4648-beae-b1dc1b13f45c
"-74,10136705","4,678124815",10077,128A05,Br. San Joaquín,4,2,6,AV. Boyacá - CL 64F,57c8b764-707e-4cdf-bc37-9627b4a52a3d
"-74,10150018","4,677923876",10078,128B05,Br. San Joaquín,4,2,6,AV. Boyacá - CL 64C,dc0da348-6531-41d8-b3ec-7ed0bc3daff6
"-74,09883431","4,681398983",10079,131A05,Br. El Laurel,4,2,6,AV. Boyacá - CL 67,ebdb3906-ca61-484f-96dd-939f13eb4d45
"-74,09859284","4,681698571",10080,131B05,Br. El Laurel,4,2,6,AV. Boyacá - CL 68Bis,7c24560d-d1de-46a8-a71b-f2649bd1d132
"-74,09669162","4,684471446",10081,033A05,Br. Palo Blanco,4,2,6,AV. Boyacá - CL 69B,efe1e561-ba9e-4c0a-bd0f-100a6a142ecc
"-74,09654541","4,684705409",10082,033B05,Br. Palo Blanco,4,2,6,AV. Boyacá - CL 69A,1851c897-6a61-4d75-a1cb-8a114b44162f
"-74,094955","4,68694557",10083,126A05,Avenida Calle 68 (Avenida Calle 72),4,2,6,AV. Boyacá - AC 72,edbd535a-ff6f-47fe-9a61-14ca83534b9a
"-74,09473382","4,687266036",10084,126B05,Avenida Calle 68 (Avenida Calle 72),4,2,6,AV. Boyacá - AC 72,074d42aa-d466-45ae-97ae-0506f063e88f
"-74,09265258","4,69032685",10085,002A04,Br. Bonanza,4,2,6,AV. Boyacá - CL 74A,9e78f83f-ec73-4ca1-a563-1f0a668224b5
"-74,09275813","4,690202092",10086,002B04,Br. Bonanza,4,2,6,AV. Boyacá - CL 74A,b3ca7b38-ed8b-4c6c-86aa-02fd37b834f8
"-74,09053622","4,694164153",10087,062A04,Avenida Calle 80,4,2,6,AV. Boyacá - CL 78,0fded4a4-ff54-4a9b-818d-e0531b9dc89b
"-74,09067876","4,693968582",10088,062B04,Avenida Calle 80,4,2,6,AV. Boyacá - CL 78,851303e0-0190-4782-b9cc-5034dbeb17fd
"-74,08654742","4,695947654",10089,211A03,C.C. Titan Plaza,4,2,6,AV. Boyacá - CL 92,c8b36366-e6f1-4088-a09e-4c23f6b44542
"-74,08482874","4,696514679",10090,211B03,C.C. Titan Plaza,4,2,6,AV. Boyacá - CL 93,1951c968-883b-41de-a481-66520eee7a1e
"-74,0821121","4,697874331",10091,084A03,Pq. Central Pontevedra,4,2,6,AV. Boyacá - CL 97,cff27f3e-49a4-4ece-bcbb-87eb607d7183
"-74,08227046","4,697638602",10092,084B03,Pq. Central Pontevedra,4,2,6,AV. Boyacá - CL 97,21847bc3-1847-4c65-8f67-fb18abbc6dde
"-74,08092922","4,702337775",10093,201A03,Avenida Pepe Sierra,4,2,6,AV. Boyacá - CL 116A,51a39c6a-df85-49c7-aec3-8ce4ad6214af
"-74,08099527","4,702017739",10094,201B03,Avenida Pepe Sierra,4,2,6,AV. Boyacá - CL 116A,d7bd8d02-3db4-4c16-865b-5394f59f0ea6
"-74,08171613","4,705756371",10095,014A03,Br. Niza (Humedal Córdoba),4,2,6,AV. Boyacá - CL 119,461e33ca-f720-419f-91a3-7510cda155ba
"-74,0816638","4,705481846",10096,014B03,Br. Niza (Humedal Córdoba),4,2,6,AV. Boyacá - CL 119,5848030b-8dec-4555-9164-79cf7ee28f79
"-74,08028746","4,709166775",10097,004A03,Pq. Alto de Los Lagartos (Club Choquenzá),4,2,6,AV. Boyacá - AC 127,bd8de2e3-9b58-463f-8aca-a71992e72bb0
"-74,08049034","4,708774631",10098,004B03,Pq. Alto de Los Lagartos (Club Choquenzá),4,2,6,AV. Boyacá - AC 127,1d2f0194-0503-434b-b681-0a9112d047ec
"-74,07899934","4,711234293",10099,002A03,Niza Norte,4,2,6,AV. Boyacá - CL 127A,0e77fbda-6a3e-4d10-bead-b0de687d5e5f
"-74,07609873","4,715685352",10100,016A03,Montessori itish School,4,2,6,AV. Boyacá - CL 128,d7a2f30c-7485-49e0-9485-dff2f9aef357
"-74,0753026","4,718346275",10101,199A03,Estación Suba-AV. Boyacá,4,2,6,AV. Boyacá - CL 128B,5e525c83-5779-4e25-b461-6e5c7da45856
"-74,07315177","4,723382839",10102,106A02,Br. Ciudad Jardín Norte,4,2,6,AV. Boyacá - CL 131,a727a246-14f0-45f8-a2bf-4fa630454774
"-74,07184485","4,724971073",10103,021A02,Br. Iberia,4,2,6,AV. Boyacá - CL 132 BIS,b1cee196-490e-465b-9fab-6f9b4bb6af61
"-74,06886624","4,728945007",10104,107A02,Br. Iberia,4,2,6,AV. Boyacá - AC 138,c7310e4a-1ec6-4351-9358-0f21a4950bd2
"-74,06811035","4,730481671",10105,094A02,Br. Atenas,4,2,6,AV. Boyacá - CL 139,ff793685-7ccc-4960-96f3-3e2cf0103821
"-74,0669506","4,733339666",10106,109A02,Éxito Colina,4,2,6,AV. Boyacá - CL 146B,76041826-ce97-4aaa-be27-f7e7ff729a8d
"-74,06620742","4,736204756",10107,003A02,Br. El Plan,4,2,6,AV. Boyacá - CL 147,b6d63733-6632-4bf7-bb80-31997c990015
"-74,06528763","4,740514146",10108,110A02,Br. Casablanca,4,2,6,AV. Boyacá - CL 152B,bacd1504-cd01-4944-bbb2-a427f0a4a2b1
"-74,06497882","4,74296485",10109,052A02,Br. Gilmar,4,2,6,AV. Boyacá - AC 153,97ee946c-78ad-4529-ac8d-e0bdd95c7c7b
"-74,06471481","4,746609766",10110,112A02,Br. Portales del Norte,4,2,6,AV. Boyacá - CL 163,16aba41d-a723-44e5-89dc-f9483e1f77cd
"-74,06500229","4,752057177",10111,159A02,Pq Villa Olga,4,2,6,AV. Boyacá - CL 167,4123707c-b436-402f-9961-30d94bb4acab
"-74,06555544","4,756183991",10112,161A02,Br. San José de Bavaria,4,2,6,AV. Boyacá - CL 169B,97885983-7bf0-4da9-845a-e282e1cace28
"-74,06602504","4,759618237",10113,002A02,Br. Iragua,4,2,6,AV. Boyacá - AC 170,398b5b9f-671e-4d8b-a8f9-4de8f55067c2
"-74,09036256","4,757983199",10114,433A03,Las Mercedes I,4,2,6,AK 104 - CL 162,f5a5e383-9690-4f23-bf47-698b6d8866db
"-74,0928649","4,753211065",10115,012A03,Pinos de Lombardía,4,2,6,AV. C. de Cali - CL 152A,228f3058-e7b4-4df1-a8a7-4463a350014d
"-74,09412819","4,75083256",10116,011A03,C.C. Plaza Imperial,4,2,6,AV. C. de Cali - CL 151 C,b06b8c6a-7b96-48f2-9e71-83ad0280d206
"-74,09556175","4,748090213",10117,579A03,C.C. Plaza Imperial,4,2,6,Av. C. de Cali - AV. Suba,da65c453-4b51-4302-b11c-33215dffae52
"-74,09687085","4,74578742",10118,010A03,Portal de Suba,4,2,6,AV. C. de Cali - CL 142,2053b9e7-be5a-4925-a4cd-1a917b48ce08
"-74,09826735","4,742554479",10119,204A03,Br. El Poa,4,2,6,AV. C. de Cali - CL 139,9a2c7b7a-5462-427c-b492-7e6a177a4570
"-74,09969886","4,737855356",10120,104A03,Br. Alcaparros de Suba,4,2,6,AV. C. de Cali - CL 133 A,8fccaa67-c9d1-41b7-bf15-8f99bd197455
"-74,10023139","4,734949009",10121,009A03,Br. Aures II,4,2,6,AV. C. Cali - CL 131B,167c0c4b-1178-49f2-b0a8-325919945acb
"-74,10073947","4,731398876",10122,202A03,Br. Aures II,4,2,6,AV. C. Cali - CL 129D,8bcc76b2-8831-415d-a819-e515c6d787a4
"-74,10117546","4,729103731",10123,051A03,Lech Walesa,4,2,6,AV. C. Cali - CL 128 C,e901007f-c23d-4a24-8881-221a3c4e8586
"-74,09902258","4,724611788",10124,080A03,Br. San Cayetano,4,2,6,AV. C. Cali - KR 99A,bdb7fbfc-fef9-4cd2-aecb-9a4c4f7db25a
"-74,09767713","4,722331936",10125,081A03,Br. San Cayetano,4,2,6,AV. C. Cali - KR 93C,4fb17ba4-fc76-4a43-a197-cc7c120def9a
"-74,09531409","4,720293441",10126,049A03,Br. Rincón de Suba,4,2,6,AV. C. Cali - KR 93,7898dcd4-2f0f-46f6-873b-7af4b21b2f65
"-74,09279749","4,716207915",10127,006A03,Br. Los Cerezos,4,2,6,AV. C. Cali - KR 91,aeb852cb-11e4-4e77-9f9a-3f90592d3492
"-74,09414652","4,710604812",10128,010A04,Br. Los Cerezos,4,2,6,AV. C. Cali - CL 90A,4a657105-8026-421d-88a0-d9a1ee72b477
"-74,09743588","4,707327988",10129,112A04,Br. Los Cerezos,4,2,6,AV. C. Cali - CL 87,cd4517cc-56fe-4080-85d8-dba30fcda8ea
"-74,09932773","4,705368109",10130,111A04,Br. Los Cerezos,4,2,6,AV. C. Cali - CL 82A Bis,9e20895b-d272-46bb-a5ad-cf3bfd69fce0
"-74,10325464","4,700332504",10131,110A04,Conjunto Residencial Florencia,4,2,6,AV. C. Cali - CL 75A,cd7ef43a-358d-40f0-8364-d7db1b16dade
"-74,1051207","4,697580179",10132,005A04,Br. Florencia,4,2,6,AV. C. Cali - CL 72B,21edf52a-1b48-42c8-9861-694009a65597
"-74,10756145","4,693099763",10133,012A05,Br. Florida Blanca,4,2,6,AV. C. Cali - CL 70,d153e45f-ffe8-42ac-b77e-0966f4983369
"-74,10673433","4,69465652",10134,050A05,Br. Florida Blanca,4,2,6,AV. C. Cali - 71A,abc3d52d-4b2f-4337-9199-c72932216e04
"-74,10871641","4,690815799",10135,034A05,Br. Florida Blanca,4,2,6,AV. C. Cali - CL 68,3c802624-058c-4b0a-a721-8dfcac365a1c
"-74,108588","4,691095",10136,034B05,Br. Florida Blanca,4,2,6,AV. C. Cali - CL 68,535f0762-2b7f-42da-b142-a7f44d9c4f2f
"-74,11031927","4,688697852",10137,453A05,Br. Pinar de los Álamos,4,2,6,AV. C. Cali - CL 65 Bis,fb309b16-1081-4811-8784-11c1d4cd12b6
"-74,12255248","4,675778167",10138,153A06,Centro Industrial La Rabida,4,2,6,AV. C. Cali - DG 25G,f63d9973-5961-49c6-9ec5-25cdbe8a2ac9
"-74,11282813","4,685963342",10139,169A05,Br. La Isabela I Etapa,4,2,6,AV. C. Cali - CL 64G,50f64ff8-7418-4e1d-b41e-4aa630db38d4
"-74,11416332","4,684582006",10140,030A05,Jugos California,4,2,6,AV. C. Cali - AC 63,633902de-a9c1-4999-b201-774024119df0
"-74,12499358","4,672686644",10141,193A06,Br. Villa del Pinar,4,2,6,AV. C. de Cali - AV. Esperanza,3523b0d1-9f63-411d-909d-de5851318402
"-74,12614445","4,671298183",10142,027A06,Mallorca,4,2,6,AV. C. de Cali - CL 23 Bis,bbc24ad4-03e2-4a8d-a4f6-9d3a76361d4f
"-74,11717352","4,681432211",10143,168A05,Avenida Calle 26,4,2,6,AV. C. Cali - CL 51,378e5cb2-bfb0-4e21-9a82-1a75580d21b7
"-74,12864766","4,668414743",10144,191A06,Urb. Fuente Del Dorado,4,2,6,AV. C. de Cali - CL 22F,8e266ee6-c091-4585-b8ae-de48a82928db
"-74,12985166","4,666924337",10145,154A06,Av. Ferrocarril,4,2,6,AV. C. de Cali - AC 22,0bde8dd1-a157-4249-8d93-e998222cec6f
"-74,13236709","4,663874261",10146,155A06,C.C. Hayuelos,4,2,6,AV. C. de Cali - CL 20,6c7e25a8-0fa4-453b-947d-4944e6a501ae
"-74,13404349","4,661660395",10147,128A07,Br. El Vergel,4,2,6,AV. C. de Cali - CL 18,caeccee8-96d6-4244-9484-21b5a4434c39
"-74,13857917","4,657048252",10148,342A07,Río Fucha,4,2,6,AV. C. de Cali - CL 15A,b976dc76-f602-4944-98ea-8314be7c2c51
"-74,13826858","4,657228602",10149,342B07,Río Fucha,4,2,6,AV. C. de Cali - CL 15A,675591b2-d062-4d81-b2a7-ffe049a6a722
"-74,14232807","4,653912754",10150,129A07,Uniagustiniana,4,2,6,AV. C. de Cali - AC 12,261dff0d-8359-4985-aa32-8ee6bc425f6c
"-74,14209436","4,654103101",10151,129B07,Uniagustiniana,4,2,6,AV. C. de Cali - AC 12,23ad6ec7-428e-4fd5-ac2f-78e3b87e233d
"-74,14427003","4,652089122",10152,349A07,Uniagustiniana,4,2,6,AV. C. de Cali - CL 11 A,5ef2ab0e-a742-42ff-8e01-fba01e60fe97
"-74,14388336","4,652397768",10153,349B07,Uniagustiniana,4,2,6,AV. C. de Cali - CL 11 A,a450d693-e420-4567-90db-fa07a0209119
"-74,14658476","4,649796143",10154,127A07,Br. El Tintal Urbano,4,2,6,AV. C. de Cali - CL 10B,76f9a8ed-7216-4a76-b1f9-eddf12d8e523
"-74,14633899","4,650047254",10155,127B07,Br. El Tintal Urbano,4,2,6,AV. C. de Cali - CL 10B,7297798b-35fb-4a7c-9aba-0e81058ebfc6
"-74,14931704","4,647131122",10156,125A07,"Humedal """"El Burro""""",4,2,6,AV. C. de Cali - CL 8A,bf4d33e6-db8e-4cc8-a578-8b1350af5abc
"-74,14910212","4,647311918",10157,125B07,Humedal El Burro,4,2,6,AV. C. de Cali - CL 8A,0aad0964-c8d7-480e-b5bf-6002ca94daf4
"-74,1542591","4,642661923",10158,122A07,Biblioteca el Tintal,4,2,6,AV. C. de Cali - CL 6C,2f37ad8d-ca8e-4fc0-a306-314921f9d774
"-74,1540845","4,642816546",10159,122B07,Biblioteca el Tintal,4,2,6,AV. C. de Cali - CL 6C,f37cf100-961a-4932-866e-871f75911ca8
"-74,15805174","4,639243746",10160,636A08,Br. Patio Bonito II Sector,4,2,6,AV. C. Cali - CL 5,7b1465c5-11c9-42c7-be5f-baf4eeea294e
"-74,15759124","4,639637974",10161,636B08,Br. Patio Bonito II Sector,4,2,6,AV. C. Cali - CL 6,7b5fa503-af25-4224-a161-474630657457
"-74,15943107","4,638102038",10162,030A08,Br. Patio Bonito,4,2,6,AV. C. de Cali - CL 26 Sur,f6146c7f-7020-4ae9-acfe-8521b2b94059
"-74,15924278","4,638209519",10163,030B08,Br. Patio Bonito,4,2,6,AV. C. de Cali - CL 26 Sur,54a654e1-0708-461c-943a-79f2eb5ae6b5
"-74,16122734","4,63640114",10164,210A08,Br. Patio Bonito,4,2,6,AV. C. Cali - CL 34A Sur,a78c17ab-5b9a-4af8-8fbe-810cef17889f
"-74,160993","4,636658299",10165,210B08,Br. Patio Bonito,4,2,6,AV. C. de Cali - CL 34 Bis Sur,b63d9fa3-38d2-4121-9360-b10cbff347be
"-74,16256275","4,635138836",10166,029A08,Estación Patio Bonito,4,2,6,AV. C. de Cali - CL 37A Sur,edc4a6ca-49a6-4aa5-91c7-7bca65ee8da8
"-74,16235184","4,635292962",10167,029B08,Estación Patio Bonito,4,2,6,AV. C. Cali - Calle 37 Sur,4550a96e-1d15-49b1-9e8c-7539170b68ce
"-74,16352061","4,634305187",10168,111A08,Br. Patio Bonito II,4,2,6,AV. C. de Cali - CL 38C Sur,5298d0a0-9b8b-43bc-a0df-ec81408a54ab
"-74,16577355","4,632402131",10169,027A08,Br. Provivienda Occidental,4,2,6,AV. C. de Cali - CL 40A Sur,199c2ba4-c6b5-4859-ab7c-cb2cf25c1236
"-74,16899313","4,629692566",10170,025A08,C.C. Milenio Plaza,4,2,6,AV. C. de Cali - CL 42F Sur,dfcc71eb-e035-46f0-99a1-543744149fc3
"-74,17192628","4,628023005",10171,023A08,Portal Américas,4,2,6,AV. C. de Cali - AV. V/cio,403329c7-3b5c-4e68-b65c-70db8ae8095a
"-74,1760421","4,626383487",10172,021A08,Br. Las Margaritas,4,2,6,AV. C. de Cali - CL 48 Sur,fff50146-e1ed-43d4-ab98-2a6a72a43a34
"-74,17860432","4,624727912",10173,018A08,CL 53 S,4,2,6,AV. C. de Cali - CL 53 Sur,3efea8e3-b828-4f26-8d1c-7f4d1acfa6c6
"-74,18241806","4,621149783",10174,317A08,DG 56A Bis Sur,4,2,6,AV. C. de Cali - DG 56A Bis Sur,d5b85094-6e9f-44e7-b76f-eb3bbbf84262
"-74,18320284","4,619726282",10175,016A08,Salón Comunal Villa Clemencia,4,2,6,AV. C. de Cali - CL 56 Sur,2ccbdc30-d357-4708-801b-002b31fe92f1
"-74,1844666","4,619043039",10176,116A09,CL 58 Sur,4,2,6,AV. C. de Cali - CL 58 Sur,43ee5d91-c5ee-4cdc-9ea2-d12c314a5c4d
"-74,18405506","4,618902857",10177,117A09,Br. La Paz Bosa,4,2,6,AV. C. de Cali - CL 57B Sur,e8e2fc53-78b3-457b-b868-bed6d345a678
"-74,1823027","4,620861419",10178,318A08,DG 56A Sur,4,2,6,AV. C. de Cali - DG 56A Sur,afc67845-6929-4320-8863-a59138b81fe7
"-74,17914445","4,62391979",10179,019A08,Colegio Colsubsidio Chicalá,4,2,6,AV. C. de Cali - DG 52 A Sur,069e8c12-0df5-4122-89bd-bbbd930899f0
"-74,17567559","4,626270899",10180,020A08,Urbanización Alameda de San José II,4,2,6,AV. C. de Cali - CL 48 Sur,234862d6-0e99-449f-b773-8a0a2edbc037
"-74,1721014","4,627690663",10181,022A08,Portal Américas,4,2,6,AV. C. de Cali - AV. V/cio,6bd81235-3df9-4eb2-90c4-8b441bb63e3d
"-74,16887316","4,629397193",10182,024A08,Br. Tintalito,4,2,6,AV. C. de Cali - CL 42C Sur,f8856903-a8b0-4d21-b754-040e71c2d4c3
"-74,16912999","4,629210037",10183,024B08,Br. Tintalito,4,2,6,AV. C. de Cali - CL 42C Sur,ec6f97a6-9b5e-4a27-a35e-7d46c2317433
"-74,16624748","4,631623593",10184,026A08,Br. Llano Grande,4,2,6,AV. C. de Cali - CL 40D Sur,7daaf01f-f059-431e-961f-e335f063f757
"-74,16642911","4,631433175",10185,026B08,Br. Llano Grande,4,2,6,AV. C. de Cali - CL 40D Sur,f91a8e7f-c196-4a54-9507-d1b525271cec
"-74,16329038","4,634129383",10186,112A08,Br. Llano Grande,4,2,6,AV. C. de Cali - CL 38A Sur,d495fb54-5f7f-4c55-9e4c-d17d767b2865
"-74,16362636","4,63387194",10187,112B08,Br. Llano Grande,4,2,6,AV. C. de Cali- CL 38 C Sur,f664fe87-14f1-416e-bb61-3fc51b9a1005
"-74,16217628","4,635093116",10188,028A08,Br. Saucedal,4,2,6,AV. C. de Cali - CL 36 Sur,b96ca9af-7df9-4fec-ae3e-66c23fa24290
"-74,16237201","4,634893446",10189,028B08,Br. Saucedal,4,2,6,AV. C. Cali - CL 37 Sur,1ebd028a-9e77-47f2-899a-f716a45bc147
"-74,15854699","4,63841992",10190,160A08,Br. María Paz,4,2,6,AV. C. de Cali - CL 1A Sur,7a2c5726-8f29-429f-9952-7f5b939778a2
"-74,15871837","4,638244814",10191,160B08,Br. María Paz,4,2,6,AV. C. de Cali - CL 1 Sur,32833721-cf43-4203-8a9f-ee1153978b74
"-74,15441692","4,642168708",10192,356A07,Br. Ciudad Techo II,4,2,6,AV. C. de Cali - AV. Américas,8993e3a5-38f2-4d02-bcfc-36b7a1a67283
"-74,15465845","4,641967819",10193,356B07,Br. Ciudad Techo II,4,2,6,AV. C. Cali - CL 6,d3542a2e-8eae-4944-8316-ddfd42531e1d
"-74,15194327","4,644419861",10194,123A07,Biblioteca el Tintal,4,2,6,AV. C. de Cali - CL 6D,3096fa90-ee94-4698-9e05-fa7559d87dcc
"-74,15219692","4,644180887",10195,123B07,Biblioteca el Tintal,4,2,6,AV. C. Cali - CL 6D,d8e34593-64ef-46ba-8480-9f60e26c7446
"-74,14845438","4,647581283",10196,124A07,Br. Valladolid,4,2,6,AV. C. de Cali - CL 8C,6a0e715f-696c-43a6-b075-117436cd2d14
"-74,14864186","4,647394888",10197,124B07,Br. Valladolid,4,2,6,AV. C. Cali - CL 8B,9a8dcb71-9531-4dd2-88bb-55cef08aa445
"-74,14652531","4,649534571",10198,040A07,Br. El Vergel Oriental,4,2,6,AV. C. de Cali - CL 10B,eca51e4d-847e-4443-b8d0-3425b4603312
"-74,14342348","4,652492159",10199,126A07,Uniagustiniana,4,2,6,AV. C. de Cali - AC 12,7ad4a48c-137a-4f63-a856-b39ff205459c
"-74,14372386","4,65220586",10200,126B07,Uniagustiniana,4,2,6,AV. C. Cali - CL 11A,5a1990f9-af0d-444d-a994-341296a05672
"-74,14092318","4,654703216",10201,364A07,Br. El Vergel Occidental,4,2,6,Av. C. de Cali - CL 13A,f5209ff4-7e0c-4a79-b6b7-c03bed9318fe
"-74,13814739","4,656946212",10202,343A07,Br. El Vergel Occidental,4,2,6,AV. C. Cali - CL 15A,cdb834ff-9cea-4b6a-99f1-496d159b4ace
"-74,13843982","4,656754587",10203,343B07,Br. El Vergel Occidental,4,2,6,AV. C. de Cali - CL 15A,e6fadbc4-c40f-48a8-b4c6-b08a3bbab8ba
"-74,13408179","4,661174466",10204,130A07,Br. El Vergel,4,2,6,AV. C. de Cali - CL 18,b692ddfd-7185-4f4e-9f67-45bf127fdcc4
"-74,13164032","4,664343232",10205,067A06,C.C. Hayuelos,4,2,6,AV. C. de Cali - CL 20,57b3b951-2ef3-4fbe-8dfb-c431fd97a795
"-74,12845804","4,668213766",10206,026A06,Br. Baleares,4,2,6,AV. C. de Cali - CL 22F,5caa0e98-f0f2-4907-9d43-20e1443ab9c2
"-74,12728801","4,669529168",10207,429A06,Br. Modelia Occidental,4,2,6,AV. C. Cali - CL 23A Bis,b8793bc6-8fd2-4424-8963-5c0a4aeff287
"-74,125775","4,67132",10208,028A06,Br. Rincón De Modelia,4,2,6,AV. C. de Cali - AV. Esperanza,0a8d656a-96a6-4995-ab95-5b90d6359695
"-74,12451132","4,67287624",10209,430A06,Br. Bosque de Modelia,4,2,6,AV. C. Cali - CL 23C,dc37db5c-4467-4b96-a716-2a51138f398c
"-74,12249204","4,675420986",10210,029A06,Centro Empresarial Dorado Plaza,4,2,6,AV. C. de Cali - CL 25B,ac0a5541-f764-4124-9243-552f6a6f2de9
"-74,11634249","4,681920511",10211,028A05,Homecenter,4,2,6,AV. C. Cali - CL 52A,cef29b1d-7fdc-4ebd-82de-cd3ca3197a80
"-74,11497511","4,683407186",10212,009A05,Avenida José Celestino Mutis,4,2,6,AV. C. Cali - AC 63,a070b2a8-db95-4f45-b682-158bf1ea78e6
"-74,11199112","4,686504953",10213,010A05,Br. Isabela I,4,2,6,AV. C. Cali - CL 64G Bis,f396a732-8963-426b-88ca-190b4f6119dd
"-74,10984776","4,688922444",10214,011A05,Br. Pinar de Los Álamos,4,2,6,AV. C. Cali - CL 65C,776dcf29-fbad-4b7f-afc5-c793bcd568a9
"-74,10769331","4,692430689",10215,029A05,Br. La Clarita,4,2,6,AV. C. Cali - CL 69A,6199ec29-c08a-4f35-99fa-793963f3b1ff
"-74,10666009","4,694401318",10216,013A05,Br. La Clarita,4,2,6,AV. C. Cali - CL 71,c938d53b-9a5c-414e-b0a8-370dbd4d4413
"-74,10471736","4,697807071",10217,006A04,Br. La Soledad Norte,4,2,6,AV. C. Cali - CL 74,3d809d7e-988c-4c6a-8172-d8efa87f01f2
"-74,10238193","4,701076228",10218,007A04,Br. La Granja,4,2,6,AV. C. Cali - CL 76A,e9cd32db-8c36-4453-b863-52fc49edf615
"-74,09802331","4,706401701",10219,008A04,Br. La Española,4,2,6,AV. C. Cali - DG 84A,044d9b8f-7656-453c-bf50-7af2a8f73a8e
"-74,0954336","4,708971626",10220,009A04,Br. La Serena,4,2,6,AV. C. Cali - AC 90,520a724d-ca81-4766-bdfa-43a0aa8f532c
"-74,09417173","4,710249657",10221,011A04,Br. La Serena,4,2,6,AV. C. Cali - AC 90,c3e18105-3b18-4b15-9be2-e748d3343aed
"-74,0925727","4,716210057",10222,007A03,Br. Los Cerezos,4,2,6,AV. C. Cali - KR 91,41d29e72-cec9-4221-97ff-c9ea6d06bc05
"-74,09410442","4,719289588",10223,048A03,Humedal Juan Amarillo,4,2,6,AV. C. Cali - Kr93,400414d4-ce9b-47bc-bd37-64d736612341
"-74,09583299","4,7210366",10224,593A03,Br. Rincón de Suba,4,2,6,AV. C. Cali - KR 93C,7703f05d-4ab9-4ec4-a207-25bf61b2377b
"-74,09722351","4,722195056",10225,082A03,Br. Rincón de Suba,4,2,6,AV. C. Cali - KR 95 A,6ab41d87-eefc-47a3-8666-5e74b39f0b0a
"-74,09877692","4,724643681",10226,079A03,Br. San Cayetano,4,2,6,AV. C. Cali - KR 98,c0ccba82-7e33-481a-be74-9fe0a2b18f7f
"-74,10092906","4,729068977",10227,050A03,Br. Lech Walesa,4,2,6,AV. C. Cali - CL 128B,46e55dd4-8897-4f6c-9fc7-91a003b40de7
"-74,1002517","4,732914233",10228,203A03,Br. Lago de Suba,4,2,6,AV. C. Cali - CL 130,3a0cb615-c94d-423e-a425-2d797093a406
"-74,09991276","4,73509489",10229,008A03,Br. Lago de Suba,4,2,6,AV. C. Cali - CL 131B,f082f0db-b701-43c9-9cba-b88f53f5c47a
"-74,09950119","4,737616798",10230,103A03,Br. Potrerillo,4,2,6,AV. C. de Cali - CL 133F - 66,41ad66b4-4fc7-4829-99ef-6eec1d4ea8d9
"-74,09854123","4,741104807",10231,205A03,Br. Costa Azul,4,2,6,AV. C. de Cali - CL 139,64ba26ba-f75d-4233-9bbb-5c3a228a6531
"-74,09664016","4,745498213",10232,078A03,Parque El Poa,4,2,6,AV. C. de Cali - CL 142,110d04ab-c49e-4da3-8ce2-3f213d6c0cdb
"-74,09538078","4,747902886",10233,586A03,Portal Suba,4,2,6,Av. Suba - KR 103B,e408f03c-7e6b-477e-8740-3a2b9813269f
"-74,09432735","4,749925075",10234,190A03,Turingia,4,2,6,AV. C. de Cali - CL 150C,b8947194-af21-4376-be63-8c9f01e14377
"-74,09367289","4,751175713",10235,105A03,Turingia II,4,2,6,AV. C. de Cali - CL 151 C,b2f2d8a3-e89d-4b8a-86fa-066ec86233f2
"-74,0927692","4,752891789",10236,013A03,Tuna Baja Las Flores,4,2,6,AV. C. de Cali - CL 152C,f6c9d742-aaf2-412e-bd2e-5df66de71c8e
"-74,09145027","4,628838604",10237,140A06,Corferias,4,2,6,AV. Esperanza - KR 37,c48b442b-86ee-4b97-9f67-7c4f918d135a
"-74,09250421","4,630437732",10238,035A06,Corferias,4,2,6,AV. Esperanza - AK 40,d41429be-1f79-4956-9aa3-6f432e7898fd
"-74,0940692","4,632745886",10239,036A06,Br. Quinta Paredes,4,2,6,AV. Esperanza - KR 44A,6c2cd6b2-060b-423a-b146-5a8da581f3be
"-74,09561679","4,635063876",10240,141A06,Br. Quinta Paredes,4,2,6,AV. Esperanza - KR 45,44fb4256-74c7-4a64-85ef-163ad07e3622
"-74,09666391","4,636575692",10241,109A06,Embajada de Los Estados Unidos,4,2,6,AV. Esperanza - AK 50,01d11c21-f748-4579-9152-1b1f23740df8
"-74,09938379","4,640495643",10242,395A06,Tribunales de Bogotá y Cundinamarca,4,2,6,AV. Esperanza - KR 53,2fa953df-d76b-4395-b1d1-cfa4d9547c88
"-74,10099061","4,642744213",10243,142A06,Br. Ciudad Salitre Nororiental,4,2,6,AV. Esperanza - KR 57,f327bf3b-1751-49c8-96c5-bc0a64f0e4ca
"-74,10449349","4,647364622",10244,042A06,Imprenta Nacional de Colombia,4,2,6,AV. Esperanza - KR 66,037fe4f5-23eb-481e-8118-d571cd3904bb
"-74,107975","4,651613",10245,285A06,Imprenta Nacional de Colombia,4,2,6,AV. Esperanza - KR 68A,891bb05f-9e41-4728-a057-77cb769ff4f3
"-74,10921389","4,653489389",10246,143A06,C.C. Salitre Plaza,4,2,6,AV. Esperanza - KR 68B,3de5439c-0dbd-4eef-8c26-28a4a59316f9
"-74,1101604","4,655201007",10247,069A06,Maloka,4,2,6,AV. Esperanza - KR 69,219d1d9a-a328-410f-a9ce-67dc60a141ff
"-74,11208994","4,658130838",10248,070A06,Br. La Esperanza Norte,4,2,6,AV. Esperanza - KR 69D,2b3e35f8-5348-4a20-bda9-0d42fa0c6171
"-74,11742393","4,663461765",10249,071A06,Br. Modelia,4,2,6,AV. Esperanza - KR 72B,7dd7e7e8-ad83-4fb0-b955-4d5401b890c6
"-74,11921437","4,665459955",10250,144A06,Br. Modelia,4,2,6,AV. Esperanza - KR 74,8ab0cac3-0e0f-4d0d-bd88-78672dc1f18a
"-74,12056961","4,666974855",10251,045A06,Br. Santa Cecilia,4,2,6,AV. Esperanza - KR 80B,0800ede3-4ef6-48c2-9e87-1e3f649e802b
"-74,12196195","4,668548474",10252,147A06,Centro Médico Modelia,4,2,6,AV. Esperanza - KR 81C,6dcaf00e-280d-4701-a5c6-9271993e80b3
"-74,12376229","4,670545716",10253,148A06,Br. Bosque de Modelia,4,2,6,AV. Esperanza - KR 85B,d53ecc2d-14cd-4c95-a6d2-0a61e7211f98
"-74,12489145","4,671721204",10254,192A06,Br. Bosque de Modelia,4,2,6,AV. Esperanza - AV. C. de Cali,e88de604-1f8d-40c6-a21c-86e2dbf23173
"-74,12622245","4,673264461",10255,108A06,Urb. Villas del Pinar,4,2,6,AV. Esperanza - KR 90,1415d2c0-da6d-4704-833c-bae2fdb613f7
"-74,12898823","4,67647609",10256,189A06,Humedal de Capellanía,4,2,6,AV. Esperanza - KR 95A,a86aa206-654d-44b5-9010-432f08929dc1
"-74,131937","4,67936",10257,072A06,Urbanización La Cofradía,4,2,6,AV. Esperanza - KR 96,033e9a07-f1b1-4d43-9cad-cc48cccfb6b0
"-74,13320719","4,68070131",10258,152A06,Iglesia San José de Fontibón,4,2,6,AV. Esperanza - KR 99,81a09ceb-9dac-4904-b348-d5a987406924
"-74,13357609","4,680813455",10259,151A06,Iglesia San José de Fontibón,4,2,6,AV. Esperanza - KR 99,b5ba21bc-4d0a-4735-912d-9823b7ed5bbf
"-74,13202294","4,679186754",10260,046A06,Pq. Empresarial La Cofradía,4,2,6,AV. Esperanza - KR 96H,b44588db-cc51-4b47-9545-eb0abcaab739
"-74,1291747","4,676096051",10261,188A06,Br. Tierra Firme,4,2,6,AV. Esperanza - KR 95,7407395c-759d-49ce-b93a-ec801d459f62
"-74,12640993","4,673112238",10262,150A06,Br. Capellanía,4,2,6,AV. Esperanza - AV. C. de Cali,021d215e-d7e2-4105-ab2a-47a60d81764a
"-74,12392104","4,67043424",10263,149A06,Br. Modelia Occidental,4,2,6,AV. Esperanza - KR 85B,2b9adb1b-37ac-4f5b-bbf0-728f1eb23df0
"-74,12165863","4,667911366",10264,146A06,Br. Modelia Occidental,4,2,6,AV. Esperanza - KR 81,3576ffdf-65b0-43e0-968e-b9f99f3d6d7c
"-74,11952586","4,665543944",10265,145A06,Br. Capellanía,4,2,6,AV. Esperanza - KR 74A Bis,1dd22c65-0cdf-46db-9473-c1391f55eb0a
"-74,11772421","4,663528371",10266,043A06,Br. Capellanía,4,2,6,AV. Esperanza - KR 72B,1a287d21-58eb-47c7-b221-e57875039693
"-74,11532023","4,660582507",10267,423A06,Urb. Carlos Lleras Restrepo,4,2,6,Av. Esperanza - KR 71,8614b47d-fa96-4ebb-8ec6-4b8c3a703e84
"-74,11369332","4,657537977",10268,169A06,Terminal de Transportes,4,2,6,AV. Esperanza - KR 69D,ae2138fc-ede8-48dd-8105-5198f13d7ea6
"-74,11284773","4,656270267",10269,195A06,Col. Agustiniano Salitre,4,2,6,AV. Esperanza - KR 69B,c9a62054-18ab-4038-a5cb-155c8f76f708
"-74,11029054","4,652713484",10270,187A06,C.C. Salitre Plaza,4,2,6,AV. Esperanza - KR 68B,e2527d42-89c4-478b-a43b-65e96aa13fb2
"-74,10802485","4,651054046",10271,416A06,C.C. Salitre Plaza,4,2,6,AV. Esperanza - KR 68A,6b315d95-52c7-4575-9003-1dd74b4aff24
"-74,10493908","4,647342443",10272,041A06,Imprenta Nacional de Colombia,4,2,6,AV. Esperanza - KR 65,7e29324d-f885-453f-a54a-b238ec9f3216
"-74,10340521","4,645502239",10273,040A06,C.C. Gran Estación,4,2,6,AV. Esperanza - AK 60,5f23a9e7-5e16-4a85-a827-b40cb67065e8
"-74,10123328","4,642652795",10274,384A06,Br. Ciudad Salitre Nororiental,4,2,6,AV. Esperanza - KR 58,4852fbe5-5d1c-49ae-9728-73e1aa47fecf
"-74,0984138","4,638665269",10275,039A06,Fiscalía General de la Nación,4,2,6,AV. Esperanza - AK 50,8c91cbf1-054a-4206-bd08-bad613106452
"-74,09682821","4,636430559",10276,390A06,Embajada de Los Estados Unidos,4,2,6,AV. Esperanza - KR 48,74b1d7d9-4134-4f78-8cb6-3c4ce5e9d8f0
"-74,09542894","4,634470077",10277,038A06,Pq. Quinta Paredes Paraíso,4,2,6,AV. Esperanza - KR 44,a4d50ce4-103d-4f70-a380-e8893a88e743
"-74,09429518","4,63280759",10278,037A06,Br. Ortezal,4,2,6,AV. Esperanza - KR 43A,979d08f0-bbcd-46d9-912c-4654137308ac
"-74,09328926","4,631316388",10279,034A06,Corferias,4,2,6,AV. Esperanza - AK 40,bbf467b7-9d6b-4af9-85c6-cc3481f5f190
"-74,09157481","4,628687186",10280,139A06,EAAB,4,2,6,AV. Esperanza - KR 37,6ce65473-6188-4475-8f92-e562b61ee0c1
"-74,10463884","4,675527084",10281,424A05,Br. El Encanto,4,2,6,AC 63 - AV. Boyacá,6a13ff46-3427-40c7-9a33-09e79ba2af39
"-74,1069301","4,677479399",10282,425A05,Pq. Empresarial Normandía,4,2,6,AC 63 - KR 74A,890ff3ed-c5dc-4179-aa21-0aa338043f9d
"-74,1093002","4,679548054",10283,105A05,Pq. Empresarial Normandía,4,2,6,AC 63 - KR 77A,1a7d4e14-18ec-49b7-b08f-e479c73f2b65
"-74,11212251","4,681996721",10284,429A05,Los Azafranes,4,2,6,AC 63 - TV 85,0f430590-4a09-4998-82a6-8be1de979b6a
"-74,11786879","4,68805932",10285,078A05,Parque Empresarial El Dorado,4,2,6,AC 63 - TV 93,ce13dbf0-419c-4895-ac46-1e8e5d45d23e
"-74,1198504","4,691312536",10286,062A05,Br. Los Alamos Sector Industrial,4,2,6,AC 63 - TV 93,514eb463-9445-426d-982a-9fe2289472bc
"-74,12302063","4,693814182",10287,063A05,Portal de Santa Inés,4,2,6,AC 63 - KR 98,6db094ea-5854-4a5e-99e3-b984b5f51946
"-74,12509291","4,695419154",10288,475A05,Br. Villa del Mar,4,2,6,AC 63 - KR 103A,a252dcfe-d801-42dd-b35c-4cc2d327fae6
"-74,12705871","4,696896564",10289,203A05,Br. Alameda,4,2,6,AC 63 - KR 105,d43cf2ab-044d-4a1a-9028-651627f6bf7e
"-74,12868285","4,698132179",10290,476A05,Br. El Muelle I,4,2,6,AC 63 - KR 105G,7916bcf7-58fe-4100-8805-ab1fabe0d1d4
"-74,13074166","4,699620162",10291,205A05,Br. San Antonio Engativá,4,2,6,AC 63 KR 108B,550663f4-f827-49ca-82d4-1316889d3401
"-74,13268429","4,701140108",10292,477A05,Br. San Antonio Norte,4,2,6,AC 63 - KR 110D Bis,636483c3-6ccd-4a81-b00f-db16c4cb8670
"-74,13240954","4,700922507",10293,477B05,Br. San Antonio Norte,4,2,6,AC 63 - KR 110D,88b19874-7718-4536-a117-53c1edaa3e63
"-74,13464769","4,702564236",10294,206A05,Parque Público Villa Gladys II,4,2,6,AC 63 - KR 111C,088906f2-15df-4ede-ad53-ff19585766cc
"-74,13406319","4,702184327",10295,206B05,Parque Público Villa Gladys II,4,2,6,AC 63 - KR 111B,25b0729a-92f1-4e9a-afbe-8bf8395df541
"-74,13673282","4,705410539",10296,064A05,Br. Bonaire,4,2,6,CL 64 - KR 112C,43225c6c-9fe2-4633-afaa-6c5b472880d2
"-74,13700859","4,705907617",10297,064B05,Br. Bonaire,4,2,6,CL 64 - KR 112C,1eb08219-b1a6-48f2-b497-242765917571
"-74,13649388","4,703772083",10298,208A05,Br. Marandú,4,2,6,AC 63 - KR 112,f05f934b-146b-477b-9bed-5c80cb15fae0
"-74,13667534","4,703904523",10299,208B05,Br. Marandú,4,2,6,AC 63 - KR 112,934c44c3-7774-4b34-b660-7cc5bc2f74af
"-74,13347877","4,70140661",10300,207A05,Br. San Antonio Urbano,4,2,6,AC 63 - KR 111,f87d836e-bfa6-49e4-a83c-8633680b32ce
"-74,13365094","4,701624349",10301,207B05,Br. San Antonio Urbano,4,2,6,AC 63 - KR 111,c55f2d98-4fad-4757-b947-9caf09a634bc
"-74,13029828","4,699041638",10302,204A05,Br. San Antonio Engativá,4,2,6,AC 63 - KR 109 A,0a9d4c39-0c08-49e2-bc97-aab3fecf399b
"-74,12553498","4,695449166",10303,411A05,Br. Viña del Mar,4,2,6,AC 63 - KR 104,ad2034d7-682b-44d8-8c68-e4c7446ab09a
"-74,12329094","4,693769414",10304,202A05,Portal de Santa Inés,4,2,6,AC 63 - KR 97C,7d5858ea-f487-42d2-9f76-1ef672d19389
"-74,12004907","4,69114775",10305,201A05,Centro Artesanal El Dorado,4,2,6,AC 63 - AK 96,1ac78454-ec77-4cbd-9669-a9c703eb088a
"-74,12011595","4,691261254",10306,201B05,Centro Artesanal El Dorado,4,2,6,AC 63 - AK 96,a2beb6aa-6667-4987-a664-fd32402691ce
"-74,11916701","4,689682404",10307,079A05,Los Álamos,4,2,6,AC 63 - TV 93,f0790b8f-851e-4680-a7d5-f5530ddce1cf
"-74,11923166","4,689841029",10308,079B05,Los Álamos,4,2,6,AC 63 - TV 93,26d2f6d2-ee2f-47be-82f0-742ae5651064
"-74,1124097","4,681917273",10309,430A05,Los Monjes,4,2,6,AC 63 - TV 85,06bbbe35-363a-484f-bfe6-39006b7fddb8
"-74,10957221","4,67945869",10310,077A05,Parroquia San Carlos Borromeo,4,2,6,AC 63 - KR 77A,9fa2925b-d268-49f4-b051-36c32690ce47
"-74,10681212","4,67706647",10311,375A05,Pq Empresarial Normandía,4,2,6,AC 63 - KR 73A,17c6a3a7-3cd6-479c-a529-3a227b45f7fa
"-74,10496563","4,675354291",10312,426A05,Urb. Colón,4,2,6,AC 63 - KR 73,62d000f2-a79b-40cc-a0bb-2f2a0b6d3748
"-74,12623396","4,587894979",10313,072A10,Pq. Público Villa Mayor,4,2,6,AV. J. Gaitán C. - CL 40 Sur,3e85c345-13c1-4571-89eb-db960ad626cb
"-74,13105045","4,585960822",10314,005A10,Policía Nacional,4,2,6,AV. J. Gaitán C. - CL 47A Sur,d83d60f0-2154-4974-b73d-4894bc1cc38f
"-74,1305559","4,586072376",10315,005B10,Policía Nacional,4,2,6,AV. J. Gaitán C. - CL 47 Sur,cf489f39-5c82-4164-81c8-e351cd2261e9
"-74,13481688","4,585343859",10316,091A10,Colegio San José de Cafasso (Br. Fátima),4,2,6,AV. J. Gaitán C. - CL 49B Sur,442e3642-1e60-493f-b716-2e7b0a8958b9
"-74,134333","4,585397126",10317,091B10,Br. Fátima,4,2,6,AV. J. Gaitán C. - CL 49A Sur,7947a076-aad9-47ef-8c92-71d66b38dda6
"-74,13819216","4,584014108",10318,008A10,Br. Fátima (Colegio La Presentación  Fátima),4,2,6,AV. J. Gaitán C. - DG 50 Sur,1b3de937-37c5-4ac5-9339-c4e1f8c01fc3
"-74,14023022","4,582385859",10319,010A10,Br. San Vicente,4,2,6,AV. J. Gaitán C. - CL 54 Sur,20e0ac96-b09a-40e0-a725-d0936628f294
"-74,14171542","4,581102009",10320,012A10,Br. San Vicente,4,2,6,AV. J. Gaitán C. - AV. Boyacá,2826f1c8-01b0-4ba1-8a12-96f8cf5ac9df
"-74,14344662","4,579447341",10321,316A10,Br. Muzú,4,2,6,AV. J. Gaitán C. - DG 58 Sur,0658b8f6-ea7e-49bb-b4e2-dd423018c429
"-74,14310069","4,579833791",10322,316B10,Br. Muzú,4,2,6,AV. J. Gaitán C. - DG 58 Sur,2a8d3460-f40f-487b-8bd6-4d0825499bd5
"-74,15150791","4,580770372",10323,015A10,Urb. Kalamary,4,2,6,AV. J. Gaitán C. - CL 54 Sur,92b11b5d-247a-4e47-b398-6e673eb9223a
"-74,15102276","4,580589936",10324,015B10,Urb. Kalamary,4,2,6,AV. J. Gaitán C. - CL 58B Sur,8dc18da9-1f86-454e-b71e-132351814cc2
"-74,15566195","4,580897318",10325,074A10,Br. El Ensueño (Br. Atlanta),4,2,6,AV. J. Gaitán C. - AV. V/cio,3c3a9d86-1a9c-41a5-b6f4-0147a68ffc6c
"-74,15483192","4,581043976",10326,074B10,Br. Atlanta,4,2,6,AV. J. Gaitán C. - CL 59B Sur,5ddccaeb-9cd5-4d1e-b9a9-496d85d61bba
"-74,15865031","4,580399664",10327,386A10,Urb. El Ensueño,4,2,6,AV. J. Gaitán C. - DG 68 B Sur,228b7a7b-fbb7-415b-b70e-8752d2f1bbc4
"-74,15861852","4,580167203",10328,396A10,Universidad Distrital,4,2,6,AV. J. Gaitán C. - DG 68 B Sur,748b3a07-f74f-4685-9325-7903cecea21e
"-74,154748","4,580843",10329,073A10,Br. El Ensueño,4,2,6,AV. J. Gaitán C. - CL 59C Sur,a7c673ae-79dc-4c72-8d57-422e675733f7
"-74,15560832","4,580694506",10330,073B10,Br. El Ensueño,4,2,6,AV. J. Gaitán C. - CL 59C Sur,ce8902b8-b52a-403c-af0b-4e2eb2c6b074
"-74,15127822","4,580467812",10331,014A10,Pq. La Coruña,4,2,6,AV. J. Gaitán C. - CL 58A Sur,258fdcd4-cfa7-4785-9338-680368670a43
"-74,15214894","4,58079647",10332,014B10,Pq. La Coruña,4,2,6,AV. J. Gaitán C. - CL 58A Sur,b4653e6b-6324-405f-b779-9b7cd23fb6f9
"-74,14403427","4,578769191",10333,013A10,Br. Muzú,4,2,6,AV. J. Gaitán C. - CL 56F Sur,606fc734-c266-493e-af80-7e1067c3f6f5
"-74,14267612","4,57998364",10334,013B10,Br. Muzú,4,2,6,AV. J. Gaitán C. - AV. Boyacá,2a371f81-5b20-4440-8ddc-620c72cd43c9
"-74,14058633","4,581954167",10335,011A10,Br. San Vicente,4,2,6,AV. J. Gaitán C. - CL 53B Sur,bfb2c474-f05f-4c74-a206-18d5fbd1074a
"-74,1377387","4,584298296",10336,009A10,Br. El Carmen,4,2,6,AV. J. Gaitán C. - DG 49B Sur,44c564f1-1e8e-4aed-a8ff-05727f6c2d0a
"-74,13469878","4,585156035",10337,007A10,Br. Samore,4,2,6,AV. J. Gaitán C. - CL 49B Sur,599c4c31-1464-4e8e-88ee-2ae0737b7eda
"-74,13533736","4,585035189",10338,007B10,Br. Samore,4,2,6,AV. J. Gaitán C. - CL 50 Sur,6afa20d9-e984-4d55-863f-ef9c128c5156
"-74,13059483","4,585836078",10339,006A10,Policía Nacional,4,2,6,AV. J. Gaitán C. - CL 47 Sur,04951f8c-36db-4a6a-9063-468330e9bad2
"-74,13103582","4,585749765",10340,006B10,Policía Nacional,4,2,6,AV. J. Gaitán C. - CL 47A Sur,5b2350af-8936-40ec-9048-9df79e629764
"-74,126207","4,587678",10341,004A10,Br. Inglés,4,2,6,AV. J. Gaitán C. - CL 41 Sur,f7281746-3f7f-4b1d-902c-0b5de41a7458
"-74,06101733","4,677948495",10342,123A00,Br. La Castellana,4,2,6,AV. NQS - CL 89A,14512c0d-3083-487f-88e7-ec6da7ceadc8
"-74,06513589","4,675527221",10343,770A00,Estación La Castellana,4,2,6,AV. NQS - CL 86,e075e157-10cb-4bd0-9cfa-227140866b4a
"-74,0709528","4,67101066",10344,080A04,Estación NQS - Calle 75,4,2,6,AV. NQS - CL 76,d8662f43-298c-4eb9-8b75-73d323b17f4b
"-74,07378244","4,667695706",10345,079A04,Br. 12 de Octubre,4,2,6,AV. NQS - CL 71,4ebcae9a-c1bb-48d7-b412-87519cc1f16f
"-74,07557249","4,665613225",10346,431A04,Estación Av. Chile,4,2,6,AV. NQS - CL 70,eb44e00c-4acf-4f7e-a43c-5a230726a4f5
"-74,0774743","4,661105251",10347,454A05,Br. San Miguel,4,2,6,AV. NQS - CL 65,9d62f91f-0ffc-46d2-af2d-c9671b434737
"-74,07806709","4,658333309",10348,103A05,Estación Simón Bolívar,4,2,6,AV. NQS - CL 63G,8d41c5f8-10a0-4488-a997-eeb82c0889a9
"-74,07838569","4,655105482",10349,455A05,Br. El Rosario,4,2,6,AV. NQS - CL 63C,38330714-ab25-4e07-8970-c771b3fd0bc8
"-74,0786932","4,652113218",10350,112A05,Calle 63,4,2,6,AV. NQS - AC 63,55e95071-49d6-4dec-9789-4fca6a761cc0
"-74,07887384","4,649219966",10351,456A05,Br. Campín Occidental,4,2,6,AV. NQS - CL 58A,35ccea02-0174-4612-aa13-4f70d871b63c
"-74,07917204","4,644855671",10352,102A05,Estación EL Campín,4,2,6,AV. NQS - CL 53A Bis,d3bdf6a0-bc3f-46be-aa4c-9548d4a8807a
"-74,07938585","4,642035356",10353,114A05,Br. Nicolás de Federmán,4,2,6,AV. NQS - CL 52,6e36f7d0-e3f8-41e3-aa4a-ac71e2be68d3
"-74,07954321","4,638439061",10354,113A05,Instituto Geográfico Agustín Codazzi IGAC,4,2,6,AV. NQS - CL 48,e260b833-641e-440a-8e7e-3377071ba4e9
"-74,07976241","4,634799106",10355,101A05,Estación U. Nacional,4,2,6,AV. NQS - CL 45,702be97d-39c4-4835-8412-75d911fadc4e
"-74,08025138","4,629848811",10356,076A05,Br. Acevedo Tejada,4,2,6,AV. NQS - CL 29,4c1dfe3e-b1b4-4200-bf6e-533daefae369
"-74,08270957","4,625606623",10357,401A06,Br. Gran América,4,2,6,AV. NQS - CL 25B,3c06923c-dcea-4ca7-9628-7d642016418b
"-74,08363249","4,624573575",10358,089A07,Estación CAD,4,2,6,AV. NQS - CL 22C,90a5d626-e648-47e7-80b0-c726c83d0c22
"-74,08527562","4,622455703",10359,090A07,Estación CAD,4,2,6,AV. NQS - CL 22B,4319dce5-9492-4e5a-95ce-fbd70f835081
"-74,08917461","4,617776606",10360,069A07,Estación Paloquemao,4,2,6,AV. NQS - CL 17A,b4041631-7da5-4dd7-95d0-811c8d7fb7b3
"-74,094007","4,612854",10361,351A07,Br. Pensilvania,4,2,6,AV. NQS - CL 12,25cd64ac-4250-463f-ab97-81464acf7d84
"-74,094863","4,610841",10362,070A07,Estación Ricaurte,4,2,6,AV. NQS - CL 10,4029e767-fb33-446b-b92d-0c238ef5d5f8
"-74,09631372","4,609046999",10363,352A07,Br. Pensilvania,4,2,6,AV. NQS - CL 8,500ab923-0f46-4036-b368-10bf04e092fb
"-74,09982122","4,604593506",10364,071A07,Estación Comuneros,4,2,6,AV. NQS - CL 4 Bis,753f848c-c9a3-4b1e-bbde-32dc348e3a47
"-74,10190001","4,602607447",10365,586A08,Estación Santa Isabel,4,2,6,AV. NQS - CL 2,db956162-734a-4439-ab66-35ccbe193ae3
"-74,10360504","4,601178668",10366,110A08,Br. Santa Isabel Occidental,4,2,6,AV. NQS - CL 1F,897a6b15-802f-4566-81e9-a60f2d6ef34a
"-74,10676472","4,598889144",10367,587A08,Br. Santa Matilde,4,2,6,AV. NQS - CL 1,c0a3f3dd-2d4a-4427-9d3e-f4accce4ed8d
"-74,10644536","4,598573963",10368,346A00,Br. Santa Isabel,4,2,6,AV. NQS - AC 8 Sur,f9bf18ab-83b0-4811-a42e-0f0d4e2936ba
"-74,10392","4,600393",10369,128A00,Br. Santa Isabel,4,2,6,AV. NQS - CL 1D,59cae0e6-7631-4e84-9422-6efe2e428424
"-74,10153531","4,602278855",10370,692A00,Br. Santa Isabel,4,2,6,AV. NQS - CL 2,a06c2dcf-4145-411e-b908-a5c27396f0f9
"-74,09942137","4,60441654",10371,127A00,Estación Comuneros,4,2,6,AV. NQS - CL 4A,9065bcf1-f776-47a1-93bb-7b56fad11d14
"-74,0950364","4,609908058",10372,180A00,Estación Ricaurte,4,2,6,AV. NQS - CL 9,fff773a3-fa40-4b18-9fe5-a769c96200b5
"-74,09342721","4,611875433",10373,693A00,Br. Ricaurte,4,2,6,AV. NQS - CL 11,38f9e35f-8e6d-4500-accb-b7bc2dd8f8e5
"-74,08852343","4,617761617",10374,126A00,Estación Paloquemao,4,2,6,AV. NQS - CL 17A,5238a66b-28d0-4d55-98da-c95ffc9e3975
"-74,08500096","4,622077539",10375,209A00,Colseguros,4,2,6,AV. NQS - CL 22A,0750aabf-8a6d-48d7-9c06-2fc129375e62
"-74,08312901","4,624177789",10376,175A00,Clínica Méredi,4,2,6,AV. NQS - CL 24,8e4b25e5-85e5-4b8d-aa70-7aef18a6353e
"-74,08211683","4,625379828",10377,694A00,CAD,4,2,6,AV. NQS - AC 25,c3b4c80e-d843-4e71-ba94-9cd7ab453d3d
"-74,0799442","4,629119762",10378,695A00,Br. Las Américas,4,2,6,AV. NQS - CL 39A,06e7ec0b-9250-46af-8598-aaad3194e1d0
"-74,07955117","4,631551254",10379,125A00,Estación Av. El Dorado,4,2,6,AV. NQS - CL 40A,49b1b6d7-407e-4de4-ab6b-6ad59e146436
"-74,07913824","4,635844084",10380,176A00,Estación U. Nacional,4,2,6,AV. NQS - CL 45A,1b82998b-fcf4-45df-814c-b54f843efcf7
"-74,07899324","4,638478843",10381,210A00,Canal Arzobispo,4,2,6,AV. NQS - CL 48,e98bc8c3-56a2-4fbc-85cb-f9a7fb5b8895
"-74,07877879","4,641438117",10382,776A00,Br. Belalcazar,4,2,6,AV. NQS - CL 52,f34718f0-8025-4682-808b-15d57cc7ed9e
"-74,07862742","4,643664262",10383,208A00,Estadio El Campín,4,2,6,AV. NQS - CL 53,14fc1c18-6107-42d7-b0f6-26ed826c1b36
"-74,07831991","4,64805382",10384,775A00,Coliseo El Campín,4,2,6,AV. NQS - CL 57B,d3210ace-c953-4628-88a7-80f7fb1de392
"-74,0779942","4,651552902",10385,181A00,Estación Coliseo,4,2,6,AV. NQS - CL 62,612c0c96-f009-4c62-920e-de8f56c59cd5
"-74,07776761","4,654618012",10386,774A00,Br. Benjamín Herrera,4,2,6,AV. NQS - CL 63B,93dafaf1-25a8-4133-bb3c-804b240b5062
"-74,07734036","4,657731431",10387,177A00,Estación Simón Bolívar,4,2,6,AV. NQS - CL 63F,09cac098-7af9-453b-8cdb-fe927b5b5da2
"-74,07656878","4,660684522",10388,773A00,Br. La Paz,4,2,6,AV. NQS - CL 65,be4a1fec-a4fc-46ba-af70-6a4cff454c72
"-74,07533499","4,66491711",10389,772A00,Estación Av. Chile,4,2,6,AV. NQS - CL 70,2102d473-8d28-482a-85c1-299adf01f77d
"-74,07334457","4,667393386",10390,178A00,Estación Av. Chile,4,2,6,AV. NQS - CL 71C,4bf7d290-fe0e-4a8e-a658-459fc5c2a35d
"-74,07059639","4,670601246",10391,179A00,Estación NQS - Calle 75,4,2,6,AV. NQS - CL 75,12043ffe-889d-4f39-a062-9d747f9e9023
"-74,06461864","4,67523219",10392,771A00,Estación La Castellana,4,2,6,AV. NQS - CL 85A,be011dc7-7a23-44f3-9038-48dc0752854f
"-74,05894297","4,678342125",10393,124A00,Puente de la 92,4,2,6,AV. NQS - CL 91,22d97e11-3f67-44fb-9b97-490363ab893d
"-74,089652","4,686881727",10394,209A04,Plaza de Mercado Las Ferias,4,2,6,AK 70 - CL 73A,86d325b7-a20d-40b2-be85-ce9f60eafbbd
"-74,091395","4,684396",10395,014A04,Br. Bonanza,4,2,6,AK 70 - AC 72,c1904bfb-6dc8-4064-aa1a-fb37e8b76bab
"-74,09427918","4,680026272",10396,024A05,Br. El Laurel,4,2,6,AK 70 - CL 68A,941d51df-57ae-4ce5-abfc-102b5291dd8c
"-74,09683882","4,676400842",10397,019A05,Br. San Joaquin Norte,4,2,6,AK 70 - CL 64I,4a6e2de5-861c-49f9-b579-00eb728b33e9
"-74,09903819","4,673265176",10398,021A05,Hospital Engativa,4,2,6,AK 70 - CL 64,d65b7819-e808-49c4-b68b-c7f4000c597d
"-74,10320105","4,669161997",10399,166A05,Universidad Libre,4,2,6,AK 70 - CL 54,f6a7a503-1ad6-4828-a9eb-c673d4f9afce
"-74,10581912","4,666757207",10400,023A05,Br. Normandía,4,2,6,AK 70 - CL 51,4bb7a20e-eb13-4e39-a752-a15465745475
"-74,1055706","4,666337325",10401,165A05,Jardin Botanico,4,2,6,AK 70 - CL 51,d8ead0bd-148a-4dd4-bd4d-ec2fba4a2c67
"-74,10313062","4,668553765",10402,167A05,Universidad Libre,4,2,6,AK 70 - AC 53,c99ea514-b2f8-4615-bccb-6affe15807a3
"-74,09897274","4,67321285",10403,022A05,Br. La Estrada,4,2,6,AK 70 - CL 63D,5b1746b6-fb71-463c-a4f4-5899060d6ae1
"-74,09630448","4,677007057",10404,020A05,Br. San Joaquin Norte,4,2,6,AK 70 - CL 65,b642466b-ff5f-40e4-a65f-a92a3356784e
"-74,09445719","4,679598753",10405,025A05,Br. La Estrada,4,2,6,AK 70 - CL 68,0b6c71f5-16b0-4527-a571-0def1e52ef36
"-74,09186143","4,683303182",10406,018A05,Las Ferias,4,2,6,AK 70 - CL 71A,e82c5894-c512-4c89-8eb3-8550af52f530
"-74,090784","4,684821",10407,438A04,Br. Las Ferias Occidental,4,2,6,AK 70 - CL 72A,08f245ab-69e5-4fde-af98-d1d4950f10b9
"-74,08909506","4,687228172",10408,439A04,Plaza de Mercado Las Ferias,4,2,6,AK 70 - CL 74B,42b800a1-808e-4dbb-ad75-ca48727282c7
"-74,08745222","4,689867919",10409,440A04,Br. Las Ferias Occidental,4,2,6,AK 70 - CL 77A,e3b13b7b-9faa-47b0-98d4-9cc099116560
"-74,18251707","4,600007153",10410,476A09,Br. Gualoche,4,2,6,KR 77M - CL 65A-29 Sur,3d6628bb-b729-4837-b28f-581945049670
"-74,18515444","4,600458998",10411,477A09,Br. La Amistad Bosa,4,2,6,TV 77M - CL 65G Sur,15183807-30a3-40e3-823c-42fe87b58827
"-74,18689936","4,601376392",10412,229A09,San Pablo I Sector,4,2,6,KR 78C - CL 65J Sur,cfd04cd8-a7b7-459f-8a49-6935225063a9
"-74,19064762","4,602237952",10413,212A09,Urbanización El Llano de Bosa,4,2,6,KR 78C - DG 69B Sur,97c8480f-9871-4f7d-b37b-e3cab3d1400c
"-74,18886431","4,601855392",10414,212B09,Urbanización El Llano de Bosa,4,2,6,KR 78C - CL 68A Sur,6e248833-0d41-4c84-b3ed-c518a9d118c5
"-74,19251622","4,602727353",10415,178A09,Br. Piamonte Naranjos,4,2,6,KR 78C - CL 70 Sur,57320417-f5dd-4140-99fc-5de08356674c
"-74,19643928","4,604680088",10416,167A09,Calle 71D,4,2,6,TV 78D - CL 71D Sur,6f09d25b-a974-453b-acba-953290c1f1d4
"-74,1995531","4,607070032",10417,490A09,Br. Gran Colombiano,4,2,6,TV 79D - CL 73B Sur,d6b1e5ee-7ba9-4498-8845-9c8c4ed74dc6
"-74,197389","4,605388",10418,486A09,Br. José María Carbonell,4,2,6,TV 79D - CL 73B Sur,cac2b0e8-9906-4495-bbb7-bbf79a1290ac
"-74,20106576","4,608226053",10419,137A09,Dg 73H,4,2,6,KR 79D - DG 73H Sur,0b9d649a-0701-4b89-8a8b-2fd5a1b98f9a
"-74,20375326","4,60998216",10420,149A09,Pq. la Esperanza,4,2,6,KR 80J - CL 75 Sur,729b4d1b-a374-4b57-83d9-e434eac7cd8a
"-74,20675897","4,612079226",10421,145A09,Br. El Jardín,4,2,6,KR 80K - CL 82B Sur,6a1d8c3f-dba0-442c-8857-003d3ac97528
"-74,21032251","4,612966912",10422,127A09,Br. San José,4,2,6,KR 80I - CL 85B Sur,b796877c-b96c-4351-9601-2d6c87e08986
"-74,21321524","4,614356377",10423,124A09,Br. San Diego,4,2,6,TV 80I - DG 89B Sur,064f5103-0310-43a7-afde-390d5648d742
"-74,21500715","4,614291393",10424,545A09,Desarrollo El Toche,4,2,6,TV 80I - CL 93 Sur,54854499-1d94-46be-9ad2-de5e5ef2ebcd
"-74,2133645","4,614275665",10425,125A09,Diagonal 90 Sur,4,2,6,TV 80I - DG 90 Sur,dcde29dd-a2e5-4deb-8607-136cccf69c92
"-74,21036633","4,612878013",10426,126A09,Br. el Jardín,4,2,6,KR 80I - CL 87B Sur,1cb71a20-d3ba-43dd-814c-e65002640af8
"-74,20671705","4,611975785",10427,144A09,Br. San Diego Bosa,4,2,6,KR 80K - CL 82B Sur,de55d345-eb9f-4b72-955e-2533898e41f4
"-74,20392267","4,609945129",10428,148A09,Pq. la Esperanza,4,2,6,KR 80J - CL 75 Sur,05dd5851-68e6-45bd-8dc3-0bfa02012ffc
"-74,20179548","4,608664653",10429,136A09,Br. Manzanares,4,2,6,TV 79D - CL 74A - 36 Sur,6cd8a250-6683-4de6-bf74-42687b521013
"-74,200109","4,607405",10430,168A09,Br. Villa Anny I,4,2,6,TV 79D - DG 73B Sur,8d870ab4-7d5b-4f2d-b007-571952431702
"-74,19900469","4,606486025",10431,168B09,Br. Villa Anny I,4,2,6,TV 79D - DG 73B Sur,632e4826-1e0b-43f6-9b23-a3a07252eabd
"-74,197894","4,605714",10432,166A09,Br. Carlos Albán Holguín,4,2,6,TV 79D - CL 72B Sur,54ef2ab4-630d-44bb-822a-fd83b540cfc4
"-74,19354019","4,603029541",10433,177A09,Br. Nueva Granada Bosa,4,2,6,KR 78C - CL 70B Sur,1d02b82f-506e-47fa-8f0b-0f21dc3ec82c
"-74,19078729","4,602158612",10434,211A09,Br. Nueva Granada Bosa,4,2,6,KR 78C - CL 69B Sur,9e634bf1-622a-4435-9b55-5ab1a7c93be3
"-74,19025047","4,602028818",10435,211B09,Br. Nueva Granada Bosa,4,2,6,KR 78C - CL 69B Bis Sur,cffa5122-f4d3-4416-90cf-190d191e82bd
"-74,18680779","4,60126118",10436,228A09,Urbanización La Amistad,4,2,6,KR 78C - CL 65J Sur,b8bf2de0-0dfc-447e-81d6-583151b352fd
"-74,18530796","4,600411307",10437,165A09,La Amistad Bosa,4,2,6,TV 77M - CL 65 G BIS Sur,7d6b4ff2-1772-41a5-ac1e-24b1a1f7682a
"-74,18202998","4,600062486",10438,294A09,Br. Gualoche,4,2,6,KR 77M - CL 65 Sur,62af9099-b2d0-4708-aecb-0374d4fdb9ff
"-74,10349611","4,750267453",10439,193A03,ETB Tibabuyes,4,2,6,AV. Suba - KR 114C,95da5cc7-3271-4912-aeee-e37b854ae70d
"-74,10367756","4,750360272",10440,193B03,ETB Tibabuyes,4,2,6,AV. Suba - KR 114D,42671153-db63-4c75-b242-fd6ab5e7d228
"-74,10199985","4,749517393",10441,194A03,Pq. Ciudad Cafam,4,2,6,AV. Suba - KR 113B,42088b1b-2d2c-4cc3-b326-c56d54234325
"-74,0996952","4,748434961",10442,195A03,Gimnasio Santo Tomás,4,2,6,AV. Suba - KR 109C,49e79947-37cd-4bfc-a6d5-b1a369cc1fbc
"-74,10000322","4,748565645",10443,195B03,Br. Lombardía,4,2,6,AV. Suba - KR 110,85407c06-8db3-4360-8523-fed4cf8b7373
"-74,09707083","4,746824716",10444,196A03,Portal de Suba,4,2,6,AV. Suba - KR 106,ff70cd0e-5a2f-4ffb-b93e-54b4a9f73adc
"-74,09466611","4,745154164",10445,563A03,El Poa,4,2,6,AV. Suba - KR 103B,e77c73bc-0bca-4a46-891d-220db656c983
"-74,090963","4,742127195",10446,043A03,Sabana de Tibabuyes,4,2,6,AV. Suba - KR 98B,a5810f9d-950d-4b57-9c9e-e126dbeedb01
"-74,08852927","4,7402118",10447,564A03,Las Flores,4,2,6,AV. Suba - KR 96,15e1ab87-8a5c-4788-8d02-d77321f41e08
"-74,08539983","4,737778337",10448,206A03,C.C Centro Suba,4,2,6,AV. Suba - KR 91,eff01b7f-db0f-44e3-b1bf-4ea80f28e864
"-74,08048292","4,734843331",10449,207A03,Estación 21 Ángeles,4,2,6,AV. Suba - TV 84,263a6016-6a46-4925-9964-5249c24a6903
"-74,07718225","4,732813187",10450,208A03,Br. Niza Suba,4,2,6,AV. Suba - KR 77,6f51ba7d-8eb3-40b1-8229-ee5ccaff5201
"-74,07491562","4,726776427",10451,179A03,Estación Gratamira,4,2,6,AV. Suba - CL 132A,d078178b-d318-461f-b96a-7f6c87e7df61
"-74,07339728","4,715900578",10452,178A03,Parroquia San Bartolomé Apostol,4,2,6,AV. Suba - CL 128A,5c728ff4-8062-4042-96d7-243970d044b8
"-74,0728106","4,713412986",10453,177A03,Br. Niza Norte,4,2,6,AV. Suba - 127D,9fe6f28d-fa4d-49d8-bd54-6043733012b8
"-74,07202155","4,709748038",10454,578A03,Br. Niza Sur,4,2,6,AV. Suba - CL 126,00eccb08-4319-420c-a49a-7a370fb383dc
"-74,0713301","4,706493663",10455,044A03,Br. Niza,4,2,6,AV. Suba - CL 120,f6bfa528-51f2-4b6c-8882-e5379a283036
"-74,07088933","4,70392899",10456,613A03,Br. Niza Sur,4,2,6,Av. Suba - CL 118,acbd3e17-5b79-4cb2-9dd3-d446b8db0304
"-74,06993902","4,698775854",10457,045A03,Urb. Morato,4,2,6,AV. Suba - CL 115,c1716fec-e51b-456b-90b4-0d08b831336f
"-74,06905178","4,69610695",10458,169A03,Br. Andes Norte,4,2,6,AV. Suba - CL 114,df8fed80-5068-4c25-8f4b-0688739dc2b5
"-74,06727066","4,693111675",10459,047A03,Br. Andes Norte,4,2,6,AV. Suba - CL 106,b883c7b9-01fd-4e77-97f3-6147851083f3
"-74,06583308","4,690382077",10460,046A03,Br. Andes Norte,4,2,6,AV. Suba - CL 100,9143e2c9-1514-42ff-992e-ea7a0c03c561
"-74,0649372","4,68769867",10461,213A03,Br. Ríonegro,4,2,6,AV. Suba - CL 98A,9b95a97a-36c3-4de3-926b-fa19fd4082f4
"-74,06321777","4,684384602",10462,214A03,Estación Suba - Calle 95,4,2,6,AK 55 - CL 94C,6094ab2b-2aed-4980-b025-09bff702b18e
"-74,06475277","4,680699356",10463,215A03,Estación Rionegro,4,2,6,AK 50 - CL 91A,f1423ce7-edfa-4fab-a216-be8911ba4db3
"-74,06677854","4,677364792",10464,212A03,Estación San Martín,4,2,6,AK 50 - CL 86B,67378856-9b30-4307-a4a6-c073905e1ccd
"-74,06712875","4,676198587",10465,400A00,Estación San Martín,4,2,6,AK 50 - CL 85A,3d05e889-5047-43c9-9a19-5871e45cd95f
"-74,06440003","4,680752002",10466,401A00,Br. La Castellana,4,2,6,AK 50 - CL 91,a7d27219-4cfa-40ce-abf1-7e068dbda9ce
"-74,06314526","4,684902159",10467,402A00,Estación Suba - Calle 95,4,2,6,AV. Suba - CL 94C,447883d0-d266-488f-95dc-d4127e72d5e8
"-74,06457557","4,687754703",10468,403A00,Centro Comercial Iserra 100,4,2,6,AV. Suba - CL 98A,d332ad18-8d30-4321-97ef-9f8e92c4fa0d
"-74,06531108","4,690056622",10469,049A02,Estación Suba - Calle 100,4,2,6,AV. Suba - CL 100,1e1171ea-f09b-439f-9db5-e9fd3d7383db
"-74,06712455","4,693578009",10470,050A02,C.C. Puente Largo,4,2,6,AV. Suba - CL 106,b3b3af11-e871-4adb-9be6-41fc07af816a
"-74,0696398","4,699190265",10471,048A02,Avenida Pepe Sierra,4,2,6,AV. Suba - CL 115,2e4e0fa5-5ad7-43a6-afa0-63a4c12d993a
"-74,0707936","4,705698943",10472,047A02,Urb. Lagos de Córdoba,4,2,6,AV. Suba - CL 120,5a7fe272-61c3-4b3e-b910-e1a590036534
"-74,07172002","4,71009178",10473,362A02,Urb. Hacienda Córdoba,4,2,6,AV. Suba - CL 124,bbc205e1-7523-4c75-8603-09e1bda7524c
"-74,07248222","4,71344424",10474,046A02,Br. Las Villas,4,2,6,AV. Suba - CL 127D,65c12896-8cb9-4367-9a39-0d791908aa3c
"-74,0731351","4,716056404",10475,097A02,Br. Las Villas,4,2,6,AV. Suba - CL 128 Bis A,7333b76c-b264-45e3-9f95-c46ff5187fe1
"-74,07455622","4,726932669",10476,155A02,Estación Gratamira,4,2,6,AV. Suba - CL 132A,9df87034-971c-4273-9061-2c3ba762fa73
"-74,0747258","4,731424369",10477,156A02,Br. Iberia,4,2,6,AV. Suba - AC 138,f95d7bb9-83a9-4d78-bd6c-de397871f821
"-74,07793362","4,733942635",10478,180A03,Br. Salamanca y Catalayud,4,2,6,AV. Suba - KR 80,4a720ea0-73d6-4cc8-b128-2e96181630af
"-74,08028217","4,735273349",10479,181A03,Estación 21 Ángeles,4,2,6,AV. Suba - KR 83,4894c5fa-ae6f-453b-bb72-bce0f640ebe6
"-74,08209289","4,736846931",10480,614A03,Br. Villa Lorena,4,2,6,AV. Suba - KR 84A,18d9f0af-0139-48f8-9212-0a1f2eac492e
"-74,08457427","4,737843503",10481,182A03,C.C. Subazar,4,2,6,AV. Suba - KR 91,e9eefdce-140d-463b-bf66-dfc0bb570fca
"-74,08850917","4,740634794",10482,548A03,Br. Java I Sector,4,2,6,AV. Suba - KR 95B,f8f735ad-77e6-4300-b898-463177c87716
"-74,09071765","4,742463194",10483,197A03,Estación La Campiña,4,2,6,AV. Suba - KR 99,8f27c520-3a33-444a-8778-f73e0fdec187
"-74,09494386","4,745712774",10484,547A03,Portal de Suba,4,2,6,AV. Suba - KR 103C,fd34921d-58b0-48e5-bda9-00a0236b1ba1
"-74,09817635","4,74801687",10485,189A03,C.C. Plaza Imperial,4,2,6,AV. Suba - KR 107,f71b4c66-75a0-4f95-9820-4b8496eed151
"-74,10095726","4,74937203",10486,191A03,Tibabuyes,4,2,6,AV. Suba - KR 111A,758c39c4-8ffd-48d0-9cee-2c0046ceb2fc
"-74,10030636","4,749040378",10487,191B03,Br. Lombardía II,4,2,6,AV. Suba - KR 110A,b26a99e3-6911-46d0-9d71-5962d0900e70
"-74,10413851","4,750924287",10488,192A03,ETB Tibabuyes,4,2,6,AV. Suba - KR 114G,6ce71893-7ebc-4159-abb9-bd6c5fd4ee2b
"-74,12687992","4,569925888",10489,468A11,Br. Santa Lucía Sur,4,2,6,DG 48 Sur - TV 18C,2ceddb1a-496c-4748-bb71-6b7ec4fd22fc
"-74,13004474","4,570681774",10490,076A11,Estación Biblioteca,4,2,6,AV. V/cio - CL 51 Sur,0523f533-c2cf-42d8-a9bc-9f7f4bab350c
"-74,13346162","4,569343224",10491,079A11,Estación Parque,4,2,6,AV. V/cio - CL 55 Sur,bce6251c-33ec-4839-b5a9-a9746c2eff6a
"-74,13312114","4,569505452",10492,079B11,Estación Parque,4,2,6,KR 19C - CL 55 Sur,dbca361b-a059-4a8d-9f63-5423295c834e
"-74,14310384","4,566928414",10493,084A11,Br. Ronda,4,2,6,AV. V/cio - KR 22,2ab9970b-af1f-4554-90a4-bbbbfe202d23
"-74,14617766","4,568928646",10494,062A11,Br. El Chircal Sur,4,2,6,AV. V/cio - KR 22G,663d8c25-7c0c-4495-8a5f-25642c40e6f7
"-74,14553146","4,568533051",10495,062B11,Br. El Chircal Sur,4,2,6,AV. V/cio - KR 22B,48488a85-d490-4758-b205-6cd86e7aadd5
"-74,14879034","4,570724346",10496,118A11,CADE Ciudad Bolívar,4,2,6,AV. V/cio - TV 32,38132aac-a950-4809-acda-546bb9f621f8
"-74,14931903","4,571112495",10497,118B11,CADE Ciudad Bolívar,4,2,6,AV. V/cio - TV 34,1ce70414-ed83-4c42-bbca-3f4a269ab642
"-74,15057936","4,57194223",10498,499A11,Br. Arborizadora Baja,4,2,6,AV. V/cio - KR 37C,c73c1244-829f-43b5-b3ac-f91b3e7e4797
"-74,15026503","4,57177208",10499,499B11,Br. Arborizadora Baja,4,2,6,AV. V/cio - KR 38,e10f2091-aa0a-4c52-aae2-1e72b6bf0674
"-74,1536224","4,574295924",10500,031A11,Br. Arborizadora Baja,4,2,6,AV. V/cio - KR 44,7d145477-bdfb-4d01-97bf-fe6219780106
"-74,15328454","4,5739856",10501,031B11,Br. Arborizadora Baja,4,2,6,AV. V/cio - KR 44A,d1943a41-7c21-4d8c-95b4-5d6e1e83d4d9
"-74,15538424","4,576920547",10502,030A10,Br. Verona,4,2,6,AV. V/cio - KR 48,579e5cff-8438-4c99-8e88-3ed596f329f6
"-74,15525475","4,576703887",10503,030B10,Br. Verona,4,2,6,AV. V/cio - TV 49,a58f4044-c746-43af-89dc-734664f242a4
"-74,15651226","4,579046147",10504,090A10,U. Distrital,4,2,6,AV. V/cio - KR 49C,8747b93a-4c55-4dd5-a64d-453f6bf9fb12
"-74,15632142","4,578713501",10505,090B10,U. Distrital,4,2,6,AV. V/cio - AK 51,6c1df5ce-a608-4657-a88c-8a3808cf5cc6
"-74,15783577","4,581535757",10506,313A10,Br. El Ensueño,4,2,6,AV. V/cio - TV 63,c3d390ef-b904-4ca2-8655-6a5de196e0d2
"-74,15984943","4,585619425",10507,029A10,Br. El Ensueño,4,2,6,AV. V/cio - TV 70D,b217ec2e-af9e-4c32-9c32-0cf75a531c24
"-74,16103304","4,588433031",10508,027A10,Br. Madelena,4,2,6,AV. V/cio - CL 63 Sur,ea48e7b2-29aa-44d5-9f34-454e00e1a390
"-74,16140696","4,592104016",10509,335A10,Br. Rafael Escamilla,4,2,6,AV. V/cio - CL 60 A Sur,dbbd04f0-a324-4d1e-93d9-f389fee6d0c9
"-74,16165317","4,594152513",10510,054A10,Br. Rafael Escamilla,4,2,6,AV. V/cio - Auto Sur,5a479fb8-473a-4a10-8270-2b2de07be23b
"-74,16203096","4,597409672",10511,064A09,Br. Villa del Río,4,2,6,AV. V/cio - CL 57H Sur,00f42f4f-3c96-46ff-92f5-c86d025a3be9
"-74,16177043","4,602709369",10512,024A09,Br. Villa del Río,4,2,6,AV. V/cio - CL 54B Sur,bca2690a-039e-4b7c-bf5b-4e7890adb466
"-74,16134471","4,60878232",10513,022A09,Br. Timiza B,4,2,6,AV. V/cio - TV 77P Bis,4ca2397d-f14d-4365-bce4-f7d16e9bcd5e
"-74,1611851","4,610738924",10514,020A09,Br. Lagos de Timiza II,4,2,6,AV. V/cio - KR 78,8893cc22-049c-4ebb-b12b-7877fbc5d552
"-74,16185062","4,614149957",10515,018A09,Br. Timiza,4,2,6,AV. V/cio - KR 78G,8a0a8064-c524-4f34-ab09-06ca42daa094
"-74,16373833","4,617364557",10516,036A08,Br. Ciudad Kennedy Sur,4,2,6,AV. V/cio - KR 78L,efa5d02b-60fc-464d-88a3-1f87290bb481
"-74,16487766","4,619301287",10517,035A08,Av. Villavicencio,4,2,6,AV. V/cio - KR 79C,0792b272-0ab3-43b5-ae95-9ae51c1415f0
"-74,16688576","4,622733411",10518,599A08,Br. Villa Nelly,4,2,6,AV. V/cio - KR 80G,5a8a953b-78df-4e42-968a-16d69503003f
"-74,16795216","4,62429566",10519,034A08,Br. Villa Nelly,4,2,6,AV. V/cio - KR 81B,2f63190a-65a3-489d-b11a-eb077cd05753
"-74,16970209","4,627091013",10520,032A08,Br. Villa de la Loma,4,2,6,AV. V/cio - KR 82 A,b979a917-ec7b-4684-a97e-5f1c821264ce
"-74,169089","4,625549",10521,032B08,Br. Villa de la Loma,4,2,6,AV. V/cio - KR 81G,9116ba39-9ddb-491e-a547-5dc7e5e74e57
"-74,17010872","4,627174054",10522,354A08,Br. Gran Britalia,4,2,6,AV. V/cio - KR 82C,5504b90a-f1f7-4c5d-aeef-59954483e52e
"-74,16919811","4,625081804",10523,033A08,Br. Villa Nelly,4,2,6,AV. V/cio - KR 81G,8aec9363-33b9-4160-a524-5bfe6113381a
"-74,16690128","4,62226148",10524,164A08,Br. La María,4,2,6,AV. V/cio - KR 80F,f5be6cd6-5a10-4e97-93f7-104d59f84d33
"-74,167186","4,622785",10525,164B08,Br. La María,4,2,6,AV. V/cio - KR 80H,4156fcc2-6a17-4eff-8d8f-858d43fe4608
"-74,16495591","4,618921283",10526,163A08,Br. Nuevo Kennedy,4,2,6,AV. V/cio - KR 79B-17/11,65af3268-e903-49c0-ba25-d648b5745c3d
"-74,16328702","4,616101434",10527,037A08,Br. Pastrana,4,2,6,AV. V/cio - TV 78H,6d04c2ac-7779-4429-868a-4ed68eafb3d9
"-74,16144751","4,612359882",10528,019A09,Br. Tocarema,4,2,6,AV. V/cio - KR 78A,dd5aa22e-cecb-4063-afb5-ed59631a20b1
"-74,16156817","4,608743273",10529,021A09,Urb. Lago de Timiza,4,2,6,AV. V/cio - CL 45 Sur,0a7e143f-dd2b-4714-a6a5-f478b42aeeb7
"-74,16207351","4,602595063",10530,023A09,Br. Olarte,4,2,6,AV. V/cio - CL 54A Sur,7d2d05c5-3eb3-4b98-b69c-8c04b87751f7
"-74,16229673","4,59750754",10531,063A09,Urb. Gecolsa,4,2,6,AV. V/cio - CL 57H Sur,2cd2c5a0-bb40-4ed3-8d30-7322b019352e
"-74,16191901","4,594139733",10532,053A10,Br. Rafael Escamilla,4,2,6,AV. V/cio - Auto Sur,63ed35ed-8a61-40b7-ac1f-40eef1a5cfc0
"-74,16155619","4,590688562",10533,092A10,Br. Balmoral,4,2,6,AV. V/cio - CL 62B Sur,1f46337d-4c8a-4f2e-8f2f-1e2a5260477b
"-74,16101621","4,587373627",10534,028A10,Br. El Ensueño,4,2,6,AV. V/cio - CL 68 Sur,be9ec80e-8e1f-413c-b707-32998ad85790
"-74,15970312","4,584609669",10535,314A10,Br. El Ensueño,4,2,6,AV. V/cio - TV 70C,3faf0108-2ff7-4ad2-9032-ec9f69dd66ea
"-74,15836126","4,581885474",10536,315A10,Br. El Ensueño,4,2,6,AV. V/cio - TV 63,904a5cfd-522b-4504-a719-445773d05cae
"-74,1567283","4,578829757",10537,071A10,U. Distrital,4,2,6,AV. V/cio - KR 49C,3c0a7ab8-88b9-4689-b529-55486dc141c9
"-74,15683167","4,579059262",10538,071B10,U. Distrital,4,2,6,AV. V/cio - KR 49,046279ad-82dc-477c-877f-53f8bbd6bd3a
"-74,15567327","4,576820566",10539,089A10,Br. Verona,4,2,6,AV. V/cio - KR 48,1a9fe1fd-16f3-4808-a859-1c57d7a28d96
"-74,15583818","4,57713427",10540,089B10,Br. Verona,4,2,6,AV. V/cio - KR 48,69a80d14-f91f-4379-9ce3-cc562ec35dd1
"-74,15385129","4,574118942",10541,453A11,Br. Candelaria La Nueva,4,2,6,AV. V/cio - KR 45A,f5d65107-71b3-4997-8b22-1b9e455e638b
"-74,15409352","4,574422065",10542,453B11,Br. Candelaria La Nueva,4,2,6,AV. V/cio - KR 44C,046897ea-a648-4e15-b8fb-388cf2139c29
"-74,15227967","4,572736291",10543,030A11,CAI Candelaria,4,2,6,AV. V/cio - KR 43B,aee42d07-cee6-4771-b2e1-725b8376811f
"-74,15215733","4,572673851",10544,030B11,CAI Candelaria,4,2,6,AV. V/cio - KR 41A,0d722e09-5f47-4655-92b6-cfee02b42273
"-74,14892415","4,570472721",10545,032A11,Br. El Satélite,4,2,6,AV. V/cio - KR 30,e718a3bb-3086-4838-8b60-3980b7c73bae
"-74,14935182","4,570792136",10546,032B11,Br. El Satélite,4,2,6,AV. V/cio - KR 32,0c1baa5b-475b-4a95-832a-6e9ac4fdf44e
"-74,14624153","4,568636608",10547,061A11,Br. El Satélite,4,2,6,AV. V/cio - KR 22B,9b2eee65-7c7b-4dc9-8329-840d8bf9ec8b
"-74,14644215","4,568798148",10548,061B11,Br. El Satélite,4,2,6,AV. V/cio - KR 22H,4a7385e0-6b4f-4b94-8235-7f72ad58f6e9
"-74,14342499","4,566747559",10549,083A11,Br. Ronda,4,2,6,AV. V/cio - TV 20F,1b67ef3b-7bd9-4242-865b-b235901d4916
"-74,13521673","4,568169441",10550,467A11,Estación Parque,4,2,6,AV. V/cio - CL 55 Sur,46e40155-439c-48f0-b49a-3568df38865b
"-74,13050846","4,569988263",10551,077A11,Estación Biblioteca,4,2,6,AV. V/cio - CL 51 Sur,0401449f-f5cb-4ce7-9637-d6c8773a1932
"-74,12749406","4,569941745",10552,497A11,Br. San Carlos Norte,4,2,6,AV. V/cio - KR 19,b7d46e83-81b9-4bed-b0aa-6eeddd14b44e
"-74,06245616","4,735719831",10553,031A02,Urb. El pinar la Fragua II Etapa,4,2,6,AV. Villas - CL 152,78a71056-c0b7-40da-8ad7-c30c73c3fb70
"-74,0630982","4,732472825",10554,361A02,Br. Santa Helena,4,2,6,AV. Villas - CL 146A,679cfe95-3d40-436f-8502-299b0fb511d6
"-74,06383368","4,730175196",10555,134A02,Br. Bosque de Los Urapanes,4,2,6,AV. Villas - CL 138,f24b27a1-8473-4598-b2d8-4ff93ad31b9c
"-74,06476882","4,727623104",10556,132A02,C.C. Portoalegre,4,2,6,AV. Villas - CL 137B,ca351bc6-5730-466c-934e-b8e028b3517e
"-74,06534494","4,726274952",10557,135A02,Br. El Rincón de Iberia,4,2,6,AV. Villas - CL 136,8cadace9-51cc-4355-9264-e185ff126877
"-74,06662983","4,723360241",10558,091A02,Urb. La Colina Campestre V Sector,4,2,6,AV. Villas - CL 132A,5bcfa8f0-2dfa-4fe0-b70d-8fd78e2e32cc
"-74,06785219","4,720603521",10559,133A02,Urb. Iberia Triangulo II,4,2,6,AV. Villas - CL 130A,7749f920-97f5-46b0-b463-c94a60dc9c52
"-74,06916655","4,717566399",10560,154A02,Br. Las Villas,4,2,6,AV. Villas - CL 128B,0719081e-d167-4fb6-aef1-9004c03228fd
"-74,06996243","4,715736524",10561,037A02,Br. Las Villas,4,2,6,AV. Villas - CL 128B,f800fe8b-577f-400f-abb4-4687de9fd115
"-74,0704752","4,712570526",10562,038A02,C.C. Bulevar Niza,4,2,6,AV. Villas - AC 127,7b94513d-8b04-4117-935a-6114595f7932
"-74,07025881","4,712692742",10563,039A02,C.C. Bulevar Niza,4,2,6,AV. Villas - CL 127D,8b692145-1d11-4197-8d15-5a665bd9281d
"-74,06982379","4,715561553",10564,152A02,Br. Villas III Sector,4,2,6,AV. Villas - CL 128B,b89f99be-5835-4942-8dbe-2f860e8c7ed4
"-74,0689911","4,717459333",10565,153A02,Br. Villas III Sector,4,2,6,AV. Villas - CL 129,1b793f56-e37c-479a-876d-f270bd7568f9
"-74,06763016","4,72058146",10566,036A02,Urb. La Colina Campestre,4,2,6,AV. Villas - CL 131,9db36cf5-fa0f-4709-b209-2aa1000b5a06
"-74,06655922","4,723022551",10567,035A02,Urb. La Colina Campestre,4,2,6,AV. Villas - AC 134,f7f9aaf4-3a15-48a5-b64b-60fe56c1fcab
"-74,06544806","4,725476479",10568,034A02,Urb. Aticos del Norte,4,2,6,AV. Villas - CL 134A,316841c6-4f82-42c7-ad13-02a0db0132db
"-74,06463491","4,727362061",10569,082A02,Urb. La Colina Campestre II Sector,4,2,6,AV. Villas - CL 137A,6dec985a-1cc3-4a0d-bfbf-c462dc3c3d4f
"-74,06367687","4,729982411",10570,033A02,Urb. Bosque de la Colina,4,2,6,AV. Villas - 145,4d589fc6-9d34-4cd4-836c-3bb016102124
"-74,06289342","4,73234371",10571,083A02,Br. Santa Helena,4,2,6,AV. Villas - 146A,5600b1c7-c5af-4476-98aa-f9fdfddea3d8
"-74,06261702","4,73496973",10572,032A02,Br. El Pinar La Fragua,4,2,6,AV. Villas - 151,39be85f3-db30-4dd5-8529-13065f812690
"-74,14194133","4,620136198",10573,117A08,IED Kennedy,4,2,6,CL 26 Sur - KR 72C,59d58f47-1513-499e-adb6-e5fc60fd66fe
"-74,14175548","4,619773282",10574,117B08,IED Kennedy,4,2,6,CL 26 Sur - KR 72C Bis,c457635c-4ae0-40b1-9c1e-abf25d235410
"-74,14334174","4,621435664",10575,585A08,Br. Ciudad Kennedy Supermanzana 1,4,2,6,CL 26 Sur - KR 73,39b2df8f-7268-4fa1-841e-4337af87067c
"-74,14329862","4,621382357",10576,585B08,Br. Ciudad Kennedy Supermanzana 1,4,2,6,CL 26 Sur - KR 73,e32d71cc-5cdc-459d-9000-97d51859be44
"-74,14522313","4,62311978",10577,122A08,Br. Ciudad Kennedy,4,2,6,CL 26 Sur - KR 73C,7788180f-afa7-4f0e-bd97-ef041c264669
"-74,14521372","4,623140106",10578,122B08,Br. Ciudad Kennedy,4,2,6,CL 26 Sur - KR 73F,b4930dc9-b577-4fc4-8f77-84d572f5771c
"-74,14745719","4,625197412",10579,119A08,Br. Techo,4,2,6,CL 26 Sur - KR 78,ffb82332-74e4-4a66-bc4f-cad0921128aa
"-74,14715792","4,624921985",10580,119B08,Br. Techo,4,2,6,CL 26 Sur - KR 78,a236370f-2c37-47b8-b902-5e576db8e57a
"-74,14954321","4,627134305",10581,120A08,Distrito Militar,4,2,6,CL 26 Sur - KR 78H,476dbe42-8fa6-4b4c-a446-053cc7740607
"-74,15343738","4,630600068",10582,430A08,Br. Ciudad Kennedy Supermanzana 12,4,2,6,CL 26 Sur - KR 79C,cbd8add5-dca2-467e-97ef-04221cb50bec
"-74,15354317","4,630447283",10583,429A08,Unidad Francisco José de Caldas,4,2,6,CL 26 Sur - KR 79F,8e9d977b-033d-432f-8d96-79dceb97a194
"-74,15047216","4,627694698",10584,121A08,Dsitrito Militar,4,2,6,CL 26 Sur - KR 78L,1d495dbd-d77f-48f0-b232-6ed56c33c45a
"-74,14899014","4,626345916",10585,118A08,Br. Techo,4,2,6,CL 26 Sur - KR 78F,2a07b9b4-dbc1-4fbc-a765-21645e5c02bd
"-74,14617911","4,623754676",10586,549A08,Br. Ciudad Kennedy Oriental,4,2,6,CL 26 Sur - KR 73D,0d898db1-2dd8-4a82-9636-123b6699f4bf
"-74,14506399","4,62275285",10587,123A08,IED Kennedy,4,2,6,CL 26 Sur - KR 73B,409d74dc-8181-4d79-989d-7775d38c3f3f
"-74,14526458","4,622900461",10588,123B08,IED Kennedy,4,2,6,CL 26 Sur - KR 73D,253fd41a-f270-4673-bc3d-0a7c4ea45637
"-74,14350272","4,621317535",10589,584A08,Br. Ciudad Kennedy Oriental Supermanzana 2,4,2,6,CL 26 Sur - KR 73,964e7837-48fa-4c64-87c5-6df8bd161e4c
"-74,14399733","4,621741785",10590,584B08,Br. Ciudad Kennedy Oriental Supermanzana 2,4,2,6,CL 26 Sur - KR 73B,1578bdc9-4803-45e2-bb9b-369855429f1f
"-74,141968","4,619637",10591,116A08,Br. Ciudad Kennedy Oriental,4,2,6,KR 72C - CL 26 Sur,81698a74-f401-4ac4-bec4-90da817a07de
"-74,12864927","4,571798213",10592,074A11,Hsp. El Tunal,4,2,6,KR 20 - CL 47B Sur,92dd2720-f3f6-4927-9c3d-5fc77a36af48
"-74,12892745","4,571729753",10593,074B11,Hsp. El Tunal,4,2,6,KR 20 Bis - CL 48C Sur,eb714565-82dc-4730-b638-0b48f599b151
"-74,1281861","4,574276466",10594,572A11,Br. Tunal Oriental,4,2,6,CL 47B Sur - KR 22,33fb7b23-5211-49d7-9263-a1dd4925e7a1
"-74,12809082","4,573926285",10595,572B11,Br. Tunal Oriental,4,2,6,CL 47B Sur - TV 22A,6f4c4032-d95a-4a8d-b678-eb82f894bb86
"-74,12883352","4,57670201",10596,075B11,Br. Tunal Oriental,4,2,6,CL 47B Sur - KR 23B,f243b83b-91c7-4dce-8e85-b2c2b40ea7d3
"-74,12900875","4,577411896",10597,075A11,Br. Tunal Oriental,4,2,6,CL 47B Sur - TV 23A,7afc98e9-9f81-4e6f-b50c-ee345f44405a
"-74,12978826","4,579021441",10598,374A11,IED Rafael Uribe Uribe,4,2,6,DG 47B Sur - KR 24C,9553a0e9-529d-4b69-b74d-133cf12a62a2
"-74,13176914","4,579259237",10599,070A11,Centro Integral José María Córdoba,4,2,6,CL 48B Sur - KR 24D,4242b65f-9ece-4891-9fef-a7c4d3189b83
"-74,13113689","4,577731863",10600,069B11,CAI Tunal,4,2,6,CL 48B Sur - KR 24A,fc6c536b-0af8-45b1-9569-ff87450c8ca0
"-74,13027517","4,575225663",10601,068A11,INEM Santiago Pérez,4,2,6,CL 48B Sur - KR 23,d0b78a4d-2a87-4546-bfad-9e0bc2ff23de
"-74,12942114","4,572124471",10602,067A11,Hsp. El Tunal,4,2,6,CL 48B Sur - KR 21,3d0ad76c-e4b0-41ae-aaa3-a58c2cadc236
"-74,13100303","4,577392436",10603,069A11,CAI Tunal,4,2,6,CL 48C Sur - KR 24,55f69af5-9212-4ce4-b42c-6390edc3fd64
"-74,13048226","4,575918753",10604,068B11,INEM Santiago Pérez,4,2,6,CL 48C Sur - KR 23C,8ac1ef46-eb48-4dd4-bd0a-48b430633332
"-74,12957076","4,572712372",10605,067B11,Hsp. El Tunal,4,2,6,CL 48C Sur - KR 21,c996f765-536c-426c-b76d-99b9df2ea5bb
"-74,09605188","4,595589968",10606,157A00,El Vergel,4,2,6,KR 24 - CL 1D,576261be-839f-4af2-9f9b-f30efc22a59f
"-74,09505684","4,598934627",10607,156A00,Br. El Vergel,4,2,6,KR 24 - CL 2B,8e00ed05-104b-4065-a176-b5a67ca2529e
"-74,09523345","4,598330133",10608,156B00,Br. El Vergel,4,2,6,KR 24 - CL 2A,167f3df7-d05b-4ee4-816b-15522b0df9dc
"-74,09356959","4,602093308",10609,155A00,Br. El Progreso,4,2,6,KR 24 - AC 6,b78d370e-9e06-4e66-9896-897e3649a1b5
"-74,093892","4,601601",10610,155B00,Br. El Progreso,4,2,6,KR 24 - CL 5A,9f045f74-1e97-4c65-8210-27b62725056b
"-74,09227977","4,60413302",10611,803A00,Br. La Pepita,4,2,6,KR 24 - CL 7,620a7640-215d-4a8e-8f45-a2b57f63b114
"-74,09262985","4,603579769",10612,803B00,Br. La Pepita,4,2,6,KR 24 - CL 6 Bis,3e38beb6-ed89-48d3-a61f-60055ac43367
"-74,09069192","4,606570845",10613,200A00,San Andresito San José,4,2,6,KR 24 - CL 10,d504cf11-d3fe-493e-aec7-22323a8539b6
"-74,09088516","4,606278003",10614,200B00,San Andresito San José,4,2,6,KR 24 - CL 9,0696a839-6aeb-4fad-8ff0-a5a39d53c0bb
"-74,08844744","4,60963886",10615,154A00,Br. La Sabana,4,2,6,KR 24 - CL 12B,5714a112-57ae-4cfe-9090-751a2b12fb51
"-74,08873429","4,609244621",10616,154B00,Br. La Sabana,4,2,6,KR 24 - CL 12B,2ec86f6e-c32c-4f9e-8021-dfba23dae8c2
"-74,08650888","4,612685476",10617,172A00,CAI Paloquemao,4,2,6,KR 25 - CL 17,c7223b94-97a1-498d-9aa9-c3a66a3eb759
"-74,13804174","4,594002308",10618,302B10,Br. Venecia,4,2,6,KR 51 - CL  45 Sur,38cabded-cd10-4bca-ae9b-ce6638dc15c3
"-74,13812491","4,593637799",10619,302A10,Br. Venecia,4,2,6,KR 53 - DG 45B Sur,b9945fa6-c5ab-4847-b2ea-14e09ebcf11b
"-74,13849592","4,591867609",10620,032A10,Br. La Laguna,4,2,6,KR 51 - DG 49 Sur,9dc4113b-a5fe-464f-b2d2-3e0311c00eda
"-74,13849215","4,591842205",10621,032B10,Urb. La Laguna,4,2,6,KR 53 - DG 48 Sur,70298d25-1a25-4053-811f-71a4ae8f1477
"-74,13809444","4,588184323",10622,048A10,Urb. El Claret,4,2,6,CL 51 Sur - KR 38,40eaca9e-435b-4d8b-9d32-6b1a0d580cf6
"-74,13853325","4,589060996",10623,048B10,Urb. El Claret,4,2,6,CL 51 Sur - KR 38,4a232a0f-5f8d-4b5a-97a7-948b36e2d6b4
"-74,13666373","4,585420969",10624,034A10,Br. Fátima,4,2,6,CL 51 Sur - KR 34,6af054bf-324f-40db-bd01-0837a250d25d
"-74,13683015","4,585747873",10625,034B10,Br. Fátima,4,2,6,CL 51 Sur - KR 34,e7816ae2-6ac9-42c4-8fc8-cafe28537776
"-74,13611207","4,585518448",10626,035B10,Br. Fátima,4,2,6,CL 50B Sur - KR 34,e802b3c8-946f-45ad-b759-247bcef99731
"-74,13626799","4,585857343",10627,035A10,Br. Fátima,4,2,6,CL 50B Sur - KR 34,5449f4d1-01f9-4d6e-a3b0-e7dac8905e03
"-74,13749849","4,588176509",10628,049A10,Urb. El Claret,4,2,6,CL 50B Sur - KR 37,ae90b600-3103-462a-b448-3f38a74f3180
"-74,13702544","4,587312292",10629,049B10,Urb. El Claret,4,2,6,CL 50B Sur - KR 34,c0ad1cd8-4f8f-4de7-b76d-3d61779b9378
"-74,13841816","4,591314294",10630,033A10,Br. La Laguna,4,2,6,KR 53 - DG 49 Sur,cbc8b1ca-a219-40d0-a10a-5954bb979e6c
"-74,138508","4,590806369",10631,033B10,Urb. La Laguna,4,2,6,AK 53 - CL 50 Sur,630bab8e-0c3d-4e77-bf84-759b99e15d51
"-74,13788171","4,594029004",10632,031A10,Br. Venecia,4,2,6,KR 53 - DG 45 Sur,dcb0814b-39d8-444a-8691-a4cef0fe69a8
"-74,13795498","4,593529988",10633,031B10,Br. Venecia,4,2,6,AK 53 - DG 46 Sur,0912073a-014f-4e35-af85-7018528f2dc5
"-74,14717211","4,626179826",10634,198A08,Br. Techo,4,2,6,AK 78B - CL 0,da2321da-5f51-4557-b6b0-0b43b593ab80
"-74,14954043","4,623587971",10635,107B08,Calle 35A Sur (Br. Ciudad Kennedy Supermanzana 7),4,2,6,KR 78B - CL 35A Sur,112299d4-aca2-4276-a502-eba4cdb78fc8
"-74,14954","4,623588",10636,107A08,Br. Ciudad Kennedy Supermanzana 7,4,2,6,KR 78B - CL 35C Sur,9f02ae88-f81c-4912-9524-89eb95006de3
"-74,15298155","4,61980995",10637,199A08,Br. Ciudad Kennedy Central,4,2,6,KR 78B - CL 39A Sur,a51e8f65-22d2-4505-8a28-2e891ff2db77
"-74,151266","4,621625818",10638,199B08,Br. Ciudad Kennedy Supermanzana 8,4,2,6,KR 78B - CL 37 Sur,91ef9a70-5bc9-4650-98b3-b7eeba1e25ae
"-74,15308055","4,618182224",10639,170A08,Br. Ciudad Kennedy Central,4,2,6,CL 40 Sur - KR 77A,2d387acf-3f07-4c5d-9135-0cb34587e657
"-74,15297747","4,618392784",10640,171A08,Br. Ciudad Kennedy Oriental,4,2,6,CL 40 Sur - KR 77A,bbac0c73-7950-42fd-98ee-26a3f25771e3
"-74,15233155","4,620300616",10641,200A08,IED Jhon F. Kennedy,4,2,6,KR 78B - CL 38C Sur,319f2e4e-279a-4924-9cb0-c01da272527a
"-74,15040477","4,622410915",10642,203A08,Clínica Kennedy,4,2,6,KR 78B - CL 36 Sur,e8186e1c-1d5e-4d88-8e6b-5bcdc219d20c
"-74,14890939","4,624075997",10643,201B08,Br. Ciudad Kennedy Oriental,4,2,6,KR 78B - CL 35 Sur,7bf42a22-8057-4fcd-80df-8b298f68ed05
"-74,14840496","4,62462703",10644,201A08,Br. Ciudad Kennedy Oriental,4,2,6,KR 78B - CL 33A Sur,fc21752d-f873-4ced-b78f-f9f4e200766a
"-74,14694094","4,626117812",10645,091A08,Br. Techo,4,2,6,KR 78B - CL 1 Sur,3d1b6f9b-ebbe-48c4-9f98-4db6ef6f3fb8
"-74,16860116","4,56672708",10646,160A11,Br. Arborizadora Alta TV  37,4,2,6,TV 37 - CL 78 Bis Sur,59ffafae-14d6-4602-a2ef-2979d655348f
"-74,1071205","4,510681582",10647,210A12,Br. Batania,4,2,6,KR 4 A Este -CL 79 A Sur,cdd107c5-e5b0-41df-ad40-09717b2ce642
"-74,10914219","4,509274939",10648,473A12,Br. Gran Yomasa II Sector,4,2,6,CL 81 SUR - KR 2C Este,c5794a9e-e811-4f5d-bb38-384a2785441c
"-74,11099342","4,509393985",10649,195A12,Br. La Andrea,4,2,6,CL 81 Sur - KR 1G Este,ed36650e-7ede-458a-8e83-d6adecf86961
"-74,11359246","4,509592046",10650,193A12,Br. La Andrea,4,2,6,CL 81 Sur - KR 1A Este,4dc3b645-1817-472d-973e-12a65113ded6
"-74,11497213","4,511676276",10651,040A12,IED Miguel de Cervantes,4,2,6,AV. Caracas - CL 76B Sur,6d9b83f0-7a8f-4024-93e6-ef69ff50971d
"-74,11617813","4,514797208",10652,038A12,C.C. Santa Librada,4,2,6,AV. Caracas - CL 74C Sur,8c293921-3e96-4ecb-ae81-7e33ed32012b
"-74,11799095","4,516929657",10653,197A12,Pq Brasilia,4,2,6,CL 73D Sur - KR 1A,36e465bd-9e13-47c5-93d1-c8ed654be699
"-74,12001496","4,517172511",10654,113A12,Br. Santa Librada,4,2,6,KR 3 - CL 73B Sur,4a70a1ed-0d80-4af7-9ce7-7db978ed5340
"-74,12115572","4,520008172",10655,117A12,Pq la Aurora,4,2,6,CL 71F Sur - KR 3 BIS,3a859754-ffde-4c68-ab4a-b839480ee195
"-74,140198","4,561969",10656,086A11,Br. Lucero Alto,4,2,6,DG 62 Sur - KR 19A,32a5690a-ef91-455b-85e6-469dd9f88201
"-74,14240009","4,563853104",10657,088A11,Br.  Las Acacias,4,2,6,DG 62 Sur - KR 20A,41a68318-46a4-4985-9ea3-df5918aead9e
"-74,14469035","4,567156367",10658,090A11,Br.  Las Acacias,4,2,6,DG 62 Sur - KR 22A,646ae9ec-0e19-4114-9976-aff46db6931e
"-74,1640049","4,588781794",10659,213A10,Br. Ismael Perdomo,4,2,6,CL 63 Sur - KR 70G,88f9dcf2-46cb-45db-870d-a77766d67e29
"-74,16580097","4,588223605",10660,383A10,Br. Ismael Perdomo,4,2,6,CL 63 Sur - KR 71F,fb60f956-390b-49f2-a489-cbd25f291ef8
"-74,16726196","4,589272216",10661,203A10,Br. Barlovento,4,2,6,KR 72 - CL 62D Sur,6df62ccb-7378-4b16-8125-a4261c478dfa
"-74,1672656","4,591724374",10662,209A10,Urbanización Barlovento,4,2,6,KR 72 - DG 62A Sur,1ba79dc6-3106-417f-b1da-5bba146bbcb0
"-74,16725171","4,594353356",10663,277A10,Br. Barlovento,4,2,6,KR 72 - Auto Sur,5dd58c0d-7133-46af-b368-3f2c63346b8a
"-74,17930994","4,59789667",10664,046A09,Hsp. Pablo VI Bosa,4,2,6,CL 63 Sur - KR 77G,ca7c1dda-35a4-478e-9b11-ed538a1a49d8
"-74,18085632","4,601023256",10665,048A09,Colegio Colombo Japonés,4,2,6,CL 63 Sur - KR 78,8cb8b334-9590-4f2d-a1e0-9bcf60ca6fba
"-74,18120961","4,6024077",10666,040A09,Br. La Estación,4,2,6,CL 63 Sur - KR 78C,5b601110-7c74-47f8-ba39-9e3c2a873a13
"-74,18238395","4,605182102",10667,050A09,Br. Bosa Las Terrazas,4,2,6,CL 63 Sur - KR 79B,4ec4e8d7-c98a-4213-b373-2345640905b5
"-74,1829572","4,606353891",10668,041A09,Carrera 79B,4,2,6,CL 63 Sur - KR 79B,d5df01e8-de07-4348-97b0-b112b272ffd0
"-74,18386866","4,60784385",10669,051A09,Pl. de Mercado Bosa Centro,4,2,6,CL 63 Sur - KR 80A,8e60c35b-a22e-4ffa-bef9-c1483dfa9eae
"-74,18508744","4,609761464",10670,042A09,Pl. de Mercado Bosa Centro,4,2,6,CL 63 Sur - KR 80H,05051c75-7c31-4f2b-9490-d43bcb2d2b13
"-74,18679","4,612619",10671,044A09,Centro Educativo Argelia,4,2,6,CL 63 Sur - KR 81B,b12c39a8-e40d-4c79-80c7-284aba4df994
"-74,18778083","4,61623555",10672,065A09,Br. La Paz Bosa,4,2,6,CL 62 Sur - KR 82G,13ac632e-4f42-466f-932a-a08177c01375
"-74,18850522","4,617514537",10673,547A09,Br. Nuestra Sureñora de la Paz,4,2,6,CL 62 Sur - KR 84A,665d01d0-3790-4c6d-a14b-76a6b6af138f
"-74,18945792","4,620630327",10674,068A09,Br. Villa Magda,4,2,6,CL 62 Sur - KR 86G,2c79cfa0-d256-40fe-be96-34e8c4c342ba
"-74,18985338","4,622704142",10675,284A09,Desarrollo Bosa Nova II Sector,4,2,6,KR 87C - CL 61A Sur,bbab3fa0-26bc-4c25-a973-fc703241dfa4
"-74,18946603","4,623455716",10676,216A08,Br. Villa Nora,4,2,6,CL 59C Sur - KR 87F,ba3b2ca1-d921-45f0-8757-8d1fed529a8d
"-74,19030897","4,624395026",10677,305A08,Br. El Libertador II,4,2,6,CL 59C Sur - KR 87I,1e5698ed-2316-4ced-bc24-7c53a0b2448a
"-74,19203829","4,627570464",10678,250A08,Br. La Libertad,4,2,6,CL 59C Sur - KR 88H,b6d8d864-546f-4c8c-acca-111b280fa4e1
"-74,192415","4,629048",10679,251A08,Br. La Libertad,4,2,6,CL 59C Sur - KR 89A,927b4acb-98d6-462e-bf97-df0205dfc884
"-74,19477278","4,628924994",10680,281A09,Centro Educativo Santiago de Atalayas,4,2,6,AV. Tintal - CL 59C Sur,3fd9bf4a-9878-48f3-aab2-dfccffdde68d
"-74,19577037","4,62903036",10681,277A09,Br. Las Margaritas III,4,2,6,CL 63 Sur - KR 91,7226de24-4718-4413-b646-dbaa8d8e8369
"-74,19681435","4,630853048",10682,275A09,Br. Las Margaritas,4,2,6,CL 63 Sur - KR 93C,09aa1a02-3131-4103-8eda-164512cff344
"-74,19864265","4,634279066",10683,288A08,Br. Santiago de Atalayas,4,2,6,CL 63 Sur - KR 97 B,f69b2f02-c6a4-489f-b86c-c4eb60ff98b4
"-74,20008496","4,635951788",10684,242A08,Br. Ciudadela El Recreo,4,2,6,CL 65 Sur -KR 99A,d5ef562b-d728-4a8e-98f3-c99e039b860b
"-74,20182502","4,636067798",10685,235A08,Br. Ciudadela El Recreo,4,2,6,KR 100 - CL 72 Sur,a252bf44-057a-40d6-b07b-0ca9c94b6c41
"-74,20430111","4,634856799",10686,231A08,Br. Ciudadela El Recreo,4,2,6,KR 100 - CL 73 Sur,4a48757a-9f98-4f1c-a258-df8c7a16a831
"-74,20483168","4,633188613",10687,218A08,Colegio Alfonso lópez Michelsen,4,2,6,CL 73 Sur - KR 98B,95a3f01d-9dd7-4be4-900a-d543dd8b04e1
"-74,20396349","4,631288982",10688,221A08,Br. Ciudadela El Recreo I,4,2,6,CL 73 Sur - KR 95A,7c2bd35c-eff2-4b2c-b477-1f17e996dd30
"-74,20347078","4,630430504",10689,253A09,Br. Ciudadela El Recreo I,4,2,6,CL 73 Sur - KR 95,c8836a82-c2dd-40c1-b6ed-5778fd091ef2
"-74,20481639","4,6333743",10690,219A08,Ciudadela El Recreo,4,2,6,CL 73 Sur - KR 99 A,6e9c0b72-a082-4307-b225-cd3cca3ea0ac
"-74,20483513","4,634531799",10691,232A08,Conjunto Residencial Quintas del Recreo IV,4,2,6,KR 100A - CL 73 Sur,cdd13658-0277-4c51-91a9-e801c0db9d0b
"-74,20174602","4,635980796",10692,240A08,Urb. Recreo de los Angeles I,4,2,6,KR 100 - CL 69-48 Sur,68d3aecb-8f60-471f-8b45-4f8e616470a6
"-74,20032897","4,636224792",10693,241A08,Br. San Bernardino XVI,4,2,6,CL 65 Sur - KR 100,b933d532-3005-4c13-8462-1b9e16188bbc
"-74,19841764","4,633634878",10694,285A08,Parque Público El Recreo,4,2,6,CL 63 Sur - KR 95,ec3be3c9-3ade-4788-a2c9-e2407d4993f9
"-74,19675412","4,630530345",10695,274A09,Br. Las Margaritas,4,2,6,CL 63 Sur - KR 93C,38699871-3d58-43c4-9596-1f35195ce453
"-74,19601078","4,629027457",10696,276A09,Desarrollo Las Margaritas,4,2,6,CL 63 Sur - KR 91,7bc7f6a3-759d-4cf7-ab86-cf9df0aa65db
"-74,19476253","4,628818389",10697,279A09,Br. San Bernardino II,4,2,6,KR 89 Bis A - CL 62A Sur,fd254cdf-a043-4a37-b91a-8bb17ecb5637
"-74,192504","4,628995",10698,493A09,Colegio Santiago de las Atalayas,4,2,6,CL 59C Sur - KR 89A,529cb488-66d0-4deb-8fd0-9a2afe72afa7
"-74,19214647","4,627582379",10699,280A09,Br. La Libertad,4,2,6,CL 59C Sur - KR 88H,5df93feb-181f-42c4-8ba6-b5ac9864d5eb
"-74,19015361","4,624121441",10700,304A09,Br. La Fontana I y II,4,2,6,CL 59C Sur - KR 87M,f2d79fdc-a133-4692-8f56-764708aa1e02
"-74,18935675","4,623229137",10701,157A09,Br. Bosa Nova El Porvenir,4,2,6,CL 59C Sur - KR 87D,2118f501-de59-4bdc-9eb6-7fcc9d4c88e4
"-74,1895142","4,622907905",10702,285A09,Br. Bosa Nova El Porvenir,4,2,6,KR 87C - CL 60 Sur,6acbe459-5f36-4b5d-aa70-8a42ef7f738f
"-74,18932897","4,620009294",10703,067A09,Br. Bosa Nova,4,2,6,CL 62 Sur - KR 86B,4588105f-04e9-4e0c-a04b-59d15f8d26f4
"-74,18841725","4,617043456",10704,546A09,Nuestra Sureñora de La Paz,4,2,6,CL 62 Sur - KR 84,b9481376-5c16-4ebf-9c1a-ecd34127efeb
"-74,18724451","4,615340069",10705,066A09,Br. La Paz Bosa,4,2,6,CL 62 Sur - KR 82C,4645e2d8-7e69-4803-9f5e-45f628f734f8
"-74,18660658","4,612008634",10706,043A09,IED Francisco de Paula Surantander,4,2,6,CL 63 Sur - KR 81C,ab463a46-0ae5-444e-9320-d5e732b95690
"-74,18627995","4,609811816",10707,053A09,Colegio Inmaculado Corazón de Maria,4,2,6,CL 65 Sur - KR 80I,c68bbd6a-9d87-4b11-9729-f2d1de0cb3ab
"-74,18558505","4,608788849",10708,076A09,Monasterio de la Visitación,4,2,6,CL 65 Sur - KR 80C,9d74899b-efc6-4460-b28b-d4f3efcde9c1
"-74,18467634","4,607053566",10709,052A09,Zona Recreativa La Avenida Bosa,4,2,6,CL 65 Sur - AV. A. Mejía,834d8962-6338-4c9d-a0bc-39e343e816e9
"-74,18328721","4,603998878",10710,049A09,Br. La Amistad Bosa,4,2,6,CL 65 Sur - KR 78H,6876b122-f128-4616-a587-b4ce8c631801
"-74,18244516","4,602153809",10711,039A09,Br. Brasilia La Estación,4,2,6,CL 65 Sur - KR 78B,d32b1022-b3b4-4ba9-87a4-bc26a37428da
"-74,18179027","4,600709353",10712,047A09,Br. Gualoche,4,2,6,CL 65 Sur - KR 77M,c2c3c5af-8c96-40fe-9fa0-ef16ffa072c2
"-74,18048377","4,59783322",10713,045A09,Centro Comunitario Bosa,4,2,6,CL 65 Sur - KR 77G,f31d6bea-9305-4c12-b554-9320fec3d05b
"-74,1673798","4,593928662",10714,276A10,Br. Barlovento,4,2,6,KR 72 - Auto Sur,df120395-bb37-4390-9cd9-208ac24c83d6
"-74,16739952","4,59148659",10715,208A10,Br. Barlovento,4,2,6,KR 72 - CL 60A Sur,a0a68607-1014-4d2d-858c-f93995958a23
"-74,16738563","4,589235511",10716,204A10,Br. Barlovento,4,2,6,KR 72 - CL 62D Sur,a4167e71-3cdc-4ca1-b747-4077ac13c520
"-74,16369965","4,58820341",10717,212A10,IED Ismael Perdomo,4,2,6,CL 63A Sur - TV 70G,4e365697-afb1-42a2-9045-1aa3248cd67e
"-74,14458368","4,566930645",10718,089A11,Br.  San Francisco I Sector,4,2,6,DG 62 Sur - KR 22,88529a86-aefe-4819-8774-97f4c0a71f77
"-74,14245786","4,563776607",10719,087A11,Br.  San Francisco I Sector,4,2,6,DG 62 Sur - KR 20,34e48ba8-6eec-492f-a3c1-6fe975f8dfec
"-74,139696","4,561829",10720,085A11,Br. Lucero Alto,4,2,6,DG 62 Sur - KR 19,8768964a-3df8-4a58-807b-e37d2f00de73
"-74,13701604","4,546467889",10721,557A11,Br. Central de Mezclas,4,2,6,Av. Boyacá - CL 71 Sur,13c90de0-ea62-4df1-8d06-2cd40c87bdf0
"-74,12066777","4,519862304",10722,118A12,Pq la Aurora,4,2,6,CL 71F Sur - KR 3 bis,fa943e0b-5105-4643-8213-da74578fb4b8
"-74,12004821","4,516930876",10723,112A12,Br. Santa Librada,4,2,6,KR 3 - CL 73B Sur,01d2408c-5992-4576-81e0-138f910175b0
"-74,117652","4,516911",10724,196A12,Br. Santa Librada,4,2,6,CL 73D Sur - AV. Caracas,934845b0-7761-4b3b-b87b-833745cedebd
"-74,11638806","4,514830535",10725,037A12,C.C. Santa Librada,4,2,6,AV. Caracas - CL 74C Sur,86cf43ad-58a5-49aa-83da-e44954a5449c
"-74,11514614","4,511695522",10726,039A12,IED Miguel de Cervantes,4,2,6,AV. Caracas - CL 76B Sur,74d531b2-85a5-4e5e-a279-dc2c5d35e61f
"-74,11392155","4,509525982",10727,189A12,Br. Gran Yomasa I,4,2,6,CL 81 Sur - KR 1 A Este,d0d33894-2095-4d2b-a481-b7c3357bab79
"-74,11070819","4,509293139",10728,194A12,Br. Gran Yomasa I,4,2,6,CL 81 Sur - KR 8B,388d541a-4394-4e95-920f-70006dc38ec4
"-74,10857068","4,509144893",10729,472A12,Br. Gran Yomasa II Sector,4,2,6,CL 81 SUR - KR 2C Este,cf195cb0-8a0a-44a5-b747-05170db02270
"-74,1069116","4,509869202",10730,211A12,Br. Batania,4,2,6,KR 4 A Este -CL 80 A Sur,ea405e42-7e09-4160-9f7b-737124dfdc5b
"-74,07103948","4,620847233",10731,138A00,Br. Teusaquillo,4,2,6,AC 32 - AV. Caracas,4644458e-ea1c-4a04-9035-ad959ae703ec
"-74,15422935","4,623234929",10732,191A08,CADE Kennedy,4,2,6,KR 78K - CL 37A Sur,e62b4b65-7ba5-429e-a520-ed22e161a044
"-74,13444419","4,703497967",10733,216A05,Br. Marandú,4,2,6,KR 112 - CL 64,9236e4a0-b8e0-4bb0-a11e-5f493ada5428
"-74,15389077","4,623300634",10734,106A08,CADE Kennedy,4,2,6,KR 78K - CL 37A Sur,f30252b2-c835-45e6-9e5c-5628f5d8aab7
"-74,14262573","4,709358714",10735,070A05,Br. Sabana del Dorado,4,2,6,CL 63B - KR 116A,43ed14d3-39e0-4fd5-9359-a83c05096e75
"-74,08492499","4,612921965",10736,159A00,Paloquemao,4,2,6,KR 22 - CL 18,60b536c6-1393-4ccf-9969-b99d2fae7279
"-74,07180778","4,623458552",10737,349A00,CAI Teusaquillo,4,2,6,AC 34 - KR 16,0f132206-a3d2-4b68-b8ad-10a38a862744
"-74,18800563","4,604961782",10738,071A09,Pl. de Mercado San Pablo I Sector,4,2,6,TV 78L - CL 66 Sur,56b79b43-6cd8-4955-a824-5f5943f1ad3b
"-74,18561777","4,607635866",10739,073A09,CED Los Andes,4,2,6,KR 80C - CL 65 Sur,0283875b-e998-4e78-a0f5-a900f57e29a2
"-74,06921497","4,618948095",10740,140A00,Br. San Martín,4,2,6,AC 32 - KR 13A,c87f46e8-f277-4440-840c-b67448b00e03
"-74,18571356","4,607692466",10741,074A09,Colegio Nuestra Señora de Nazareth,4,2,6,KR 80C - CL 65D Sur,fb28495d-dbfd-4cf0-b830-2cdd55dd69a4
"-74,18807511","4,605005634",10742,072A09,Salón Comunal Bosa San Pablo,4,2,6,TV 78L - CL 67 Sur,7fecce26-38e8-4f0e-b199-e42bb3bea959
"-74,13567567","4,709896836",10743,405A05,Br. Centro Engativá II,4,2,6,CL 67A - TV 113B Bis,673cb766-3ea2-4ea5-b9b2-bedeb58bc9a7
"-74,12152083","4,558920375",10744,134A12,Pq. Público Avenida Caracas,4,2,6,KR 10 - CL 49H Sur,1432d644-0aa3-4808-b26d-11194e608205
"-74,074174","4,62385426",10745,182A00,Br. Teusaquillo,4,2,6,AC 34 - KR 20,cc23488e-8daa-4d9e-89ea-14e9014c42d5
"-74,07594778","4,62418104",10746,090A00,CONACED,4,2,6,AC 34 - KR 24,0126f67a-1d2a-43b7-b4a6-d9814b3938f6
"-74,09099485","4,725113176",10747,062A03,El Rincón,4,2,6,KR 93 - CL 129A,d33e1a09-6d31-46c9-abf9-59b623c3a870
"-74,08755105","4,729924846",10748,057A03,Altos de Chozica,4,2,6,AK 91 - CL 131D,9270f7ad-0765-4e43-bcb8-578f8668c2a8
"-74,07762015","4,624325061",10749,089A00,INPEC,4,2,6,AC 34 - KR 28A,e0ff0b5e-14b6-4ba6-b369-7ef29475dcad
"-74,075606","4,623972",10750,091A00,Urbanización La Victoria,4,2,6,AC 34 - KR 21,3b48d924-0bea-4cfb-bbe4-9ce0bfd1fbf3
"-74,14072813","4,712376124",10751,069A05,C.C. Muisca,4,2,6,CL 64 - KR 118B,ecc8a8fc-8b6a-4d93-8e2e-a2688edf4976
"-74,14331298","4,713020882",10752,068A05,Liceo Salomón Sabio,4,2,6,KR 121 - CL 63G,b7995aef-65f7-482b-8360-7905fc808ec9
"-74,14404506","4,711405353",10753,110A05,Br. Sabana del Dorado,4,2,6,CL 63B - KR 119C,cdc37415-51a9-4232-99a1-db80547f3503
"-74,09801785","4,591536627",10754,014A11,Br. San Antonio,4,2,6,AK 21 - CL 7 Sur,6eba2641-5f33-4da5-a8de-c09b73df58bc
"-74,08978311","4,730662078",10755,374A03,El Rincón Norte,4,2,6,KR 94 - CL 131B,c0d9aa32-6ef2-4069-9f43-27f99dcd69c2
"-74,18791237","4,605407392",10756,226A09,Cementerio de Bosa,4,2,6,DG 66 Sur - TV 80A,9fbd845e-5ff5-4240-8996-313d62ed65c0
"-74,1214172","4,557516305",10757,131A12,C.C. Caracas,4,2,6,KR 9 - CL 50A Sur,f80ec5c1-95e1-4c44-bf60-3d9c45caff22
"-74,07753896","4,624453868",10758,088A00,Concejo De Bogotá,4,2,6,AC 34 - KR 27,1ea0d857-68f3-4cb7-bc3a-5dc9bd446ec4
"-74,10157873","4,584535081",10759,404A11,Br. Restrepo,4,2,6,KR 18 - CL 18 Sur,4df686cc-19d8-4a22-a9fc-8f36966b4b3c
"-74,08832925","4,728511913",10760,058A03,IED Villa Elisa,4,2,6,AK 91 - CL 130D,ef3e2c96-acae-4bb8-be36-99c3cda34e43
"-74,07161912","4,62125809",10761,184A00,Federación Colombiana de Fútbol,4,2,6,KR 16 - AC 32,2d19eac6-1744-4044-b6b4-1aad2c9373f1
"-74,07428381","4,623739139",10762,183A00,Br. Teusaquillo,4,2,6,AC 34 - AK 19,e5e2f286-f89d-46b8-824d-62a73094d1b4
"-74,15240079","4,623272783",10763,125A08,IED Próspero Pinzón,4,2,6,CL 37 Sur - KR 78H,2e7acb7e-ff41-4dc2-a543-8c9197d13e54
"-74,09003777","4,728093815",10764,111A03,El Rincón Norte,4,2,6,CL 130C - KR 93,19bcab87-132c-4758-a3fd-eeef3aaa1a0d
"-74,137287","4,710687",10765,221A05,Br. Linterama,4,2,6,TV 113F - CL 64B,97e6eeb6-f65b-4d17-b600-650fb6e78399
"-74,09296666","4,721906335",10766,063A03,IED Villa Elisa,4,2,6,KR 93 - CL 128,3b676059-7fcc-4315-8c4b-81da52110b3d
"-74,08908014","4,726563596",10767,550A03,Palma Aldea,4,2,6,AK 91 - CL 130 Bis,4384898b-f202-4d3a-8e7b-fb8a145b9b07
"-74,12914281","4,566247682",10768,080A11,Br. San Carlos,4,2,6,CL 53 Sur - KR 17A,aa14dc57-4c37-42e4-9794-8c47381124ae
"-74,15880129","4,621907677",10769,127A08,IED Pablo VI,4,2,6,KR 79 - CL 40C Sur,a8f0f7dd-15fb-4b62-a35c-bbaf050768f8
"-74,15677596","4,624149078",10770,150A08,IED Francisco de Paula Santander,4,2,6,KR 79 - CL 38C Sur,c302c168-c820-4fb7-a455-a7e351af0aca
"-74,18697484","4,606871109",10771,230A09,Br. Jiménez de Quesada II Sector,4,2,6,TV 80B - CL 65F Sur,ae6870f0-a75c-43d1-9faf-0eeb6300e456
"-74,12757627","4,584525084",10772,058A10,Pquia. Inmaculado Corazón de María,4,2,6,AC 44 Sur - KR 28,1f3b702e-bb57-4ebd-b05e-52b0269dbece
"-74,08805833","4,731089641",10773,549A03,San Isidro Norte,4,2,6,AC 132 - KR 92,8b14749d-9ef6-4d49-978b-ab240050fbec
"-74,19303924","4,629480766",10774,031A09,Colegio Santiago de las Atalayas,4,2,6,AK 89B - CL 59C Sur,79dd12d5-8986-4eb5-8bcd-ebbe24bb30bf
"-74,12808734","4,606938878",10775,568A09,Colegio Parroquial Monseñor Emilio de Brigard,4,2,6,CL 28 Sur - KR 52B,68fa1fc1-a0cf-4fd4-8041-d82f5a60fb70
"-74,16355838","4,618660114",10776,131A08,Calle 47F Sur,4,2,6,KR 79 - CL 42F Sur,e35d78bb-add7-4610-a638-e339636acd31
"-74,16074291","4,620336313",10777,129A08,Br. Ciudad Kennedy Occidental,4,2,6,KR 79 - CL 41F Sur,4d30a892-35a3-475e-abc3-1d61217604ac
"-74,15813549","4,622846957",10778,126A08,Ciudad Kennedy Occidental,4,2,6,KR 79 - CL 40A Sur,2f645b1f-7133-419a-9039-42aade9ffa2c
"-74,15695844","4,624147971",10779,149A08,INEM Francisco de Paula Santander,4,2,6,KR 79 - CL 38C Sur,99515a6c-5b8a-4a69-8a45-3368f43c3f96
"-74,07552105","4,617882285",10780,027A00,Cementerio Central,4,2,6,AK 19 - AC 26,924c54a4-f1e4-498b-9a1e-4d8e7160bbd6
"-74,09634343","4,593454522",10781,011A11,Br. San Antonio,4,2,6,AK 21 - AC 1,23610df3-777a-4eda-9059-c781d19d47c5
"-74,12638059","4,581593783",10782,060A10,C.C. La Estrella,4,2,6,AC 44 Sur - KR 25,43781b38-4791-4b4d-b9e9-894d8c8e888e
"-74,09432877","4,72042201",10783,109A03,Japón,4,2,6,KR 93 - CL 127B,89ce4331-e4d2-45a8-af76-1b4c017e24fe
"-74,14280889","4,675527852",10784,157A06,San Cristobal Sur Viejo,4,2,6,KR 100 - CL L 20,ba04766a-574d-48d1-9264-a5c812555d1d
"-74,14347417","4,673690455",10785,112A06,Pl. Fundacional  Fontibón,4,2,6,KR 99 - CL 18A,55fb8a61-c0b5-4763-94b5-6393293b3d56
"-74,13473789","4,680862079",10786,158A06,Br. San José de Fontibón,4,2,6,KR 100 - AV. Esperanza,96e65e2f-49b6-409c-9bd0-11daa5816151
"-74,08997753","4,720710782",10787,060A03,Br. El Jordán,4,2,6,AK 91 - CL 128A,d0df4d90-8e41-40c2-a1be-6b26fada444a
"-74,08906791","4,72462808",10788,059A03,Villa Alcázar,4,2,6,AK 91 - CL 129C,2347ffc3-83e1-4909-ae64-3514b99ff5fc
"-74,0740102","4,641270591",10789,356A00,Br. Galerías,4,2,6,AK 24 - CL 52,f430c580-41f5-4e7a-aa88-6c906a92d044
"-74,0737325","4,642813734",10790,392A00,C.C. Galerías,4,2,6,AK 24 - AC 53,63162269-73ee-4a58-96c2-ed6d08d7e543
"-74,13300932","4,56737719",10791,082A11,IED San Benito Abad,4,2,6,CL 55 Sur - KR 19,8f683558-ac64-4c5b-8aa3-a55c2ac8cd1c
"-74,12714941","4,565405183",10792,360A11,Br. Tunjuelito,4,2,6,CL 52 Sur - KR 16,434a8a93-cb6d-4fa3-b643-95cf7ed201fb
"-74,13148714","4,568776243",10793,078A11,Pq. El Tunal,4,2,6,CL 53 Sur - KR 19A,7cea1372-5b18-4740-acff-2f0642edc61e
"-74,15276506","4,623408053",10794,561A08,Br. Ciudad Kennedy Supermanzana 8,4,2,6,CL 37 Sur - KR 78H,9876b7f6-35b7-43bd-a162-efc47da67c5b
"-74,15151493","4,622262207",10795,124A08,Br. Ciudad Kennedy Central,4,2,6,CL 37 Sur - KR 78C,b83ab6e3-341e-426e-84d5-417ade66d778
"-74,09614847","4,711620903",10796,088A04,Br. Los Cerezos,4,2,6,AC 90 - KR 87B,2007c2b8-98bc-40c1-a598-e4c03ae4491d
"-74,09643269","4,711638704",10797,130A04,Uniminuto,4,2,6,AC 90 - KR 87,f242b5fd-ac64-4f88-b3ec-59a2124778ad
"-74,16153466","4,619693458",10798,128A08,Br. Ciudad Kennedy Sur,4,2,6,KR 79 - CL 42 Sur,ab68e530-7e59-4f35-a28d-0f67a861a5a3
"-74,18482656","4,607388169",10799,052C09,Zona Recreativa La Avenida Bosa,4,2,6,CL 65 Sur - KR 78L,d245539e-0a56-45ca-b453-9e40774a4771
"-74,12068043","4,557222282",10800,133A12,Br. El Pensil,4,2,6,CL 50 Sur - KR 7,3abe671f-ce14-4ad0-833d-b417dc07b42b
"-74,12794808","4,58501728",10801,057A10,Colegio Inmaculado Corazón de María,4,2,6,AC 44 Sur - KR 29,61a12407-863e-4bd7-aaf6-48a777fbe502
"-74,12676485","4,582214163",10802,059A10,Br. Claret,4,2,6,AC 44 Sur - KR 26,7b95e0b9-9329-4f5d-af4f-abf0176dbbfb
"-74,12602383","4,580436104",10803,061A10,Br. Santa Lucía,4,2,6,AC 44 Sur - KR 24B,88fed28d-245b-4847-8bb4-5862d71baeff
"-74,12040087","4,555336691",10804,127A12,Br. Los Molinos del Sur,4,2,6,CL 50A Sur - KR 5Z,925d4d0c-48e1-4393-80cc-b7008d649ed8
"-74,19977626","4,634915717",10805,287A08,Br. San Bernardino XVI,4,2,6,KR 98B - CL 65 Sur,af8243ee-ac2d-413f-906e-ed2e66f9d9a6
"-74,09817737","4,596524231",10806,207A00,Br. Santa Isabel Sur,4,2,6,CL 1F - KR 25,c4f89f69-ba2b-49ef-b891-77137084853d
"-74,09820413","4,591567494",10807,013A11,La Fraguita,4,2,6,AK 21 - CL 7 Sur,dd7a6adc-c755-4068-869b-607c7355281c
"-74,20071357","4,634311333",10808,236A08,Br. Ciudadela El Recreo,4,2,6,KR 98B - CL 69 Sur,9ae55d6b-4efe-4a8a-a72d-8e32e9a31046
"-74,19985167","4,634767924",10809,286A08,Br. Santiago de Atalayas,4,2,6,KR 98B - CL 65 Sur,d52769df-055f-4376-bff1-c57bcc80185c
"-74,09151395","4,71798146",10810,061A03,AV. C. Cali,4,2,6,KR 91 - CL 127A,98c854e1-db7f-48f5-8cb4-d7d611503e3d
"-74,12415703","4,559370226",10811,362A11,CED Rufino José Cuervo,4,2,6,CL 52 Sur - KR 11A,150cfa04-0463-4dff-a985-d00f21e97f8e
"-74,1258625","4,562780155",10812,365A11,Hospital Tunjuelito II Nivel,4,2,6,CL 52 Sur - KR 14,2dfa3c80-956b-44cb-9ead-ac0f2379c15b
"-74,08315468","4,615152007",10813,173A00,Samper Mendoza,4,2,6,KR 22 - AC 19,9c9c848d-e9f5-4e56-a75e-3540a52c705e
"-74,07415669","4,641181446",10814,362A00,C.C. Galerías CL 52,4,2,6,AK 24 - CL 52,c7cd1a29-12cb-4f8f-b623-c48ec6839aa7
"-74,07464819","4,638223624",10815,024A00,IED Palermo,4,2,6,AK 24 - CL 49,aa4e3d39-eac0-4724-8a14-d57e3b467709
"-74,19020854","4,603403833",10816,069A09,Br. San Pablo Bosa,4,2,6,TV 78L - CL 69A Sur,de6bd7ba-18a3-400f-af39-44a3c4b4d5f6
"-74,13931167","4,678062349",10817,156A06,La Cabaña,4,2,6,KR 100 - CL 22I,ff96dfc5-8f77-4e2e-bf06-44b4fd03174e
"-74,14508206","4,673724942",10818,124A06,Atahualpa,4,2,6,KR 100 - CL 17A,c606ac5f-f24a-433e-8131-e598205d4128
"-74,09948803","4,73579166",10819,025A03,Costa Azul,4,2,6,AC 132 - AK 104,bd0f67dc-b671-47c0-b38e-047e15b901b9
"-74,20228242","4,632421149",10820,223A08,Br. Ciudadela El Recreo,4,2,6,KR 97C - CL 71 Sur,37b08791-be8b-40cf-9c78-52137f8c57e6
"-74,13355019","4,704943385",10821,239A05,IED Antonio Villavicencio,4,2,6,KR 112 - CL 65,44a0fab5-4739-494c-bff7-f68cb2e54ac1
"-74,12325495","4,558151989",10822,364A11,Br. Abraham Lincoln,4,2,6,KR 10 - CL 52 Sur,f98d36ab-3954-42ff-81f7-ce66688d40c9
"-74,13973428","4,710654432",10823,067A05,Terminal TUYO,4,2,6,CL 64 - KR 113D,112d63de-c615-43f9-a507-d8ed0707b146
"-74,09724625","4,712680705",10824,030A04,Br. Los Cerezos,4,2,6,AC 90 - KR 91,830075b7-b5d6-4369-9abb-d1a1fd793dba
"-74,09494141","4,710274325",10825,027A04,Br. Los Cerezos,4,2,6,AC 90 - AV. C. de Cali,a40bf43f-3dcc-4ed3-9d76-0a551620b7a9
"-74,10815602","4,551682649",10826,292A12,IED Colombia Viva,4,2,6,KR 5 - CL 48P Bis B Sur,69b0ddf5-f34b-45b9-8f33-9b01c124636e
"-74,10802418","4,551790517",10827,293A12,IED Colombia Viva,4,2,6,KR 5 - CL 48P Bis C Sur,1af25168-00b9-4038-8ec7-d58dbcadfe04
"-74,17977383","4,625130011",10828,329A08,Br. Chicala,4,2,6,CL 53 Sur - KR 86C,f7309d3d-2eba-4a4b-a043-55ef8253ad40
"-74,11916272","4,555806277",10829,130A12,Br. Molinos Del Sur,4,2,6,DG 49G BIS Sur - KR 5Z,d9e2dc93-8e83-4529-8efd-566e85a53abc
"-74,07347847","4,620454465",10830,135A00,Armenia,4,2,6,AC 32 - KR 17,62ac1d1e-6cfa-446f-8806-b9c76c8d47a6
"-74,20094434","4,6342896",10831,237A08,Br. San Bernardino,4,2,6,KR 98B - CL 69 Sur,8f076105-6266-4f86-b1f3-3c8888814633
"-74,20266706","4,632322123",10832,224A08,Ciudadela El Recreo,4,2,6,KR 97C - CL 71 Sur,3fe84d63-ba62-4951-a761-7709186ed259
"-74,071475","4,62206",10833,519A00,Br. Teusaquillo,4,2,6,KR 16 - CL 33A,b0d8b5a4-7bd0-4bdc-a402-4f64262136e3
"-74,10001029","4,588012171",10834,065A11,Br. Restrepo,4,2,6,KR 20 - CL 14 Sur,3edbae8d-5be1-4783-827c-a8f27ee33d06
"-74,07792011","4,616329498",10835,199A00,Santa Fe,4,2,6,AK 19 - CL 23,d48c4cc4-8704-4264-b61d-26fba2718ac1
"-74,0672007","4,654703476",10836,152A00,Carrera 17,4,2,6,CL 66 - KR 17,52290825-8e18-4dfe-a969-53199a92ea59
"-74,07518705","4,620199417",10837,134A00,Estación Centro Memoria,4,2,6,KR 19B - AC 26,78513ffd-a460-4443-9a83-78fc1b8b00f9
"-74,07454113","4,638048903",10838,160A00,IED Palermo,4,2,6,AK 24 - CL 49,443e1136-1c9e-4373-bdb9-f01764ff96d6
"-74,05032498","4,752679241",10839,105A02,Uniagraria,4,2,6,AC 170 - KR 49B,10c437a6-8657-421a-beea-dea9d6021b54
"-74,05421717","4,753477889",10840,164A02,Carrera 55,4,2,6,AC 170 - KR 54C,989d945a-d8ea-49ea-825d-034266fe71d0
"-74,05696771","4,753510998",10841,163A02,Colegio San Simón,4,2,6,AC 170 - KR 56,02bc8b84-3e48-4d5f-a0f0-b8eca7227d62
"-74,054044","4,753033",10842,167A02,Uniagraria,4,2,6,AC 170 - KR 54A,4183818d-82ca-400e-9334-d4661936bb17
"-74,0501157","4,752178392",10843,098A02,Br Granada Norte,4,2,6,AC 170 - KR 49B,abcbe1a8-0b5e-49ac-83f6-0901124c0da0
"-74,04353379","4,750764634",10844,027A01,Br. La Uribe,4,2,6,AC 170 - KR 20A,863b2fc4-8181-4185-bf0a-a607815ae8bf
"-74,13367417","4,706550233",10845,404A05,Br. El Porvenir,4,2,6,DG 66 - KR 112C,30b8f526-a9f9-4e0b-9514-0617477318e9
"-74,1351945","4,708206891",10846,470A05,Br. Granjas del Dorado,4,2,6,TV 113 - CL 67A,66d6afb6-64cc-4d05-84c7-2d8e30f745f4
"-74,12973229","4,564437721",10847,081A11,Br. San Carlos,4,2,6,CL 55 Sur - KR 16C,76ff4630-c4c6-4a94-a348-233065fcb1a6
"-74,19236553","4,629866482",10848,084A08,Br. El Regalo II Sector,4,2,6,AK 89B - CL 58A Sur,b9d6da68-c577-4844-a3c9-5a82da946397
"-74,15418487","4,635261693",10849,003A08,Ciudad Techo II,4,2,6,AV. A. Mejía - AV. Américas,cd8bf620-4ac4-4d89-a2a1-af772bda3e03
"-74,1555657","4,633461914",10850,115A08,Corabastos,4,2,6,AV. A. Mejía - DG 2,88eebf82-01ce-448d-88d2-47b1e6859b7b
"-74,0279938","4,760294321",10851,132A01,Br. Zulima,4,2,6,AC 183 - KR 7A,81cb9021-8941-43a7-961c-c725ab93f4a6
"-74,16461332","4,617891148",10852,130A08,Br. Pastrana,4,2,6,KR 79 - CL 43 Sur,73174d3b-e067-49fc-a3aa-d5838ad99371
"-74,16343537","4,634974809",10853,066A08,Estación Patio Bonito,4,2,6,AC 38 Sur - KR 86A,b357a1c8-0c09-40a8-b710-dba50a0f9379
"-74,12562219","4,564381616",10854,036A11,Estación Socorro,4,2,6,AV. Caracas - KR 15,b30d96ef-81ae-4bdc-a22d-68cb7d340c00
"-74,12454324","4,561243781",10855,037A11,Estación Consuelo,4,2,6,AV. Caracas - KR 12A,8afc0e37-d6bb-4f0c-b552-fa55d8c34cef
"-74,11899901","4,552748486",10856,128A12,La Picota,4,2,6,DG 50 Sur - KR 5P,3d551dc8-0e13-4c7d-82cf-6779091ea4fd
"-74,08267375","4,615390605",10857,195A00,El Listón,4,2,6,KR 22 - CL 22,f23991fd-2f61-4bb4-94e9-ab2fda9ad40c
"-74,10047159","4,735963449",10858,030A03,Br. Aures II,4,2,6,AC 132 - KR 105A,bcc30493-cfab-407e-b9ce-8f0653c22867
"-74,09841193","4,73502732",10859,530A03,CAI Aures II,4,2,6,AC 132 - KR 103A,ab043b9e-6e42-4cb5-a186-87c883223c1c
"-74,10143945","4,712815627",10860,310A04,Br. Ciudad Bachue I Etapa,4,2,6,TV 94L - CL 87,12cec8db-67e6-4f45-b673-4b9b4de35643
"-74,13952984","4,678085937",10861,113A06,La Cabaña,4,2,6,KR 100 - CL 22I,37ca37e5-6897-42fe-a0ef-9bdb982adbe8
"-74,10024125","4,588889972",10862,029A11,Br. Restrepo Occidental,4,2,6,AK 21 - CL 14 Sur,c84e0910-ddfe-4191-bb58-22d4f5f5ce9d
"-74,10317548","4,58610801",10863,015A11,Br. Restrepo Occidental,4,2,6,AK 21 - CL 18 Sur,c73d28eb-1c90-4ead-9cd9-f88e12c0a093
"-74,10390223","4,584467927",10864,017A11,Biblioteca Carlos Restrepo,4,2,6,TV 21A - DG 20 Sur,4b39c5b7-4131-4163-a947-506807ce13a4
"-74,14124045","4,675651711",10865,387A06,Estación Tren Fontibón,4,2,6,KR 99 - CL 20C,4189d930-fc1c-4f1d-b615-cb0da038ebfc
"-74,10472287","4,708293503",10866,154B04,IED Miguel Antonio Caro,4,2,6,TV 94 - CL 82A,81ac9484-6dab-453b-a482-cc3a2f2ee744
"-74,09709277","4,73485822",10867,599A03,Br. Aures I,4,2,6,CL 132 - KR 101C,5ba9c984-f8f1-43e3-a29f-aa699e6b1b49
"-74,10090827","4,736344405",10868,535A03,Br. Alcaparros de Suba,4,2,6,AC 132 - KR 105B,d7d41284-fd6f-478a-839c-6b78c2c3087d
"-74,06931739","4,656162652",10869,192A00,Br. Rafael Uribe,4,2,6,CL 66 - KR 21,99530611-3e5d-4e23-b705-15f63ce51412
"-74,07797337","4,618689433",10870,026A00,Pq. El Renacimiento,4,2,6,KR 19B - CL 24,8c6d05f2-6611-4377-b9b2-554b7518a2f7
"-74,08202788","4,616379706",10871,194A00,Samper Mendoza,4,2,6,KR 22 - CL 22,77a05185-3212-4cf6-a652-828b07ec9a01
"-74,07286105","4,644131687",10872,023A00,San Luis,4,2,6,TV 24 - DG 53D,f24d4417-cbff-43fc-a9c9-57be9d893440
"-74,19111822","4,602678733",10873,070A09,Registraduría Auxiliar de Bosa,4,2,6,TV 78L - DG 69C Sur,11dbf624-56d3-426b-93b6-d5a9215f2eb5
"-74,09315624","4,630341017",10874,118A06,Corferias,4,2,6,AK 40 - CL 22B,e47f486a-5cb1-44cc-a337-85d11cba9a83
"-74,0569476","4,754028117",10875,011A02,Br. Villa del Prado,4,2,6,AC 170 - CL 56A,d524e951-ff5c-4109-8c5a-899dc0ba3c3d
"-74,18903921","4,627032442",10876,102A08,Desarrollo Villa Colombia II Sector,4,2,6,KR 88C - CL 57B Sur,40ada3f3-613f-4fe3-a405-6745d23caeea
"-74,19107018","4,626245799",10877,104A08,Br. La Magnolia II,4,2,6,KR 88C - CL 59 Sur,bbfd29c9-a4e2-4416-8969-838fff56619b
"-74,04522993","4,756444795",10878,145A01,C.C. Panamá,4,2,6,Auto Norte - DG 182,7da639d9-0954-419d-a870-590b23d999cb
"-74,04470168","4,764410438",10879,089A02,C. C.  Santafe,4,2,6,Auto Norte - CL 187,2c5ddb7e-cf28-4258-8245-b68936aa846b
"-74,04640403","4,75535348",10880,087A02,Portal del Norte,4,2,6,Auto Norte - CL 174A,1803bc83-5a8f-4c16-81f3-245b62a36dc1
"-74,12284149","4,707527912",10881,311A05,Pq. Público Bosques de Mariana,4,2,6,KR 106A - CL 71A,16c257c1-a515-4b7b-9269-aff5bd41ffb6
"-74,12378753","4,705504956",10882,262A05,Colegio Endrich,4,2,6,KR 106A - CL 70B,fd198e04-d00f-4739-b4aa-09b9d2a6acc2
"-74,12520987","4,705118058",10883,261A05,Br. Bolivia,4,2,6,CL 70 - KR 107A Bis,60019b8d-b899-424e-a335-0787cdf50d58
"-74,12368691","4,557113411",10884,363A11,Br. Abraham Lincoln,4,2,6,CL 53 Sur - KR 9,2cf7bb73-93c8-43ef-9446-98c627e449d7
"-74,18954322","4,630942174",10885,083A08,Desarrollo Holanda II Sector,4,2,6,AV. Tintal - CL 56H Sur,7213ba0e-b7f0-4424-8271-e0aa11add019
"-74,10256251","4,717528906",10886,023A04,Br. Ciudad Bachué I Etapa,4,2,6,AC 90 - KR 95F,1af2c45e-29fc-4ba3-b722-3396762d6836
"-74,13904257","4,554281776",10887,330A11,Br. Domingo Laín I,4,2,6,DG 64A Bis Sur - KR 17B,b0554e11-cd96-4f88-9a55-ee5864662449
"-74,14045974","4,640669768",10888,075A07,Br. Bavaria,4,2,6,KR 78 - CL 8C,70c34412-125c-4bfb-bbfa-d09d4ef7698c
"-74,16688052","4,616695007",10889,133A08,Br. El Paraíso Casablanca,4,2,6,KR 79 - CL 46A Sur,1ed8f2de-67ed-4ecf-8724-4b95418a645e
"-74,13689428","4,63984285",10890,074A07,Br. Bavaria,4,2,6,CL 9 - KR 72A,1779c1a6-7601-4110-96b9-846b89e51fee
"-74,04406318","4,750562463",10891,028A01,Avenida Calle 170,4,2,6,AC 170 - KR 21A,150cb77d-35f6-4130-ae53-df125d17839a
"-74,12296599","4,558510053",10892,579A11,Br. Tunjuelito,4,2,6,AV. Caracas - KR 10,218243b3-f3a7-4d72-bbe1-dadd8c135834
"-74,07989679","4,617543524",10893,197A00,Br. Santa Fe,4,2,6,KR 20 - CL 23,caf8e0d9-0656-49bc-9d10-f3b665252d3c
"-74,10378442","4,711284105",10894,153A04,Br. Bochica,4,2,6,TV 94L - CL 84 Bis,21a9abf6-4135-45b4-833a-b71b5df01787
"-74,10535935","4,710216041",10895,152A04,Br. Bochica,4,2,6,TV 94L - CL 82,66735fa2-bc54-4cc2-8856-d1004f5e0bd0
"-74,13562537","4,680362828",10896,374A06,La Isla,4,2,6,KR 100 - CL 23H,7a79d53a-665e-4d5c-9983-b1a6ea028d64
"-74,14374059","4,67001356",10897,061A06,Los Cambulos,4,2,6,CL 17 - KR 96H,1b9cdccb-eebb-452b-bb85-fdc9ad53b21a
"-74,10559284","4,615715394",10898,112A07,Br. Primavera Occidental,4,2,6,AC 6 - KR 40,366f6f31-997e-451d-ae9c-e7e912b280cc
"-74,10518807","4,614377881",10899,113A07,Br. Primavera Occidental,4,2,6,AC 6 - KR 38,9a0b23a9-adaa-4c97-8bd5-018913c11e1e
"-74,09976228","4,59774399",10900,206A00,Br. Santa Isabel Sur,4,2,6,CL 1F - KR 26,897bdd91-e782-433d-8f48-4d205270c6a1
"-74,13895785","4,663092737",10901,018A06,Br. Prado Grande,4,2,6,AV. Centenario - KR 89,d05c4e33-2d88-45bd-aa5f-6c58f2f4d27b
"-74,14393064","4,670526633",10902,168A06,Villemar,4,2,6,CL 17 - KR 96H,33d6520d-04c6-4130-bc14-284c2f0dc116
"-74,09425249","4,734122241",10903,029A03,Aures I,4,2,6,AC 132 - KR 98C,e7694702-94d0-455b-98dc-e1dd26940927
"-74,08617746","4,615546515",10904,171A00,Br. Paloquemao,4,2,6,AK 27 - AC 19,2939ffe9-4117-491f-be4f-bca24ea81d35
"-74,080173","4,615579",10905,028A00,Santa Fe,4,2,6,AK 19 - CL 22,c71770f2-20d7-4d61-9acf-6e7d500f4c56
"-74,0739741","4,642250539",10906,391A00,C.C. Galerías,4,2,6,AK 24 - AC 53,c090e1b5-33ea-4fda-b1be-b30f0d0c1f99
"-74,07240845","4,645868725",10907,022A00,San Luis CL 58,4,2,6,TV 24 - CL 58,13491c7e-25f4-4b16-bc79-98fe8a0ba894
"-74,09206205","4,631446534",10908,119A06,Corferias,4,2,6,AK 40 - CL 24A,4ef47a74-3471-417d-858b-17fb301553d0
"-74,09598077","4,626981928",10909,116A06,Br. Ortezal,4,2,6,AK 40 - AV. Américas,c167a9f1-f2f5-48e6-b7af-9ac453c9b231
"-74,04591679","4,757825782",10910,088A02,Br. Nueva Zelandia,4,2,6,Auto Norte - CL 178,f69033ac-96b9-48c0-be2a-4d36046a1bbb
"-74,12109672","4,547756562",10911,007A12,Escuela de Artillería No. 13,4,2,6,AV. Caracas - TV 5D,7dc1206d-f3df-4c53-9d1b-d20a4cf9ad96
"-74,12128689","4,549366447",10912,040A11,Escuela de Artillería No. 13,4,2,6,AV. Caracas - TV 5D,16002661-a5c8-4f1c-b70b-c3046cb2e9f2
"-74,11753825","4,520202866",10913,033A12,Br. La Fortaleza,4,2,6,AV. Caracas - CL 71F Sur,d77dcd5b-c95b-4fa4-b75a-d603e710e47a
"-74,1279179","4,704999693",10914,041A05,Villas del Dorado San Antonio,4,2,6,KR 110 - CL 68C,bb2f325f-cfcc-4cb7-9cbc-12563ccdf75c
"-74,12989375","4,702577731",10915,043A05,Salón Comunitario Villas del Dorado,4,2,6,KR 110 Bis - CL 65B,963775eb-2c65-4655-9db8-5a42596f5b45
"-74,12958898","4,702277773",10916,044A05,Av. Gonzalo Ariza,4,2,6,KR 110 - CL 66,5ee2d596-74d8-4acf-8f9c-8e345eaddca8
"-74,12789086","4,704875076",10917,042A05,Br. San Antonio Engativá,4,2,6,KR 110 - CL 68C,90a5431e-8661-4b69-acc2-02aa2b09cdbb
"-74,03855674","4,742393499",10918,103A01,Carrera 16A,4,2,6,CL 163A - KR 16A,a6aa439f-2624-4a97-afe9-b49ffd5b3a40
"-74,13858359","4,554548651",10919,331A11,Br. Domingo Laín I,4,2,6,DG 64A Bis Sur - KR 17B,6c47d78e-e047-4b20-9e82-d3bf4ea59074
"-74,07005202","4,62298355",10920,092A00,Br. Teusaquillo,4,2,6,AC 34 - AV. Caracas,f0a60605-e6f5-4688-a1c7-53be06b6efbb
"-74,06880556","4,622268522",10921,093A00,Br. Samper,4,2,6,CL 34 - AK 13,c9c9c7a5-480b-4df7-a32e-e1ae73f084d4
"-74,15426036","4,634914255",10922,004A08,Corabastos,4,2,6,AV. A. Mejía - AV. Américas,af25ae07-775b-4795-aaa8-01fa16f1b63f
"-74,15577527","4,623710434",10923,564A08,INEM  Kennedy,4,2,6,CL 38 C Sur - KR 78 N Bis,da7f04b8-a62a-4ee3-b153-6a1b6ceb9b94
"-74,0921125","4,707169726",10924,020A04,Br. La Serena,4,2,6,KR 76 - CL 89A,bb67e8d3-3887-4f80-a7a4-da666dae8343
"-74,09958321","4,714686497",10925,021A04,Br. Ciudad Bachué I Etapa,4,2,6,AC 90 - TV 94L,9531ce37-179f-415e-8762-2e1a0819f960
"-74,09336016","4,708844583",10926,087A04,Br. La Serena,4,2,6,AC 90 - KR 84,21f748f2-13f4-436c-8f0f-3489c499284e
"-74,09250786","4,70689409",10927,019A04,Br. La Serena,4,2,6,TV 76 - DG 89,2791726e-f494-4c27-ae7e-5e172e6af48e
"-74,09247603","4,704900798",10928,072A04,Br. París Gaitán,4,2,6,TV 76 - DG 83A,a3715740-a57d-4a6d-ab59-0cd1aa5cbff3
"-74,09202323","4,701445111",10929,070A04,Br. Autopista Medellín,4,2,6,TV 76 - DG 81J,85a74a31-8e75-4498-b487-3bc1e22a7601
"-74,02788131","4,760218238",10930,133A01,Br. Zulima,4,2,6,AC 183 - KR 7A,77a64524-45b1-436e-9367-4a005ed795ca
"-74,03048102","4,760280471",10931,326A01,Br. Tibabita,4,2,6,AC 183 - KR 8D,539cf719-a2d9-4d6c-8446-e0817c6b74fb
"-74,03086578","4,740328908",10932,272A01,Br. San Cristóbal Norte,4,2,6,CL 163A - KR 8G,a1a7f5f5-e57f-4380-8b51-a39712a690bd
"-74,03636444","4,741753402",10933,601A01,Br. Babilonia,4,2,6,CL 163A - KR 14D,291c8695-8efc-462b-b39e-c77de86c5f50
"-74,11078615","4,554038633",10934,278A12,Salón Comunal Bosques de Bari,4,2,6,CL 48P Sur - TV 5D,a4e40cdb-6741-4b7d-b943-dc8cc086af71
"-74,11095816","4,554299134",10935,279A12,Br. Los Molinos I Sector,4,2,6,CL 48P Sur - KR 5D Bis,0f143463-c3d5-4d59-b37b-11b90a39ac33
"-74,14942257","4,628527388",10936,197A08,Br. Ciudad Kennedy Norte,4,2,6,KR 78K - CL 3 Sur,4fd12956-b212-458f-a4e0-a54832a0311c
"-74,09226154","4,575111097",10937,212A13,Batallón José María Rosillo,4,2,6,KR 8 - CL 19 Sur,7d443bde-3b56-49fe-a583-102a6f815b78
"-74,08631342","4,550992736",10938,050A13,Pq. Nueva España,4,2,6,AV. Circunvalar - CL 37 Sur,aefd830e-c846-4155-867f-1c27d3280a23
"-74,11434615","4,743586918",10939,094A03,CED La Toscana,4,2,6,CL 132D - KR 135,3e4c90d0-2883-4d4c-8ef3-cb91a50403ad
"-74,16504804","4,637086327",10940,059A08,Br. Patio Bonito II,4,2,6,AC 38 Sur - KR 87D,894e00cd-7004-4ddd-9f4a-dc43b433015d
"-74,16438765","4,63647038",10941,611A08,Br. Patio Bonito II,4,2,6,AC 38 Sur - KR 87A,52326d4a-0646-466b-85d1-1ac123fdcf95
"-74,14211411","4,715049777",10942,071A05,Pq. Engativá,4,2,6,CL 64 - KR 122A,9040d6fa-6c37-473b-9182-adcebde57363
"-74,04384159","4,764239135",10943,146A01,Estación C.C. Santafé,4,2,6,Auto Norte - CL 187Bis,e2387bd7-d8e8-4853-ad4e-a7335b188e51
"-74,11275166","4,685254827",10944,312A05,Avenida Ciudad de Cali,4,2,6,CL 64B Bis - AV. C. Cali,2d708277-f8cf-4c61-b8ec-7dbb634c20ed
"-74,07282666","4,611109718",10945,097A00,Br. La Alameda,4,2,6,AK 13 - CL 23,625813c9-0a12-4fb4-b72e-1366a39adb2c
"-74,07457339","4,609007051",10946,096A00,Br. La Alameda,4,2,6,AK 13 - CL 20,dd102863-b301-4196-be3e-69a833982ab6
"-74,09658087","4,734583687",10947,600A03,Br. Aures I,4,2,6,CL 132 - KR 101A,8777456c-665e-4238-a7e6-8fd337d4f65a
"-74,093835","4,733939",10948,028A03,Aures I,4,2,6,AC 132 - KR 99A,72336632-4ddd-4c82-b78d-699720748fcd
"-74,09017327","4,732221783",10949,023A03,Villa Elisa,4,2,6,AC 132 - KR 94C,e84f8258-98f9-4084-a43f-81944afda853
"-74,1030047","4,610440969",10950,117A07,Br. Comuneros,4,2,6,AC 6 - KR 34A,a6842830-4478-483a-afa9-917b98f3e2f4
"-74,10079612","4,608341941",10951,114A07,Br. Comuneros,4,2,6,AC 6 - KR 31C,a0811d87-0fa5-4de8-b726-1e3946e8d337
"-74,09942168","4,607317663",10952,031A07,Estación Comuneros,4,2,6,AC 6 - AK 30,10251e80-0f47-463a-8f3a-8293c0148973
"-74,09572869","4,604619017",10953,059A00,Br. Veraguas,4,2,6,AC 6 - AK 27,33a62d36-e0bc-43da-9402-99493617b8c3
"-74,096851","4,606011",10954,008A00,Estación Comuneros,4,2,6,AC 6 - AK 30,0c1a594d-0fb3-4af1-8e29-19159b9dc0b2
"-74,14164073","4,667277917",10955,397A06,Villemar,4,2,6,CL 17 - KR 96B,322b6e5e-561b-4b30-87d3-ef1e488209bf
"-74,08978809","4,732103595",10956,024B03,Villa Elisa,4,2,6,AC 132 - KR 94B,d9e23d20-4b10-4b58-aa88-80ca3f714f69
"-74,10352017","4,68623728",10957,195A05,IED Antonio Nariño Sede A,4,2,6,KR 77A - CL 68,33c945f2-f934-4c50-a75e-d5b67c41ac91
"-74,08107267","4,615277332",10958,196A00,Samper Mendoza,4,2,6,CL 22 - KR 19A,fb65db8b-ec7f-46c5-af30-883351196c73
"-74,06452344","4,653315638",10959,153A00,Avenida Caracas,4,2,6,CL 66 - AV. Caracas,fd9069c0-91c2-4e29-92b4-00123425fc52
"-74,07429337","4,62069727",10960,121A00,Teusaquillo,4,2,6,AK 19 - AC 32,2e69b96a-2c1c-4775-a6d5-bf568208ac34
"-74,12499566","4,578338823",10961,071A11,IED Manuel del Socorro,4,2,6,AC 44 Sur - KR 23,09f44d51-e840-43a5-87f0-c4a12a8045fa
"-74,08204861","4,734962066",10962,451A03,Br. Altos de Chozica,4,2,6,CL 137 - KR 85,70714d91-9faa-453a-9a8c-e73a08187234
"-74,19111961","4,626143587",10963,105A08,Desarrollo La Magnolia II,4,2,6,KR 88C - CL 59B Sur,e07e7226-7cf1-4150-bafa-4cfeea135dd0
"-74,18929597","4,626849866",10964,103A08,Br. Danubio II y III Sector,4,2,6,KR 88C - CL 57C Sur,0e852588-3708-4e33-8104-b6a91db1e19f
"-74,06178649","4,757157087",10965,014A02,Pq San José de Bavaria,4,2,6,AC 170 - KR 67,dec8c9c3-114d-42fc-a0c4-f0424b80c6ad
"-74,11422369","4,509336962",10966,042A12,Br. Gran Yomasa,4,2,6,AK 1 - CL 81 Sur,a966351e-f27d-44a8-bb92-651430ef038a
"-74,11433547","4,509234455",10967,041A12,Plaza de Mercado Santa Librada,4,2,6,AK 1 - CL 81 Bis A Sur,5918c54f-423a-4dc3-9a3d-eac1c4b15f24
"-74,12135528","4,553660002",10968,006A12,Br. Molinos I Sector,4,2,6,AV. Caracas - KR 6,07cd2753-9521-4370-8eae-0cc2c586ea5f
"-74,121504","4,556637",10969,005A12,Estación Molinos,4,2,6,AV. Caracas - KR 7,73230a99-e5f1-4ffd-b508-d5805a8051de
"-74,1215099","4,554646849",10970,039A11,Br. Molinos I Sector,4,2,6,AV. Caracas - KR 6,78683e1e-983d-4989-8faf-a03b57bbbd60
"-74,13967123","4,708849674",10971,066B05,Br. Los Laureles,4,2,6,KR 113B - CL 63F,8f204506-af3e-478a-824e-4d09ae0008e3
"-74,129724","4,708104",10972,255A05,Br. La Riviera,4,2,6,KR 111 C - CL 70B,3e668bcb-df23-4b39-a076-c51b8fb892f3
"-74,130065","4,707867",10973,256A05,Br. La Riviera,4,2,6,KR 111C - CL 70A Bis,f7c1b016-0652-4905-bd05-e83488353d93
"-74,04261805","4,776809509",10974,101A02,Cementerio Jardines del Recuerdo,4,2,6,Auto Norte - CL 197,9c45c770-ee73-4bfc-a504-d0749fc76b11
"-74,14063822","4,553773164",10975,327A11,JAC Lucero Medio,4,2,6,DG 64A Bis Sur - KR 17G,0b440796-609b-445e-850a-aa496bf28a77
"-74,14073554","4,553716438",10976,328A11,JAC Lucero Medio,4,2,6,DG 64A Bis Sur - KR 17G,23966f0a-b139-4334-b697-3f1b54630960
"-74,043032","4,769663",10977,657A01,Estación Terminal,4,2,6,Auto Norte - CL 193,41ccc88b-c653-49f8-a1d0-468038cb5a8a
"-74,0407616","4,78360255",10978,276A01,Jardines De Paz,4,2,6,Auto Norte - CL 207,48f5942c-9a05-4044-90fb-525ba3a22f0e
"-74,07177756","4,623282722",10979,350A00,Br. Teusaquillo,4,2,6,AC 34 - KR 16,50a6b39d-4e50-47b9-a184-bfcab7244f66
"-74,09242288","4,698163045",10980,076A04,Br. El Minuto de Dios,4,2,6,KR 76 - CL 80B,9dc430f9-a9c6-47c1-821c-df992a5256f4
"-74,09195968","4,701681674",10981,069A04,Br. El Minuto de Dios,4,2,6,TV 76 - DG 81I,91e77a88-fa0a-4ce7-8ba5-e413a1de5a5d
"-74,09237749","4,704333922",10982,071A04,Congreso Eucarístico,4,2,6,TV 76 - DG 83,e1ae7264-2ac5-4938-8bb8-07e4f70bd862
"-74,09249147","4,708283805",10983,101A04,Br. La Serena,4,2,6,AC 90 - KR 76B,baf1b3ca-77f0-45db-ad6c-9b1cf7640adf
"-74,08568657","4,734305585",10984,112A03,Br. Villa Elisa,4,2,6,KR 91 - CL 135A,4064da37-e2a2-4d50-b8bf-c5b52f18dc96
"-74,08699107","4,731011613",10985,085A03,Br. Villa Elisa,4,2,6,KR 91 - AC 132,2fdfea57-d581-464b-b7bc-56144cde3a90
"-74,03055034","4,760205898",10986,327A01,Br. Tibabita,4,2,6,AC 183 - KR 8D,4eb9e18e-b7e5-4dad-980d-f8eb18826e58
"-74,03256088","4,748143193",10987,224A01,Br. Pradera Norte,4,2,6,AC 170 - AK 9,ef31dd0b-f230-4440-a1ec-c7c2788d4dbe
"-74,03362394","4,741041858",10988,273A01,Br. La Pradera Norte,4,2,6,CL 163A - KR 13A,7ed3b2bb-c49a-4d1a-b256-9752e3c94fa0
"-74,11498345","4,553204332",10989,270A12,Br. San Agustín,4,2,6,KR 5I - CL 49A Sur,f5dbbb11-a9a4-4f10-b0c3-b01e447b88b8
"-74,11305476","4,554169942",10990,277A12,Urbanización Marruecos II Sector,4,2,6,KR 5I - CL 48R Sur,0229ae8c-8538-4f38-9b62-89d0f00f2909
"-74,14531895","4,561123354",10991,423A11,Br. Las Acacias,4,2,6,KR 19D - CL 64 Sur,de33bb16-5f8d-42fe-b33c-693a4c6dbbbb
"-74,14671517","4,566473756",10992,312A11,IED San Francisco,4,2,6,CL 64 Sur - KR 22,2b1b395d-6148-41c5-a95c-e616be335f0c
"-74,09219735","4,577856569",10993,216A13,Estación Av. 1 de Mayo,4,2,6,CL 17 Sur - KR 9A,950a1ad2-3015-4213-a96e-609186362335
"-74,14373493","4,635754327",10994,077A07,Br. Castilla,4,2,6,TV 78C - CL 7A,ffc8e6ee-d10f-43ae-ace0-ed008696114e
"-74,09557246","4,627804968",10995,117A06,Avenida Américas,4,2,6,AK 40 - CL 20A,02d3ab2f-bbfc-42bd-9168-bd866ce63e67
"-74,14382131","4,635480099",10996,084A07,Br. Las Dos Avenidas,4,2,6,TV 78C - DG 7A,d472cc3f-982c-475b-b9c7-f4732962a745
"-74,04336345","4,740739084",10997,077A01,Br. Estrella del Norte,4,2,6,AC 161 - KR 19A,0050d1fd-1990-4b1a-92f0-e412967bbff9
"-74,04149976","4,783710686",10998,103A02,Escuela Colombiana de Ingenieria,4,2,6,Auto Norte - CL 205,51a2da4f-5d2e-4abf-b532-bbdd30264653
"-74,18415616","4,605895768",10999,052B09,Zona Recreativa La Avenida Bosa,4,2,6,CL 65 Sur - KR 78L,f2a1d692-b3b1-49ed-9fd5-552006dcedc7
"-74,16567002","4,63813709",11000,058A08,Br. Patio Bonito II,4,2,6,AC 38 Sur - KR 87I,f9c41ec4-f9b8-4792-955d-67e64165c620
"-74,1520214","4,62537758",11001,195A08,Br. Kennedy Supermanzana 7,4,2,6,KR 78K - CL 35A Sur,d820a8ef-0295-45c6-806b-f0c19f7841c4
"-74,14935153","4,628307799",11002,196A08,Gimnasio Militar Fuerza Aérea Colombiana,4,2,6,K 78 K - CL 6 Sur,4737132d-13e1-4029-8d69-6e425fad7772
"-74,03616994","4,739179872",11003,079A01,Br. La Liberia,4,2,6,AC 161 - KR 13B,5fe1186f-9ae5-405c-a3e0-d51300071289
"-74,12323985","4,559237479",11004,004A12,Br. El Playón,4,2,6,AV. Caracas - KR 11,542fefa0-7322-47f9-8740-93165067b500
"-74,12486434","4,563592171",11005,003A12,Br. Marco Fidel Suárez,4,2,6,AV. Caracas - KR 14A,ad3d950f-fb89-422e-8d09-93a590b244a5
"-74,12041347","4,5879862",11006,070A10,Br. Bravo Paez,4,2,6,KR 31 - CL 37 Sur,a1e57db5-0dd3-43dd-85f2-d73e9d2f9376
"-74,0847795","4,612750015",11007,158A00,Br. El Listón,4,2,6,KR 22 - CL 17,9f02449b-72c1-4987-8a02-67557f14aa53
"-74,10506527","4,669667455",11008,099A05,Br. Normandía,4,2,6,AC 53 - KR 70D,012eca23-aaae-43f8-95c0-5b1c88928956
"-74,10634492","4,670941272",11009,098A05,Br. Normandía,4,2,6,AC 53 - KR 71C,48ad7f02-d700-4624-9073-dd3455cf15be
"-74,11010878","4,676914443",11010,090A05,Br. Normandía Occidental,4,2,6,AC 53 - KR 77A,3e773f99-d649-40c8-8610-86e2b3f8e776
"-74,11112144","4,683308692",11011,314A05,Gimnasio Campestre La Sabana,4,2,6,TV 85 - CL 63F,30e9d003-6ba3-4873-9b5c-639ff3bedcbd
"-74,10894116","4,674481939",11012,087A05,Br. Normandía Occidental,4,2,6,AC 53 - KR 73A,106a3d4d-37e5-4d76-9e1d-a1c1ebe35b30
"-74,10336155","4,737352453",11013,026A03,Br. Aures II,4,2,6,AC 132 - KR 109A,e634dee6-adf6-4718-8da5-b11f99f40f65
"-74,13450218","4,681245372",11014,114A06,Rubén Vallejo,4,2,6,KR 100 - CL 23H,86a60caa-a0c5-4095-a05f-e56f0e793015
"-74,14180671","4,667297927",11015,398A06,Urb. Industrial San Pedro,4,2,6,CL 17 - KR 96C,758f5f4e-75c4-463f-b603-a48300384d4b
"-74,10599059","4,617554259",11016,110A07,Br. Primavera Occidental,4,2,6,AC 6 - KR 41,02eb9cb2-095e-4c0c-a176-229a2e91d3dd
"-74,10027087","4,608768236",11017,115A07,Br. Pensilvania,4,2,6,AC 6 - KR 32,a6dd6481-755b-4202-9c9c-383ae266a6cc
"-74,10408545","4,613236463",11018,111A07,San Andresito de la 38,4,2,6,AC 6 - KR 38,1dbb38dd-a457-4ea9-abd9-8fba176f89d8
"-74,10445124","4,620574555",11019,081A07,Gorgonzola,4,2,6,KR 43 - CL 10A,8cfbf4a7-6977-48d3-b91e-71d3ca364a80
"-74,11720885","4,690661099",11020,306A05,Br. Álamos,4,2,6,TV 93 - CL 65,bd58161c-880d-4d4a-a0ad-868e1640c1f2
"-74,1009161","4,710603336",11021,218A04,IED Simón Bolívar,4,2,6,KR 92 - CL 86A,898feca5-2824-40cb-b311-b20630d803ad
"-74,09797565","4,712727685",11022,066A04,IED José Asunción Silva,4,2,6,KR 91 - CL 89,8cbe5d0a-70b6-4c8d-a860-e1d81d967f8b
"-74,10342793","4,737463683",11023,027A03,Br. Villa María,4,2,6,AC 132 - KR 110A,78154c9b-5874-4bf8-927c-99f9d9d1ba8c
"-74,10187505","4,688386383",11024,060A05,Defensa Civil Santa Helenita,4,2,6,KR 77A - CL 69A,eabd6135-27f7-4fb0-a529-067747281c33
"-74,07373604","4,646773609",11025,187A00,San Luis,4,2,6,TV 25 - DG 60,643fd611-31a4-4d63-a113-bb6bfcf46b67
"-74,07359229","4,644890636",11026,186A00,San Luis,4,2,6,TV 25 - DG 53D,3b045925-3952-48c8-b7b6-a539df1505a3
"-74,07521143","4,635008139",11027,025A00,Br. Palermo  AC 45,4,2,6,AK 24 - CL 45A,a2ce11ed-ab5e-4bc8-875f-3e84dd84ca78
"-74,14452314","4,602783294",11028,419A09,Parque San Andrés,4,2,6,TV 72D - CL 41 Sur,516af0c4-f12c-4669-95dc-63bc096b15cd
"-74,14942966","4,602827053",11029,414A09,Br. Santa Catalina,4,2,6,CL 43A Sur - KR 72I,f59bc5aa-6a4e-46a2-b714-e94aa6d7db40
"-74,07501239","4,633138746",11030,161A00,Br. La Soledad,4,2,6,AK 24 - CL 42,cab90f5c-f7da-4a7d-be5e-f25784cb3e61
"-74,04365501","4,744531804",11031,380A01,Avenida Calle 164,4,2,6,CL 164 - KR 19B,16c0ce25-c125-4e2c-bfb7-d414358bf15a
"-74,043841","4,745255052",11032,378A01,Br. Toberín,4,2,6,KR 20 - CL 164A,644408ca-b53d-475f-b1af-4c3dbd5eb155
"-74,04338113","4,747910588",11033,384A01,Calle 166,4,2,6,KR 20 - CL 166,b0b547bd-4c11-4936-8b48-54efecc4dec1
"-74,04312727","4,749347044",11034,422A01,Calle 169,4,2,6,KR 20 - CL 169,c78f4367-6148-4b80-8949-f6cc23a9a0a9
"-74,05836509","4,754884353",11035,029A02,Carrera 62,4,2,6,AC 170 - KR 58,daed23cd-b338-4628-a9ab-a254cac36232
"-74,06072157","4,756881112",11036,013A02,Universidad Antonio Nariño,4,2,6,AC 170 - KR 65,119d8b5d-b32a-4520-a224-f03ec53d950c
"-74,06400198","4,759348656",11037,165A02,Gimnasio Iragua,4,2,6,AC 170 - AV. Boyacá,b2dc94eb-ae0a-4a54-8e33-805a96289677
"-74,05900572","4,754955649",11038,012A02,Colegio San Tarsicio,4,2,6,AC 170 - AV. Villas,016c9979-a6d2-49ed-8f91-1efdb4ad00ef
"-74,04462958","4,746239458",11039,370A01,Calle 164,4,2,6,KR 21 - CL 164,adc72d67-ca2f-4a73-9504-7ecace8b54ee
"-74,11801587","4,523612169",11040,032A12,Br. Barranquillita,4,2,6,AV. Caracas - CL 69B Sur,3fe6bad2-d80f-4d80-af49-ae2584991f5a
"-74,12159965","4,556059405",11041,038A11,Alcaldía Local de Tunjuelito,4,2,6,AV. Caracas - KR 8,7be3f481-3731-48aa-9bd6-1287909e236c
"-74,120364","4,533027",11042,009A12,Ladrillera Santafé,4,2,6,AV. Caracas - CL 65 Sur,9a3f6eb5-eb17-46c3-9bd5-b5084538fff5
"-74,11822722","4,523761638",11043,031A12,Br. Cartagena,4,2,6,AV. Caracas - CL 69F Sur,b2f3d8cf-c144-4fd0-a2b1-94caa78dc6ee
"-74,13101809","4,700846753",11044,045A05,Av. Gonzalo Ariza,4,2,6,KR 110 Bis - CL 64,1ca3fe19-155c-4eee-8474-fd83b86a2594
"-74,13086825","4,700325791",11045,046A05,Instituto Divino Niño,4,2,6,KR 110 - AC 63,398efd4f-3cd5-4086-b032-09957d5c7625
"-74,12544481","4,705127308",11046,260A05,Br. San Antonio Engativá,4,2,6,CL 70 - KR 107A,e55ca6e9-0a0f-4475-8746-1ada4a9f5bb6
"-74,12374495","4,705345772",11047,263A05,Salón Comunal Urbanización el Virrey,4,2,6,KR 106A - CL 70A,a3186e1c-0e00-460d-a981-bc5515a60ab4
"-74,12281165","4,707269436",11048,266A05,Br. Bosques de Mariana,4,2,6,KR 106A - CL 70F,9f651aba-747e-415b-a849-b0b9169d7e13
"-74,12698928","4,711475549",11049,257A05,Br. Villa Amalia,4,2,6,TV 100G - CL 71C,930a84b9-ec3b-43b5-a079-dfa95fa08447
"-74,12714962","4,711507502",11050,451A05,Br. Villa Amalia,4,2,6,TV 110G - CL 71C,3b029b5e-a855-4b63-902e-d507b41a4d7e
"-74,12879011","4,710241804",11051,438A05,Br. La Riviera,4,2,6,KR 111C - CL 70F,59376ccf-4344-454e-ac9e-b1c4d236deb5
"-74,04019739","4,791159218",11052,099A02,Club Campestre Cafam,4,2,6,Auto Norte - CL 215,fab7e81a-0a38-4d93-bd0c-259b0504cba9
"-74,04337528","4,772376474",11053,102A02,Club Campestre el Rancho,4,2,6,Auto Norte - CL 194,ef393403-627c-4371-a9a5-8b05251d89d1
"-74,043739","4,770067",11054,338A02,Estación Terminal,4,2,6,Auto Norte - CL 191,aa29b4af-b384-45dc-ae43-9ce6c4d7776e
"-74,14747576","4,550145878",11055,271A11,IED Lucero Alto,4,2,6,KR 18I - DG 68A Sur,43cafd3b-36f7-4b5c-9a0e-fc203c489f1d
"-74,14792005","4,54785196",11056,268A11,IED Confederación Suiza,4,2,6,KR 18E - CL 69D Sur,d8be81e8-9088-41fa-a856-c9b5164f2577
"-74,14782417","4,547770066",11057,269A11,IED Confederación Suiza,4,2,6,KR 18I - CL 69B Sur,330efcf6-e934-4645-bedc-b050b0166ee6
"-74,1474352","4,550087895",11058,272A11,IED Lucero Alto,4,2,6,KR 18I - CL 68A Sur,6b208550-be89-42ca-af57-93de9295d5b0
"-74,14527218","4,551410104",11059,276A11,Br. Lucero Medio,4,2,6,KR 18C - CL 67A Sur,c3be7b11-81f7-41b3-a5e3-d50dd4d1c1f7
"-74,04264589","4,771816309",11060,274A01,Br. Canaima,4,2,6,Auto Norte - CL 193,6887592f-d07a-447f-9aff-4e4defdde9e2
"-74,04182911","4,777311456",11061,275A01,El Caramely,4,2,6,Auto Norte - CL 198,45c060fa-49e3-41ff-89dc-1c0e6ed6706a
"-74,03688324","4,80647431",11062,331A01,El Corozo,4,2,6,Auto Norte - CL 235,ae602659-1b5c-4b09-ba9f-0b9dbd36ff41
"-74,17088997","4,628984958",11063,211A08,Portal Américas,4,2,6,AV. V/cio - AV. C. de Cali,d02007f0-d6ba-4f02-ae7a-205ccf7eaa1c
"-74,17255387","4,632170643",11064,213A08,Br. Tintalito,4,2,6,AV. V/cio - KR 87C,53e0eda4-d3ab-4320-b573-a37420083e52
"-74,17352521","4,634016867",11065,212A08,CED Hernán Durán Dusán,4,2,6,AV. V/cio - KR 88G,d2346cef-db83-4704-9f6f-1ebd2cdca449
"-74,11161097","4,548124748",11066,251A12,Br. Diana Turbay,4,2,6,KR 5B - CL 48Z Bis Sur,47982b23-cc96-4b5a-8af0-6d5f943b633b
"-74,15295556","4,60412238",11067,387A09,Br. Boitá,4,2,6,CL 45 Sur - KR 72M,6ba91647-3066-4863-b443-09cee83b9a86
"-74,15287251","4,604301189",11068,388A09,Br. Santa Catalina,4,2,6,CL 45 Sur - KR 72M,cd13e176-1fd7-494e-9a4d-e0f8ade462f6
"-74,0936711","4,56889842",11069,024A13,Br. Granada Sur,4,2,6,TV 3 - CL 27 Sur,9646d674-1420-4b4a-97a5-f233c025791f
"-74,09306861","4,570923368",11070,092A13,Plaza 20 de Julio,4,2,6,KR 6 - CL 24 Sur,b25cb7a0-23a0-4cf3-bbcc-cc4d311dc31c
"-74,13193635","4,705465225",11071,242A05,Br. Marandú,4,2,6,KR 111C - CL 67B,bc2571cc-4175-45f1-adb7-fcc41c50b247
"-74,12100745","4,718387116",11072,098A04,Br. Villas de Granada I,4,2,6,KR 112F - CL 78D,9e00ef3c-02ea-48f6-b998-b475ea74350c
"-74,12317125","4,71875729",11073,429A04,Br. Villas de Granada,4,2,6,KR 113 - CL 78,0d3357a1-0580-4bff-ab6d-e3c6c3e75b3c
"-74,12634337","4,71372596",11074,091A04,Salón Comunal La Perla,4,2,6,CL 72F - KR 111C,f193c11e-1f7c-4a2d-aca5-8b1ddbe29d5a
"-74,09390978","4,709579424",11075,028A04,Br. La Serena,4,2,6,AC 90 - KR 84B,3f888923-89ef-438e-b399-a527b844b93e
"-74,09966668","4,715027703",11076,022A04,Desarrollo Luis Carlos Galán,4,2,6,AC 90 - KR 94L,95d3e008-4aa0-4b89-8c48-f3f98d98f663
"-74,09252324","4,698245781",11077,075A04,Br. Autopista Medellín,4,2,6,KR 76 - CL 80B,d52884b6-7915-45d5-af0d-a68b8e26bc4f
"-74,08565983","4,734106702",11078,113A03,Br. Altos de Chozica,4,2,6,AK 91 - CL 135B,08fdf4e5-13c1-4b5b-96fb-c0c9ce22b5bc
"-74,084937","4,73709537",11079,086A03,Estación Suba - Tv.  91,4,2,6,AK 91 - AC 145,ed758f96-a2dc-4ae4-b1cb-7c0f8627bfd1
"-74,11431709","4,555017036",11080,272A12,Br. Marruecos,4,2,6,TV 5N Bis - KR 48W,98982cfc-6019-4480-8eab-ff629a2b4650
"-74,11630887","4,555184209",11081,269A12,IED Marruecos y Molinos,4,2,6,DG 48Y Sur - TV 5R Bis,f4fd28bc-fd06-4582-b609-5a0e86cfdaf4
"-74,17772367","4,62988127",11082,541A08,Br. Las Margaritas,4,2,6,CL 49 Sur - KR 87D,af91d6a1-0fd7-4392-8791-05d4c62a69a6
"-74,0916215","4,554020079",11083,017A13,Calle 34A,4,2,6,AV. V/cio - KR 6 Este,0a43d279-0665-475b-9243-84c8b29ff1c4
"-74,14198922","4,637665991",11084,076A07,Br. Castilla,4,2,6,KR 78 - CL 7F,8f39f029-f8f3-4501-927a-d47e90eef3ea
"-74,1393491","4,637521854",11085,048A07,Pq. Deportivo Castilla,4,2,6,AC 8 - KR 73,079dfbc8-4ff0-4bd8-909e-1c2104c721c5
"-74,13797925","4,637107482",11086,054A07,Kr 72A,4,2,6,AC 8 - KR 72A,76672ec9-87b9-45ec-8383-95ef794b3094
"-74,04551293","4,742288212",11087,369A01,Br. Las Orquídeas,4,2,6,KR 21 - CL 161A,687e859d-811b-4d16-b023-c7f6f51d0302
"-74,12311785","4,716983694",11088,095A04,CAI Villas de Granada,4,2,6,KR 112A - CL 77A,c51ec4b2-f636-4bbd-b343-38607e4bcd4a
"-74,11423001","4,743637133",11089,093A03,CED La Toscana,4,2,6,CL 132 D - KR 134,b5365cb7-9ec9-4b68-b634-51a7a342c5c1
"-74,16735719","4,640168825",11090,068A08,IEDIT Rodrigo de Triana,4,2,6,AC 38 Sur - AK 89,f424d567-177c-47da-a367-d1156eddf1b1
"-74,15208835","4,631989813",11091,065A08,Estación Banderas,4,2,6,AV. De las Américas - KR 79B,36535a9d-d370-4747-8076-0ef2dd8e01a7
"-74,15124279","4,626228157",11092,190A08,Br. Kennedy Supermanzana 7,4,2,6,KR 78K - CL 35 Sur,41d4c1bc-0939-42e2-8067-0fdce47a17ca
"-74,14682345","4,633483076",11093,079A07,Br. El Rincón de los Angeles,4,2,6,TV 78C - DG 6B Bis A,bf43d813-ae83-4446-83cc-adda3c87fd31
"-74,14245877","4,637188354",11094,377A07,Br. Castilla,4,2,6,KR 78 - CL 7C,22c338f0-2361-4731-a384-79c0708c95df
"-74,10383099","4,685986305",11095,189A05,IED Antonio Nariño Sede A,4,2,6,KR 77A - CL 67,deb9ec78-024d-415e-9d4e-6933687a11d7
"-74,03247606","4,738208858",11096,080A01,Br. La Liberia,4,2,6,AC 161 - AK 9,193cc398-9d80-416f-9a61-44001710d833
"-74,12912862","4,567022506",11097,420A11,CAI San Carlos,4,2,6,DG 51 Sur - KR 18,86cda6a3-f487-4dc1-aa9d-26c76ce13a75
"-74,10817414","4,673473133",11098,088A05,Br. Normandía Occidental,4,2,6,AC 53 - KR 73,334596fc-4110-41b0-9c3f-e9fb40f061d9
"-74,10909372","4,675155698",11099,439A05,Parque Zonal La Estancia,4,2,6,AC 53 - KR 74A,2332c310-00d7-42dc-830b-f68b12706d94
"-74,11364199","4,685900549",11100,310A05,Pq. Ciudadela Industrial El Dorado,4,2,6,AV. C. de Cali - CL 64C,a3a3acd6-7deb-423e-a821-46cb3490a251
"-74,11661566","4,689954388",11101,308A05,CAI Álamos,4,2,6,CL 64G - KR 92,796c344d-52af-4cde-ab60-c77c99e554d6
"-74,11638831","4,689321689",11102,307A05,Br. Los Álamos,4,2,6,CL 64G - KR 92,fea78a69-f81e-43fc-a2c6-052490a8f2fd
"-74,11407307","4,685924009",11103,304A05,Pq. Ciudadela Indutrial El Dorado,4,2,6,AV. C. de Cali - CL 64C,5347231d-0bdd-45d9-89bc-97c1731ad4e3
"-74,11027326","4,686757816",11104,315A05,Br. Isabela,4,2,6,TV 85 - CL 64I,643410e5-3727-4758-ade9-c6d2ad404213
"-74,107563","4,671998955",11105,097A05,Br. Normandía Occidental,4,2,6,AC 53 - KR 72A,324eed0b-f4a6-41b8-9ba9-4bd80d510c40
"-74,10563938","4,669983116",11106,100A05,Br. Normandía,4,2,6,AC 53 - KR 71A,d1e1ccea-e3e1-402c-a8e9-bc695ddef3ac
"-74,11054258","4,742008995",11107,153A03,Br. La Gaitana,4,2,6,TV 126B - CL 132D,1ea97716-daee-4691-9479-06cc8e092575
"-74,10110548","4,624613647",11108,082A07,El Ejido,4,2,6,KR 43 - CL 14,1b03ea0c-4621-417e-9f50-b23ad94f7b9e
"-74,10466849","4,620628953",11109,080A07,Gorgonzola,4,2,6,KR 43 - CL 10A,de4f765f-025c-47ee-9c66-67ec036cccca
"-74,0969961","4,595827807",11110,205A00,Br. El Vergel,4,2,6,KR 24B - CL 1D,743b53d3-ccf1-42d3-b34b-c95ae901b171
"-74,10092655","4,624498925",11111,083A07,El Ejido,4,2,6,KR 43 - CL 14,47c6167b-0b6d-4eaa-acb9-7a3ab137e46b
"-74,1072914","4,681464935",11112,061A05,CAI Villa Luz,4,2,6,KR 77A - CL 64B,304750f8-dbfc-4159-b0c2-d25397f98a8e
"-74,10537651","4,683869602",11113,190A05,Centro Renacer DABS,4,2,6,KR 77A - CL 64J,8800a4bd-333b-4c07-9f70-959b519ae367
"-74,08342586","4,674928262",11114,226A04,Br. San Fernando Occidental,4,2,6,KR 65 - AC 72,2e4909b3-4042-4eee-87ea-9ec6eae0fca4
"-74,07394023","4,643681155",11115,188A00,Galerías,4,2,6,DG 53C - AK 24,69aeb042-3cb2-4eae-bdfd-4eb4a8544897
"-74,151337","4,602805532",11116,389A09,Br. Boitá,4,2,6,KR 72J - CL 47 Sur,5648d697-61af-4fba-841b-fe502c09fc6b
"-74,15435913","4,600274059",11117,355A09,Br. Villa del Río,4,2,6,CL 57B Sur - KR 62,88c2d2a1-0a74-464a-9a4f-a2b3c77ea568
"-74,15409421","4,600213255",11118,354A09,Br. Villa del Río,4,2,6,CL 57B Sur - KR 62,adb2c002-8d4c-442f-8e52-fd2ca398853b
"-74,15119842","4,602652978",11119,390A09,Br. Boíta,4,2,6,KR 72J - CL 47 Sur,ab71f68f-e4cc-4f39-b01e-480dbe521284
"-74,15034456","4,603049553",11120,391A09,Carrera 72J,4,2,6,CL 45 Sur - KR 72J,1c56baa9-50c6-4ddc-a920-78280e700626
"-74,12310953","4,743022305",11121,504A03,Br. Lisboa,4,2,6,CL 132D - KR 152,6742f13a-c709-4116-baf2-3aacf887bfc8
"-74,15119455","4,679217456",11122,163A06,Br. El Carmen Fontibón,4,2,6,CL 17 - KR 109,94c7fde5-fc78-475e-9585-f4aa8fe1ec51
"-74,14806546","4,675352176",11123,062A06,Colegio Militar José Antonio Galán,4,2,6,CL 17 - KR 103B,f77a5c9c-db79-450d-80bb-a6fb0d3e690b
"-74,0864605","4,550335621",11124,049A13,"La """"Y""""",4,2,6,AV. De los Cerros - CL 37 Sur,dd0d0e70-32ab-4ebb-8d89-8f72f2e45eb3
"-74,18692947","4,627827141",11125,101A08,Br. Holanda I Sector,4,2,6,KR 88C - CL 56 Sur,8f242ebb-bf25-48d9-b8f9-c53cd1e36831
"-74,04405418","4,749654541",11126,420A01,Br. Toberín,4,2,6,KR 21 - CL 169,c5024042-dba0-4c38-ba85-f6e772737556
"-74,10430013","4,492655008",11127,173A12,Br. Nuevo Portal,4,2,6,KR 5B Este - DG 98B Sur,1af8d379-61aa-49eb-beb2-7f0d55f389b3
"-74,03159003","4,764819372",11128,501A01,Avenida Laureano Gómez,4,2,6,CL 188 - AK 9,d58dda36-9cf9-4193-afb0-45e9d138a439
"-74,10457822","4,492320835",11129,172A12,Br. Puerta al Llano,4,2,6,KR 5B Este - DG 99 Sur,2f303ab5-e3ec-423f-a983-c778897c444b
"-74,10444469","4,49017535",11130,165A12,Br. Puerta al Llano,4,2,6,KR 6 Este - DG 100C Sur,d47cf328-29c7-43bd-a5d0-c2f63f7ae3ce
"-74,10395426","4,488653948",11131,430A12,Br. El Nuevo Portal II,4,2,6,TV 6F Este - CL 105 Sur,240f1224-e253-43ff-ad25-ccf731f75ef6
"-74,11897443","4,531303929",11132,010A12,Ladrillera Santafé,4,2,6,AV. Caracas - CL 65 Sur,5f326186-983b-47bc-8f4e-c2a1b4b636e4
"-74,1209162","4,543727692",11133,008A12,Ladrillera Santafé,4,2,6,AV. Caracas - KR 56,2f2634ca-2d39-4136-87d8-b123c2772833
"-74,12101546","4,543360117",11134,041A11,Ladrillera Santafé,4,2,6,AV. Caracas - KR 5C Bis A,ee649d65-2a1e-4ff1-b470-aeed304598b1
"-74,12154701","4,530127579",11135,011A12,Portal Usme,4,2,6,AV. Caracas - CL 64 Sur,156b1396-6070-4766-b2b5-ad9bfec273c9
"-74,14541759","4,712141837",11136,211A05,Br. El Mirador,4,2,6,KR 122 - CL 63A,0f07aa86-cd7b-4867-88bf-b0b13a33f21b
"-74,12767378","4,563936115",11137,359A11,Br. Tunjuelito,4,2,6,KR 16 - CL 53 Sur,be8248f7-c4b9-4d87-b7c6-1ecb8fc89286
"-74,03928092","4,796894907",11138,166A02,Br. La Santamaria,4,2,6,Auto Norte - AC 222,e76d0527-dba9-424e-857c-2e6cf44e88d5
"-74,14499198","4,551936003",11139,277A11,Br. Lucero Medio,4,2,6,KR 18C - CL 67 Sur,b76f8986-4995-4143-ba73-c4f67fca9ba3
"-74,14937544","4,546930625",11140,265A11,Br. Vista Hermosa,4,2,6,DG 71B Sur - KR 18C,26d5c702-08e4-4467-a012-682ff9dd803b
"-74,15106115","4,545183694",11141,149A11,Br. Los Andes Sector V Nutibara,4,2,6,KR 18R - CL 71B Sur,8e80d902-b471-4c66-9046-8418d9511b58
"-74,03762152","4,801873386",11142,569A01,Vereda Torca,4,2,6,Auto Norte - CL 224,0c1e7fd2-6e6f-4129-b1b0-f154b7ac1a8a
"-74,03771131","4,806506857",11143,104A02,Parque Comercial Bima,4,2,6,Auto Norte - AC 235,d1229964-9713-4014-84a6-0a725bc7ce53
"-74,03853316","4,801385356",11144,346A02,Calle 224,4,2,6,Auto Norte - AC 224,45e66652-54cd-4e03-82b7-80cf75f3e9d1
"-74,17610786","4,635696882",11145,054A08,Br. Las Margaritas,4,2,6,AV. Tintal - CL 45A Sur,2d937f1b-72ed-432d-8dc4-1514c361d087
"-74,17937925","4,634810196",11146,078A08,Br. Las Margaritas,4,2,6,AK 89B - CL 49 Sur,eceb7b20-70f0-415d-9a2c-c3a9c0d85e6c
"-74,17628214","4,635565316",11147,053A08,Br. Las Margaritas,4,2,6,AK 89B - CL 45A Sur,943252e7-7260-4e9b-8e32-74d7326fa7f2
"-74,09255528","4,549266457",11148,018A13,Cl 41 A Bis Sur,4,2,6,AK 4 E - CL 41 A BIS Sur,44e2d60d-fe89-4fbe-901e-bd856ab0ee13
"-74,09262329","4,549535283",11149,019A13,Cl 41 Sur,4,2,6,KR 4 E - CL 41 Sur,ca1d70bc-7e84-4002-96ba-e3c65108b50f
"-74,19343941","4,609723154",11150,204A09,Pq. Paso Ancho,4,2,6,KR 81 - CL 70A Sur,61124c46-80dc-45c5-8444-7b70689cc315
"-74,20253629","4,610381616",11151,150A09,Br. Grancolombiano I,4,2,6,CL 75 Sur - KR 80M,7eda984e-6652-465f-86e2-b75337dbed62
"-74,16629098","4,587397559",11152,382A10,Br. Perdomo,4,2,6,CL 63A Sur - KR 71F,591f04bf-aced-44d8-8c14-692ea2bae040
"-74,15539236","4,63337561",11153,555A08,Kennedy Norte Manzana 12A,4,2,6,AV. A. Mejía - CL 2,eadc14ab-fc57-4ea1-a30c-a1d3eed9f746
"-74,08139471","4,592548566",11154,717A00,IED Antonio José Uribe,4,2,6,AC 6 - KR 9,b9442dc6-761f-4037-8219-a992d44a922d
"-74,07792636","4,590116524",11155,412A13,Br. Santa Bárbara,4,2,6,AC 6 - KR 5,7e1f0f8f-465e-4253-9af9-372173059cb3
"-74,12159212","4,720955794",11156,039A04,Éxito Occidente,4,2,6,AK 114 - CL 79,4cd90b39-c043-44c4-9c8f-1f4a255872a0
"-74,12508559","4,717173691",11157,436A04,Br. Bosques de Granada,4,2,6,KR 113 - CL 75,b77b415f-f770-47c2-8d1e-d69d3bb35917
"-74,12689097","4,715680834",11158,437A04,Br. Bosques de Granada,4,2,6,KR 113 - CL 72F,fa9adc96-e581-427d-b3f0-43f136086145
"-74,10230223","4,717624052",11159,024A04,Ciudad Bachué,4,2,6,AC 90 - KR 95F,8c5b8e2a-34e9-4790-aca8-333744b3972c
"-74,10726732","4,618155403",11160,051A07,Br. San Francisco,4,2,6,TV 42 - CL 5B,85ccca49-d212-4f6b-8efa-b776f98906a8
"-74,1106561","4,616781123",11161,374A07,Br. San Francisco,4,2,6,TV 42 - CL 4,5233341a-2262-462b-871f-08b4d7ca2871
"-74,11340286","4,615631289",11162,052A07,Br. San Francisco,4,2,6,TV 42 - CL 3,b7036289-b7c7-49e0-afcb-00f8fbedded9
"-74,0595057","4,651994635",11163,279A00,Cl 67,4,2,6,KR 9 - CL 67,05a79edc-83ed-4254-ac7b-5a55a0c8ed88
"-74,05804316","4,654318661",11164,280A00,Br. Quinta Camacho,4,2,6,KR 9 - CL 70,78539f41-6458-41a0-83df-456b1e805fc4
"-74,05716774","4,655617354",11165,394A00,Universidad EAN,4,2,6,KR 9 - CL 71,46531f92-d7af-4875-a52f-158eabda04e7
"-74,0281517","4,769863076",11166,468A01,Br. Tibabita,4,2,6,CL 193 - KR 7A,9f6e2074-3410-474d-9e60-4ec05e0dc74b
"-74,0388093","4,749262752",11167,223A01,Colegio San Façon,4,2,6,AC 170 - KR 17A,acee457d-9202-4e42-ac1c-2df2f44c7a2e
"-74,02998702","4,747738125",11168,319A01,Comunidad Hijas de Maria Auxiliadora,4,2,6,AC 170 - KR 8G,54359ddb-08b7-4c76-b1c6-b4b9c3dbf398
"-74,02494938","4,746943136",11169,225A01,Centro María Auxiliadora,4,2,6,AC 170 - KR 8,24c58afa-d8eb-461b-b62d-c8b3c087213e
"-74,17994972","4,626381365",11170,538A08,Pq Público Betania,4,2,6,KR 87 - CL 51B Sur,557cd310-54bc-4844-925f-d725945a3080
"-74,12089692","4,718578422",11171,097A04,Colegio Phillipe Costeaur,4,2,6,KR 112A - CL 78F,5548e7d9-5c71-4305-80d7-1ed4049d8e8e
"-74,14785121","4,633086257",11172,078A07,Br. Pio XII,4,2,6,TV 78C - CL 6A,45a45b60-adda-43e5-98e5-433a92446994
"-74,030545","4,748186",11173,318A01,Universidad San Buenaventura,4,2,6,AC 170 - KR 8H,93325245-d45d-4aa0-843f-6e8950cdc1b5
"-74,12028313","4,722450202",11174,038A04,Avenida El Cortijo,4,2,6,AK 114 - AC 80,02c9fb2f-0b7a-4702-867b-900fc1945257
"-74,0805551","4,571267607",11175,003A13,Br. San Cristóbal Sur,4,2,6,DG 13 Sur - KR 5 Este,4b65e299-6cab-4645-9b84-524ec1e3798f
"-74,18031443","4,630982231",11176,098A08,Br. El Porvenir Parcela 33,4,2,6,KR 88C - CL 50 Sur,d2a5ec7a-557f-438e-b0f5-65a5d63501c3
"-74,16854381","4,617939895",11177,314A08,C. C. Casablanca,4,2,6,CL 47B Sur - KR 79D,9fd75e52-a301-452d-8a04-56ffa0a82a22
"-74,13943194","4,70902773",11178,066C05,Br. Los Laureles,4,2,6,KR 113B - CL 63I,9f2fd84e-9cb7-4c24-b274-1433ed80d749
"-74,10510148","4,684359154",11179,191A05,Br. Villa Luz,4,2,6,KR 77A - CL 65A,8ab43e76-f6b3-4c3f-9cf3-d7aaac010203
"-74,08975134","4,753343742",11180,019A03,Parque Residencial Nueva Suba,4,2,6,AC 153 - KR 101A,9bdbc8ec-2f28-4170-8118-436949ad8a90
"-74,04589333","4,754168052",11181,144A01,Portal del Norte,4,2,6,Auto Norte - CL 172A,cba372fd-3344-416b-b8be-7af2b01e3c7a
"-74,19555413","4,620953677",11182,255A09,IED La Concepción,4,2,6,KR 87C - CL 69B Sur,d08448bb-f6f5-4814-97dd-ffa71eb20788
"-74,19314328","4,621777768",11183,265A09,Br. San Javier,4,2,6,KR 87C - CL 66C Sur,3ef0e659-4a99-4b9a-a113-17f5c2f6907c
"-74,11282215","4,548892668",11184,250A12,Br. San Agustín,4,2,6,CL 49 Sur - KR 5C,70d17c44-f650-42df-8513-da15bde0044c
"-74,11822905","4,554288484",11185,389A12,Br. Marruecos,4,2,6,CL 49 G Sur - KR 5 T,1ae5a31c-af17-45c4-897e-6ea57629be05
"-74,11369475","4,548638874",11186,249A12,Br. San Agustín,4,2,6,CL 49C Sur - KR 5C,f41109cc-a450-412b-938e-9f5d951cfe37
"-74,10809004","4,590007467",11187,106A11,Estación de Bomberos del Sur,4,2,6,AK 27 - CL 19 Sur,cd1d936d-32c3-43b1-8cfb-5ff653de203b
"-74,10058574","4,595544178",11188,416A00,Br. Santa Isabel,4,2,6,KR 26 - CL 1A,f7c54248-b364-4fe8-842c-902544bccab1
"-74,09929294","4,597186242",11189,422A00,Br. Santa Isabel Sur,4,2,6,KR 26 - CL 1D,a8f7003a-0b2c-4de6-b9c3-0cdf22228c27
"-74,06892015","4,644696724",11190,265A00,Pq. El Divino Salvador,4,2,6,AC 57 - KR 17,02e78374-9513-44e3-b6ff-cc4ae1d3ac2b
"-74,08451396","4,650900778",11191,002A05,Br. Nicolás de Federmán,4,2,6,AK 50 - CL 59,43f63ca5-e770-421c-b911-85f68611fb22
"-74,10856744","4,742691264",11192,156A03,Br. La Gaitana,4,2,6,CL 135B - KR 126A,b3115e8f-f2ab-4018-8ad3-ad3b5cae0fac
"-74,10799584","4,741412003",11193,157A03,Br. La Gaitana,4,2,6,KR 125 - CL 134,5e5584e8-9409-4dd6-a9f7-80e9995191a0
"-74,10853674","4,740052013",11194,159A03,IED La Gaitana,4,2,6,KR 125 - CL 131A,0f304cc9-7869-4cc5-992b-f661fb4d9cc3
"-74,10657522","4,738438804",11195,164A03,Br. Tibabuyes,4,2,6,AC 132 - KR 123,005a848a-aa93-4613-9071-6af5e23c280f
"-74,09575763","4,715107618",11196,087A03,Humedal Juan Amarillo,4,2,6,KR 91 - CL 96A,a9df0b99-232f-4b0a-a7dc-eb126008ae45
"-74,11097846","4,705264246",11197,054A04,El Madrigal,4,2,6,AK 96 - CL 75A,c2357034-dd23-4013-9667-aac8ceeaa2a4
"-74,094808","4,604348",11198,058A00,Br. Ricaurte,4,2,6,AC 6 - KR 26,3aa08fa8-e4a6-4d53-bb64-2be744137eed
"-74,1055238","4,617676275",11199,118A07,Br. Los Ejidos,4,2,6,AC 6 - KR 41A,15981c61-1e71-4928-8845-a346fb99b361
"-74,12262626","4,685953972",11200,059A05,Pq. Empresarial Puerta del Sol,4,2,6,TV 93 - CL 51,5c2f7ca9-7a49-4c56-88b2-4ddf8429e4c0
"-74,1196878","4,687582401",11201,096A05,Pq. Empresarial El Dorado,4,2,6,TV 93 - CL 53,6458f6fa-f419-4298-b001-dcedc82351c8
"-74,11435897","4,699178215",11202,053A05,Pq. Álamos,4,2,6,KR 96 - CL 71A,f53d22e0-88ca-41d0-b571-53c6e0568944
"-74,10949135","4,703927919",11203,055A04,París,4,2,6,KR 94 - CL 75A,7e4eaed6-8055-4f45-8c65-4e064fdf2bb0
"-74,10694769","4,706824062",11204,430A04,Primavera,4,2,6,KR 94 - AC 80,d3e2c058-b254-4f8c-b1de-8610d4a59405
"-74,09576986","4,714971764",11205,068A04,Sidauto,4,2,6,KR 91 - CL 96,7b72ae01-8fe9-4c1f-b63c-752eb7e4529c
"-74,09394385","4,716331292",11206,088A03,Humedal Juan Amarillo,4,2,6,KR 91 - CL 99A,37b1a4ab-6071-4b9a-a41d-3849ec0e672b
"-74,10830618","4,738769786",11207,161A03,IED La Gaitana,4,2,6,CL 131A - KR 124B,e6a5a5d6-bbf5-4b08-806c-5bf6bafc21ee
"-74,10847033","4,740054364",11208,160A03,Br. La Gaitana,4,2,6,KR 125 - CL 132 Bis,d9398725-cb71-49eb-b00b-53d79eeeace7
"-74,10790122","4,741458638",11209,158A03,Br. La Gaitana,4,2,6,KR 125 - CL 134,3741374b-4e11-4cdc-87c1-969afad7ae2a
"-74,10835975","4,742704384",11210,155A03,Br. La Gaitana,4,2,6,CL 135B - KR 126,4d110be1-94b7-41da-bca3-7c6437b233ff
"-74,11064751","4,742077269",11211,154A03,Br. La Gaitana,4,2,6,TV 126B - CL 132 D,5c2456ae-4d89-4745-877c-2251e2466dc1
"-74,14211981","4,589889321",11212,249A10,Liceo Santa Bernardita,4,2,6,AK 54 - CL 51 Sur,fda32576-0211-4cda-a9e2-8378489c1581
"-74,08399597","4,613797261",11213,174A00,Br. El Listón,4,2,6,KR 22 - AC 19,3a70191d-55b5-4a41-8b79-d88117d820a4
"-74,12856819","4,744285317",11214,140A03,Santa Rita de Suba,4,2,6,CL 138 - KR 158B,c8e5d6b5-eb03-493b-a91b-282d4258410d
"-74,1532954","4,680778573",11215,159A06,Br. Villa Carmenza,4,2,6,CL 17 - KR 112B,b030348f-faee-46f5-8a8b-b43133c0910e
"-74,14969898","4,677378538",11216,063A06,FUSM,4,2,6,CL 17 - KR 107,46adfebe-3afe-4bc3-9db9-c3ff5ee467d1
"-74,14839753","4,676074792",11217,165A06,Br. El Carmen Fontibón,4,2,6,CL 17 - KR 104B,11cb4b25-e1ae-4832-a1db-3dfde3231eb9
"-74,17978115","4,62529491",11218,330A08,Br. Betania,4,2,6,CL 53 Sur - KR 86D,de9a404c-6421-480d-a5c6-ea5527868729
"-74,10428407","4,49006869",11219,166A12,Br. Nuevo Portal,4,2,6,TV 6A Este - CL 101 Sur,3b9cced9-d014-4431-b4b1-cd80e50d847f
"-74,11453388","4,505639286",11220,059A12,Br. El Virrey,4,2,6,AK 1 - CL 91B Sur,1df575fc-d4a9-41f2-8ecf-4a373551cf79
"-74,03230942","4,763951636",11221,439A01,Colegio Mayor José Celestino Mutis,4,2,6,CL 187 - KR 9,ade1bf5e-f958-4297-b055-84e9f36013a0
"-74,03725806","4,76521887",11222,458A01,Br. El Verbenal I,4,2,6,CL 188 - KR 15B,a929e867-a247-4777-a294-55317d9327ed
"-74,11473122","4,50553707",11223,058A12,Br. Tenerife,4,2,6,AK 1 - CL 91 B Sur,5a3343fb-b30c-4e2a-975c-2a77ba802600
"-74,11752254","4,518360372",11224,036A12,Br. Santa Librada,4,2,6,AV. Caracas - CL 73 Sur,aaaa9322-9584-44b7-9785-967d5b8316ea
"-74,11754979","4,520918195",11225,034A12,Br. El Recuerdo,4,2,6,AV. Caracas - CL 71C Sur,3af71319-7f5f-460c-9b3c-3d096187f00c
"-74,11944773","4,526744932",11226,030A12,Br. Santa Marta,4,2,6,AV. Caracas - CL 68A Sur,3a1d934f-3528-4dd3-8aad-e4bab0fb4a2f
"-74,11961982","4,526694338",11227,029A12,Br. Nuevo San Andrés,4,2,6,AV. Caracas - CL 68A Sur,d3222b8e-d457-4464-b28e-5be8fdf9f064
"-74,11766923","4,518408566",11228,035A12,Br. Santa Librada,4,2,6,AV. Caracas - CL 73 Sur,0f898f66-f750-4e37-97cf-8e77bc825ff7
"-74,14547542","4,712186965",11229,212A05,Br. El Mirador,4,2,6,KR 122 - CL 63A,d044f062-f08a-4d62-96c4-0fffbec7fd59
"-74,15050949","4,603304269",11230,415A09,Br. Moravia,4,2,6,CL 45 Sur - KR 72J,1e3aa908-358b-4ced-b5ce-2acf41238e97
"-74,14110565","4,714348385",11231,222A05,LA ESPERANZA,4,2,6,KR 121 - CL 64B,2c2b5541-3eb3-46a6-b6e2-911ef9f02978
"-74,08804587","4,678944919",11232,302A05,Br. Bellavista Occidental,4,2,6,KR 68F - CL 71,4014c4bb-2a3c-49b0-baf3-f93f2d8670ce
"-74,14286657","4,55293878",11233,302A11,IED Compartir Recuerdo,4,2,6,DG 65A Sur - KR 18,7f76c841-ab6c-43f8-91a2-64fbdd89aa2d
"-74,15290867","4,545848813",11234,148A11,Br. Los Andes Sector V Nutibara,4,2,6,KR 20 - CL 70L Sur,632634fe-c5bb-4ded-ad4a-0e514843441c
"-74,15368239","4,546150205",11235,147A11,Br. Los Andes Sector V Nutibara,4,2,6,KR 20 - CL 70L Sur,e9bd8613-71b6-4379-b77a-cdcb911b499f
"-74,15215102","4,545694649",11236,573A11,Br. Los Andes Sector V Nutibara,4,2,6,KR 19D Bis - CL 71 Sur,83d71da4-a95e-4877-a00c-fdd7ec22797b
"-74,15110774","4,545100313",11237,150A11,Br. Los Andes Sector V Nutibara,4,2,6,KR 18R - CL 73B Sur,262cf7a8-1603-48b0-8ee0-fe66334e4801
"-74,14914957","4,546848002",11238,264A11,Br. Vista Hermosa,4,2,6,DG 71B Sur - KR 18I,d2a2cc8a-b0a2-4f0a-8338-d69de735eb0e
"-74,14268609","4,552832154",11239,301A11,IED Compartir Recuerdo,4,2,6,DG 65A Sur - KR 17 N,0fbe60b7-2d46-43d0-a423-6e7cdc22fce1
"-74,17436832","4,634696872",11240,215A08,Br. Las Margaritas,4,2,6,AV. V/cio - KR 86G,eb2cc805-fd8c-4d71-aa67-b368a88b8b12
"-74,17283972","4,631829639",11241,214A08,Br. Las Margaritas,4,2,6,AV. V/cio - KR 87D,753b688a-ba54-4b43-9352-8822de5f8979
"-74,17175136","4,629781617",11242,031A08,Portal de las Américas,4,2,6,AV. V/cio - AV. C. de Cali,092a3431-64d8-456a-bab9-a3ec67054c9f
"-74,10347965","4,546553254",11243,013A12,Parque Entrenubes,4,2,6,KR 1 - CL 48 P Sur,39196639-5498-4fe9-8006-78712ddc5649
"-74,109476","4,548742",11244,266A12,Br. Diana Turbay,4,2,6,KR 5 - CL 48U Bis Sur,8eb43b09-6241-4bab-8c20-db362d364ef5
"-74,10941547","4,548693258",11245,267A12,Br. Diana Turbay,4,2,6,KR 5 - CL 48U Sur,6e86f51a-ede0-4b68-ab78-9b3bdb93b108
"-74,19113153","4,608490888",11246,225A09,Br. Piamonte Etapa I,4,2,6,CL 68A Sur - KR 80K,c063748c-8ee5-4005-b66c-3a12a8a898f0
"-74,19844452","4,610787625",11247,190A09,Br. Grancolombiano II Sector,4,2,6,KR 81 - CL 73A Sur,e6d3869c-17d5-46fe-a0c6-74553838e649
"-74,20265653","4,61032258",11248,151A09,Br. Los Laureles,4,2,6,CL 75 Sur - KR 80M,0afa5411-e933-4fde-b594-4261f09a67aa
"-74,19852752","4,610720703",11249,189A09,Br. Grancolombiano II Sector,4,2,6,KR 81 - CL 73A Sur,12dcd4ed-4941-4a7a-8516-1c3a6f6685df
"-74,19405816","4,6097758",11250,203A09,Br. Piamonte Sector II,4,2,6,KR 81 - CL 70 B Sur,b1c4ec5b-2905-4cde-a220-18c7d0012487
"-74,0937657","4,573590504",11251,094A13,Br. Calima,4,2,6,KR 8 - CL 21A Sur,b6bc3b74-967d-47fd-a81e-2920b6ad16ec
"-74,09605592","4,571196621",11252,095A13,Br. 20 de Julio,4,2,6,KR 8 - CL 26 Sur,e897c642-0e9f-493b-943e-e9681ecf03d0
"-74,09220409","4,571842929",11253,211A13,Br. Granada Sur,4,2,6,KR 6 - CL 21A Sur,c64738d2-26b0-44a5-948f-f91125349e9d
"-74,15918945","4,614780655",11254,516A09,Br. El Palenque,4,2,6,CL 42 Sur - KR 78D Bis,4548515a-fe88-411c-81a5-64a08c87743f
"-74,12592981","4,712316589",11255,089A04,Villa Amalia,4,2,6,KR 110G - AC 72,45b4aa3b-076b-42c1-9c25-6436da5c5988
"-74,12617618","4,713671353",11256,092A04,KR 111C,4,2,6,CL 72F - KR 111C,0b945697-5361-4f67-b7d8-26c143f52528
"-74,12520441","4,715098855",11257,094A04,Cl 74B,4,2,6,KR 112 A - CL 74B,f9fbd02d-ebf4-417e-9edc-be241d50fa3c
"-74,1225418","4,717268738",11258,096A04,CAI Villas de Granada,4,2,6,KR 112 A - CL 77C,86ffb2f3-0375-4cf1-b362-4686d3e272dc
"-74,12126012","4,719809086",11259,100A04,Br. Villas de Granada,4,2,6,CL 79 - KR 112F,5d3eab2e-e7a0-49d2-a3d3-9bd169d0f670
"-74,12586908","4,712641156",11260,090A04,Cl 72 C,4,2,6,KR 110G - CL 72C,ca11b6e1-ae86-4794-8694-8cb6a42e1f71
"-74,06914738","4,609356063",11261,111A00,C.C. Terraza Pasteur,4,2,6,CL 24 - KR 5,6ccebd3c-8857-4ec7-9996-b8fc31186b2d
"-74,06718922","4,608127455",11262,113A00,Br. Las Nieves,4,2,6,CL 24 - KR 4,19ccfbda-ecb3-4414-841e-2ae82d0365ff
"-74,09804042","4,713225456",11263,029A04,Br. Quirigua,4,2,6,AC 90 - KR 91,543ce80c-4440-4ef5-9193-937e7efd5152
"-74,11342161","4,615068289",11264,050A07,IED el Jazmín,4,2,6,TV 42 - CL 3B,ca707fd8-3c2e-4a7d-b4ab-9050cdf4071e
"-74,11002064","4,616482184",11265,375A07,Urb. La Primavera,4,2,6,TV 42 - CL 4B,88fe7509-1d49-4d30-b161-2fe4521765bc
"-74,10716321","4,617671232",11266,049A07,Br. Primavera Occidental,4,2,6,TV 42 - CL 5B,0b23cefe-e15a-4efe-8d20-08020c01b8f8
"-74,06742422","4,612317142",11267,663A00,Plaza de Toros La Santamaría,4,2,6,KR 5 - CL 26,c20f5afa-3d25-412d-916e-5ce1dc5813e3
"-74,04197668","4,750033426",11268,220A01,Br. Toberín,4,2,6,AC 170 - KR 19A,b6bb07d5-b45b-4bd0-9525-3b9e1498b4c7
"-74,0278137","4,739564078",11269,102A01,Br. San Cristobal Norte,4,2,6,CL 163A - KR 8C,2ff7e70b-3a57-4dd6-bf6b-01584d1979c1
"-74,10782982","4,55041648",11270,015A12,Br. Los Molinos II Sector,4,2,6,CL 48Q Bis Sur - KR 4,dede504f-77f6-41d9-a036-c44507753d24
"-74,105629","4,548831256",11271,017A12,Br. Los Molinos II Sector,4,2,6,CL 48Q Bis Sur - KR 2B,97f0a03c-f5ce-4f87-896d-23a7d4277d64
"-74,13120844","4,580852288",11272,153A10,Br. El Claret,4,2,6,KR 26 - CL 48A,3b06c4f8-0573-48f9-9dee-946f622b8f09
"-74,14559765","4,562768437",11273,318A11,Br. Las Acacias,4,2,6,CL 64 Sur - KR 20,0f7b49bd-f4e7-4ca6-822a-213bf57adba1
"-74,07796541","4,590294205",11274,633A00,Archivo Distrital,4,2,6,AC 6 - KR 5,4beddbb4-1ddd-4a94-9543-45fd2a919750
"-74,18392031","4,629381492",11275,144A08,Central Telefonica Holanda,4,2,6,KR 88C - CL 54 Sur,213552ce-3af0-429b-86d9-7a6c501a4be6
"-74,18335398","4,629536736",11276,143A08,Br. Brasilia,4,2,6,KR 88C - CL 53A Sur,1decef38-0e57-4e4e-8fcf-af29b254f6f6
"-74,17997115","4,631031036",11277,097A08,Br. Las Margaritas,4,2,6,KR 88C - CL 49D,4c762daf-875e-4391-a1df-0fe5e7bfd583
"-74,17776807","4,62953987",11278,540A08,Finca La esperanza,4,2,6,CL 49 Sur - KR 87A,6c55a7f8-2eaa-4b73-85fe-474ed1b5127b
"-74,09015948","4,551612353",11279,038A13,Br. Bellavista,4,2,6,AV. V/cio - CL 38 Sur,e46f9d88-8fef-466e-85f0-d93b840fca62
"-74,09011812","4,551263479",11280,037A13,Br. Bellavista Sur,4,2,6,AV. V/cio - CL 38 Sur,f7ad3bdc-f7ad-49a1-8795-88c30c81e89a
"-74,08904435","4,548515807",11281,039A13,Pq. La Herradura,4,2,6,AV. V/cio - CL 41A Sur,4dee7d4f-e2ce-41c1-a877-d2a28af2bd5b
"-74,08889479","4,54835556",11282,040A13,Pq. La Herradura,4,2,6,AV. V/cio - CL 41 Sur,04edd4e7-3b11-43a0-af0a-73f9812367be
"-74,04034362","4,740022221",11283,073A01,Br. Estrella del Norte,4,2,6,AC 161 - KR 16C,76c3359b-6c0c-47c6-9661-e9ee6b0e1b58
"-74,03241425","4,748458475",11284,025A01,Colegio de la Salle,4,2,6,AC 170 - KR 12,d6db48ba-b52c-4a84-8283-e318efbdbee7
"-74,10582077","4,548740025",11285,014A12,Institulo Los Ángeles,4,2,6,CL 48Q Bis Sur - KR 2B,9ae25983-b5f4-45be-ba14-7ef61e6e70e0
"-74,03793678","4,760301713",11286,148A01,Urbanización Terraza de San Antonio,4,2,6,AC 183 - KR 16,0034e32c-1ade-4c75-94ff-39c71448efa3
"-74,08700327","4,564802045",11287,009A13,IED Tomás Rueda Vargas,4,2,6,KR 5 E - CL 26 Sur,9b161599-1cab-4c44-b57d-728e378176c5
"-74,08590503","4,56844105",11288,007A13,Br. San Blas,4,2,6,KR 3 E - DG 20A Sur,8bb44bde-2d33-4e1e-87af-098437a4546c
"-74,0858983","4,568619059",11289,006A13,Av. La Victoria,4,2,6,KR 3 Este - CL 22 - 61 Sur,33b6742f-e910-47a0-bb44-430adf453180
"-74,08709653","4,564828901",11290,008A13,IED Tomás Rueda Vargas,4,2,6,KR 5 Este - CL 26 Sur,565f7c44-816b-4893-850f-eaf20902daf7
"-74,06960888","4,718290265",11291,067A02,Br. Las Villas Sector II,4,2,6,CL 129 - AV. Villas,5bb96dcd-76d0-4395-8b09-9046957e6d0e
"-74,10852905","4,550184836",11292,438A12,Br. Los Molinos II Sector,4,2,6,KR 5 - CL 48Q Sur,5d7aada4-9cfb-4429-9b7c-6c21178bbeb9
"-74,12473876","4,715545216",11293,093A04,Br. Villas de Granada,4,2,6,KR 112A - CL 75B,0456366c-4f5d-40af-ba52-9b1377359b18
"-74,19491479","4,641789015",11294,291A08,Br. El Corzo,4,2,6,CL 56F Sur - KR 102B,bcf3e05b-138e-487f-a4e2-ef9afb546d16
"-74,19156511","4,635756244",11295,353A08,Br. El Anhelo,4,2,6,CL 56F Sur - KR 94C,70786b19-6d10-43bb-acb0-0a12a537205a
"-74,19067591","4,634568222",11296,281A08,Br. Villa Esmeralda,4,2,6,CL 56F Sur - KR 93C,4963d1f8-a1a1-4fc7-82b9-b61b8190cf42
"-74,19026623","4,633564663",11297,282A08,Br. La Cabaña,4,2,6,CL 56F Sur - KR 93C,a0b5bdc5-1d3b-4ed1-afcc-ccdf2a70998c
"-74,17881845","4,63164138",11298,096A08,Br. Brasil II Sector,4,2,6,KR 88C - CL 49A Sur,fd49489b-1566-4747-8dae-569991dccaba
"-74,17039951","4,614132405",11299,134A08,Br. Casablanca I,4,2,6,KR 79 - CL 51A Sur,291f83e1-5f69-44e8-8d8c-e251503f8e79
"-74,16971977","4,642416186",11300,410A08,Br. El Paraíso,4,2,6,KR 91 A - CL 38 B Sur,e8c4b9c6-5f27-4594-8bb5-e11ff8a6fb0e
"-74,16951718","4,642429724",11301,409A08,Pq. El Rosario,4,2,6,KR 91 A - CL 38A Sur,fc957fdb-0f90-43e9-90fe-418e8229ae2e
"-74,1679029","4,641031015",11302,609A08,Br. El Paraíso Bosa,4,2,6,CL 38 Sur - KR 89C,6c885e6f-f74a-4f05-a935-ff54351cb972
"-74,15751145","4,625642023",11303,186A08,INEM Kennedy,4,2,6,CL 38 C Sur - KR 79,48f65166-b629-4b25-9c95-0d5593dbd751
"-74,1556385","4,605300437",11304,386A09,Br. Santa Catalina,4,2,6,CL 45 Sur - KR 72V,7caceb05-b291-44c8-93ba-184a56428844
"-74,15553484","4,605024393",11305,385A09,Br. Boitá,4,2,6,CL 45 Sur - KR 72V,b7f14169-14df-46e8-b8b1-824a5309965a
"-74,15300173","4,631326854",11306,064A08,Estación Banderas,4,2,6,AV. De las Américas - KR 79A,261aa086-4d7c-4763-b7be-a29b8958bd35
"-74,15140407","4,626371705",11307,189A08,Br. Ciudad Kennedy Norte Supermanzana 9B,4,2,6,KR 78K - CL 35-15 Sur,7b3b2e0d-2289-48a6-9b86-fe8bd424d661
"-74,11232414","4,506755096",11308,024A12,Br. Gran Yomasa,4,2,6,CL 84 Sur - KR 9A,f2f902c7-bb4c-48d0-9c0b-8720df6e9e7a
"-74,11217289","4,506511248",11309,023A12,Br. Chuniza I,4,2,6,CL 84 Sur - KR 10,92e77ca4-54cd-4501-b678-37a7d6804705
"-74,10946213","4,506731028",11310,026A12,Br. Gran Yomasa,4,2,6,CL 84 Sur - KR 8,85a3e2ce-2aae-4ea2-af1d-f02de4876fa4
"-74,10937284","4,506509386",11311,025A12,Br. Chuniza I,4,2,6,CL 84 Sur - KR 8,40176fc4-505c-41e2-8067-b3b9d077ac79
"-74,10785834","4,680858061",11312,192A05,CAI Villa Luz,4,2,6,KR 77A - CL 63F BIS,5f89ab4f-52e8-4c2c-b714-7b40323aa871
"-74,10663428","4,506493559",11313,057A12,Br. El Líbano,4,2,6,CL 84 Sur - KR 3A,233f52e4-c4b8-485b-a720-5a2835fd973c
"-74,10623857","4,500934222",11314,049A12,Br. Charalá,4,2,6,KR 5 Este - CL 90 Sur,c9526f14-0ed4-48ac-8535-f7e22e9407a6
"-74,10588695","4,50670938",11315,056A12,Br. Gran Yomasa,4,2,6,CL 84 Sur - KR 1,37da1e90-1761-4182-9d61-cd04fc34d58d
"-74,10559506","4,50167022",11316,421A12,Br. La Reforma,4,2,6,KR 1 - CL 88B Sur,71cfd28a-c7da-42ec-9705-96c1b7034382
"-74,10458743","4,50429798",11317,051A12,Br. Chicó Sur,4,2,6,KR 1 - CL 89C Sur,26552771-7bd8-42e7-917f-39293584ae2e
"-74,10434428","4,504288782",11318,050A12,Br. Chapinerito,4,2,6,KR 1 - DG 82A Sur,b54cd11e-48ed-4cbe-a34e-e87db86168e1
"-74,1018462","4,688591796",11319,188A05,IED Manuela Ayala de Gaitán,4,2,6,KR 77A - CL 69A,d4779ce1-dfbb-4ceb-b991-a44dac589193
"-74,09052146","4,559286172",11320,012A13,Atenas,4,2,6,KR 4 Este - CL 31A Sur,50fa2692-bc76-4e19-9415-4b3f1e5d299a
"-74,09019729","4,753714482",11321,020A03,Br. Tuna Baja,4,2,6,AC 153 - KR 103,785ecfec-8e2b-43f2-996f-3e83eeefe76a
"-74,08961682","4,560984478",11322,523A13,Br. Santa Inés Sur,4,2,6,KR 4 E - CL 30B Sur,5796667d-93f8-4963-ba65-549890c1d691
"-74,08798442","4,550197746",11323,042A13,Pq. Bellavista,4,2,6,AV. V/cio - CL 39 Sur,13b447f8-0440-44a3-b466-8d297b1140d5
"-74,04512618","4,68643419",11324,191A01,Br. Rincón del Chicó,4,2,6,AK 9 - CL 102,cdf0f907-1e79-4e1d-8017-19343b6a97cd
"-74,03704465","4,74920163",11325,646A01,Br. La Alameda,4,2,6,AC 170 - KR 15,5fbbc017-1ec3-4aca-805c-83229da7dabc
"-74,03284694","4,760402331",11326,130A01,Br. Verbenal San Antonio,4,2,6,AC 183 - KR 10,11622d0a-cc53-4e90-b89f-d76bda922f09
"-74,03222695","4,760270887",11327,131A01,Br. Verbenal San Antonio,4,2,6,AC 183 - KR 9A,5eba08dd-bb5b-4271-b0e7-ced75fcf037c
"-74,19779557","4,623515078",11328,258A09,Desarrollo Recuerdo,4,2,6,KR 88C - CL 70 B Sur,f88c8877-b3a4-47f4-bc10-f8b7bb9bb92f
"-74,19129886","4,62223887",11329,293A09,Br. Villas De Valero,4,2,6,KR 87C - CL 62C Sur,28088ecf-90b9-4204-8534-121bba3ca308
"-74,11838315","4,552479406",11330,129A12,Br. Molinos del Sur,4,2,6,DG 50 Sur - KR 5P,92d8b52c-b950-4b0c-847d-27bf8f00bea1
"-74,13165412","4,567350509",11331,452A11,Br. San Carlos,4,2,6,DG 51 Sur - KR 18C,2edd62dd-4f24-48b5-abd3-c4b95e621dc9
"-74,07091808","4,645042203",11332,267A00,Br. San Luis,4,2,6,AC 57 - KR 20,1d72d7ef-a79d-47f4-be99-012ded081f67
"-74,11117977","4,683609808",11333,313A05,FETA,4,2,6,TV 85 - CL 64A,d0d4a696-cd9f-4103-a306-385543c0a59b
"-74,06478276","4,643820922",11334,638A00,Avenida Caracas,4,2,6,AC 57 - KR 13,0f5c82c6-815e-4700-ada4-ad9254c17519
"-74,10846223","4,738796059",11335,162A03,Br. La Gaitana,4,2,6,CL 131A - TV 124A Bis,87c9f587-0442-4283-86b0-bccf4f952285
"-74,09739069","4,713555577",11336,067A04,Plaza de Mercado Quirigua,4,2,6,KR 91 - AC 90,a05d0d8b-d7ae-4651-99fe-a3eb8d752637
"-74,11360878","4,702211349",11337,056A04,AC 72,4,2,6,AK 96 - AC 72,0ca12a83-53ef-40a5-9b05-a734a4798c84
"-74,11932735","4,69359043",11338,056A05,Los Ángeles,4,2,6,AK 96 - CL 65,26c44f9c-620b-41f9-8b2c-abfb7954e133
"-74,11915414","4,688084246",11339,095A05,Pq. Empresarial El Dorado,4,2,6,TV 93 - AC 63,f339f903-8915-4d2d-8fd3-b3ce838fbbce
"-74,12379282","4,685669386",11340,058A05,Patio Único Particular,4,2,6,TV 93 - AC 26,80c5efd1-df32-48a1-bf2e-8d878e14ea7b
"-74,09928353","4,586556918",11341,405A11,Br. Restrepo,4,2,6,DG 12 Sur - KR 17,a87a5a67-9ede-4ce6-8f1e-0a0b37c20312
"-74,1065625","4,738552399",11342,163A03,La Gaitana Oriental,4,2,6,CL 132 - KR 123B,082c5f23-f0d4-4537-8104-2a11fa2a87fd
"-74,14403844","4,58830961",11343,243A10,Br. Nuevo Muzu I Sector,4,2,6,DG 52 Sur - KR 54B,da308e7b-dd05-4193-adf9-8d2508bb3c63
"-74,1170566","4,591081514",11344,023A10,Br. Eduardo Frei,4,2,6,KR 30 - DG 30B Sur,efe38978-fa94-4c54-ac49-e1f70e8eaab5
"-74,11335429","4,593760542",11345,024A10,Br. Santander Sur,4,2,6,KR 30 - CL 27 Sur,00ee901d-0fe5-4d0f-9de3-b0ef940d8175
"-74,1103898","4,595839598",11346,039A10,Br. La Fragua,4,2,6,KR 30 - CL 17 Sur,69747e59-2937-4249-bfc6-df8de09f18fe
"-74,08529895","4,616570061",11347,615A00,Pl. Paloquemao,4,2,6,AK 27 - AC 19,455dea7c-f1fb-4a98-b3f3-70752493c7fb
"-74,11199708","4,595014704",11348,025A10,SENA,4,2,6,KR 30 - AV. 1 de Mayo,3f05711e-bcfb-44d8-bfb0-a253ba3943eb
"-74,11374419","4,593727914",11349,371A10,Br. Eduardo Frei,4,2,6,KR 30 - CL 27A Sur,9292d858-e7cd-430d-8352-9e1ceb603ced
"-74,11737942","4,591114356",11350,022A10,Br. Eduardo Frei,4,2,6,KR 30 - DG 32 Sur,015940f6-19ed-44f8-8152-c980a1d3504e
"-74,0752525","4,631167093",11351,165A00,Br. La Soledad,4,2,6,AK 24 - CL 40,f9a53ad1-26bb-4c17-8cbc-a32b971aeb93
"-74,07556724","4,627283947",11352,163A00,Br. La Soledad CL 39,4,2,6,AK 24 - CL 37,c5d67569-0801-4640-a6f2-1ae3201e43db
"-74,07364519","4,624333923",11353,621A00,Parkway,4,2,6,AK 19 - AC 34,7d07766e-c505-4331-a056-1af002b4f5bc
"-74,12509074","4,569650596",11354,002A12,San José Sur,4,2,6,AV. Caracas - CL 46 Sur,5c897596-cde7-471c-8ae0-5195f3ecfe51
"-74,12840408","4,744327101",11355,139A03,Santa Rita de Suba,4,2,6,CL 138 - KR 158B,57eca7ce-cefe-4fcd-ac96-aa4cfcbcbfed
"-74,14745204","4,60217957",11356,417A09,Br. San Andrés,4,2,6,TV 72D - CL 43 Sur,9b5dd7dd-95d1-44b3-8117-ba4d9e865346
"-74,18934774","4,632201447",11357,630A08,Urb. Caldas,4,2,6,CL 56F Sur - KR 89B,335a5b44-6759-4652-9da3-5195a44f6677
"-74,14634354","4,673390403",11358,166A06,Centro Fontibón,4,2,6,CL 17 - AK 100,7dbb067a-d7b4-4ec1-858a-015d9a9593ef
"-74,10353811","4,752302109",11359,134A03,Urb. La Fontana,4,2,6,KR 115 - CL 147A,b2831101-fdf9-43b3-ab47-a268e1b4432f
"-74,10336854","4,752778193",11360,133A03,Br. La Fontana,4,2,6,KR 115 - CL 147 A - 09 / 15,a355b293-0290-4860-99af-932cb74b7af4
"-74,15943649","4,551614537",11361,131A11,IED Paraíso Mirador,4,2,6,KR 27B - CL 71F Sur,c0d4d87d-481a-48ac-84ff-0e77d3e7800f
"-74,10284641","4,488607695",11362,169A12,Br. Nuevo Porvenir,4,2,6,CL 105A - KR 7A Este,e355bb87-0765-4b6a-99bb-c577ec1f55f8
"-74,10391898","4,488869663",11363,375A12,Br. Nuevo Porvenir,4,2,6,TV 6F Este - CL 105A Sur,57a92a71-0d89-49c6-9b84-cba23c62b90a
"-74,03477106","4,764275285",11364,434A01,Br. Verbenal San Antonio,4,2,6,CL 187 - KR 14,2e29baee-fe6c-4258-a95e-9a5dfeae780e
"-74,02305902","4,767411572",11365,564A01,Br. Balcones de Vista Hermosa,4,2,6,KR 2 - CL 190A,73ffb649-d28b-43a0-9f6a-477d73707454
"-74,02281199","4,765206959",11366,452A01,Br. La Estrellita I,4,2,6,KR 2 - CL 188,476b8e70-0fa0-426d-a878-d01bc5dd8e6a
"-74,02271629","4,765285443",11367,455A01,Acueducto,4,2,6,KR 2 - CL 188,52b4d3f8-0b07-4d30-8bb6-d3d9fcdcd5f8
"-74,02280683","4,766320436",11368,565A01,Br. Balcones de Vista Hermosa,4,2,6,KR 2 - CL 189 Bis,3a85d23d-1bdc-4100-9b90-6cb924b4adc5
"-74,02594895","4,766604608",11369,471A01,IED Nuevo Horizonte,4,2,6,KR 5B - CL 189B,72263db0-78c3-4741-a29d-a23d0cae72d6
"-74,02617251","4,765406369",11370,473A01,Br. Buenavista,4,2,6,Kr5D - CL 188B,7e6015c6-f60d-48f0-8bc7-f9464f8e5617
"-74,02730071","4,765892184",11371,469A01,Br. Buenavista,4,2,6,KR 6A - CL 188C,7632a46c-8619-455b-b281-620bbcd8f527
"-74,03395644","4,764996777",11372,517A01,Br. San Antonio Norte II Sector,4,2,6,CL 188 - KR 12A,ddb28546-e616-4183-b8a9-be42aa97c9e9
"-74,10686912","4,499101094",11373,052A12,Br. La Reforma,4,2,6,KR 5 Este - CL 91 Sur,078f9596-abf7-4e50-bcd3-4eaf5b915d79
"-74,10255252","4,488608912",11374,168A12,Br. Puerta al Llano,4,2,6,CL 105A - KR  7A Este,07ac1f63-0bf5-4ab1-9fae-8ca1065396c5
"-74,10163768","4,48731649",11375,170A12,Br. Puerta al Llano,4,2,6,KR 7C Este - CL 107 Sur,95401891-6806-4a4c-9c35-c931d6de056b
"-74,11650073","4,501744434",11376,063A12,IED Monteblanco,4,2,6,AK 1 - CL 94A Sur,fa8ac5fe-fe01-4751-a9c8-4f573395e2d9
"-74,11677937","4,501738425",11377,062A12,IED Monteblanco,4,2,6,AK 1 - CL 95 Sur,3b90effb-5b0e-409e-9442-de9f4a896ba1
"-74,13246867","4,682136922",11378,330A06,Br. San José De Fontibón,4,2,6,DG 24C - KR 99,24b81e96-02e6-4287-814c-0490d32a6e41
"-74,14199347","4,714537367",11379,111A05,Unidad Médica Emaus Hospital Engativá,4,2,6,CL 64 - KR 121,c76f8252-6696-4f12-acc5-4c941c45a901
"-74,14558013","4,606143092",11380,037A09,Parque Los Urapanes,4,2,6,CL 40 Sur - KR72G,223ac635-affc-4d63-b7bc-ade6b0d6c53d
"-74,08919361","4,677000627",11381,296A05,Br. Bellavista Occidental,4,2,6,CL 69 - KR 68C,d9d378e9-1f31-418d-b2b8-b5129d30a421
"-74,08799909","4,675656386",11382,301A05,Br. Bellavista Occidental,4,2,6,CL 68B - KR 68A,98f317d1-3a06-458a-b28e-e18b1ff35806
"-74,12577012","4,560442157",11383,422A11,IED Rufino Jose Cuervo,4,2,6,CL 53 Sur - KR 12A,c8d98182-4df7-4b3a-8510-b47b4a720cda
"-74,13193914","4,706409192",11384,469A05,Br. El Porvenir,4,2,6,CL 68A - KR 111C,b73dda2e-e414-4880-a44a-b6ebbe14ec49
"-74,15465282","4,54787191",11385,146A11,IED Brisas Del Volador,4,2,6,KR 20 - CL 70D Sur,43599019-4e62-4f5d-b912-0efbf3fcdab5
"-74,15480125","4,547978527",11386,145A11,IED Brisas Del Volador,4,2,6,KR 20 - CL 70D Sur,1548f176-ad2f-4bea-8087-8c7807a3d6c4
"-74,18488557","4,632816274",11387,147A08,Br. El Porvenir III Sector,4,2,6,AV. Tintal - CL 53B Sur,24d38680-4a37-400a-8a92-9e3293c15807
"-74,18776529","4,631650349",11388,082A08,Desarrollo Holanda II Sector,4,2,6,AV. Tintal - CL 54H Sur,0a62fb81-90a0-434f-9848-276f988115e2
"-74,18780764","4,63153866",11389,579A08,Br. El Portal del Brasil,4,2,6,AV. Tintal - CL 54G Sur,01557fdc-34fa-4511-8d5b-4c5ae18473c1
"-74,18301925","4,633472572",11390,081A08,Br. Villa de los Comuneros,4,2,6,AV. Tintal - CL 51A Sur,97d6d685-a6ab-4f5b-8b20-b1715048f8a8
"-74,098515","4,551544826",11391,160A13,Br. San Martin de Loba,4,2,6,KR 1A - CL 41 Sur,886f083f-31be-4fd6-92d2-4f9a52b1ee73
"-74,10058905","4,54923147",11392,158A13,Quebrada La Chiguaza,4,2,6,KR 1A - CL 43A Sur,1ee268c6-ba0d-4fee-9c7d-c34c2b02fb46
"-74,11832364","4,691787535",11393,231A05,Br. Los Álamos Sector Industrial,4,2,6,CL 65 - KR 95-14,4ed5ae79-d953-4d0d-98a8-98626b14479e
"-74,12662455","4,560195386",11394,352A11,Br. Tunjuelito,4,2,6,CL 54 Sur - KR 12A,97e103ed-fc42-4331-9c45-bf3b82aad970
"-74,12537263","4,558768923",11395,361A11,IED Rufino José Cuervo,4,2,6,CL 53A Sur - KR 11A,68c4a88a-4bd1-414f-afd6-2d7edb1a7d61
"-74,10129032","4,548374623",11396,410A13,Br. La Península,4,2,6,TV 1 Bis - CL 47 Sur,917bf327-783f-4a1b-b231-62b17620ad6d
"-74,10060921","4,549066447",11397,157A13,Quebrada La Chiguaza,4,2,6,KR 1A - CL 43A- 24 Sur,1a905f5d-944b-43f2-a30c-2cd95fee3a71
"-74,09858202","4,551298952",11398,159A13,Br. San Martin,4,2,6,KR 1A - CL 41 Sur,f8febc22-3115-4646-bf14-01c303c02cd7
"-74,08093112","4,593444767",11399,657A00,Estación Bicentenario,4,2,6,KR 9 - CL 6A,0edd35cd-c354-421f-8b9b-cb13bc188c63
"-74,12582869","4,741826356",11400,124A03,Br. Santa Cecilia,4,2,6,CL 132D - KR 156,e0f4317f-0baa-4b1f-9846-7a3bc2ae197f
"-74,0986746","4,558432495",11401,029A13,Br. Las Guacamayas,4,2,6,AV. V/cio - KR 3G,ba40182f-0a99-4aba-9223-b58234e6b587
"-74,09870436","4,560617079",11402,030A13,Br. Villa de Los Alpes,4,2,6,KR 3B - CL 36 BIS Sur,244de5f2-8722-44a6-a665-cc79b5bad463
"-74,09448886","4,565336133",11403,025A13,IED Javier Matiz,4,2,6,KR 3 - CL 30A Sur,f74bbcd2-5277-4913-8898-e0c040107102
"-74,06694479","4,644355251",11404,263A00,IED Manuela Beltrán,4,2,6,AC 57 - KR 15,fb3e991d-9540-408e-b05d-2f16d825b445
"-74,15861752","4,618473853",11405,424A08,Pquia. Santa Margarita,4,2,6,TV 78J - CL 41C Sur,4c3d7783-87d1-45ff-8c6a-906c5fe3fae8
"-74,15914677","4,614563929",11406,515A09,Br. Timiza,4,2,6,CL 42 Sur - KR 78D,79c58246-3acb-438c-98f1-7f60fd6a9098
"-74,07118314","4,610497706",11407,190A00,Estación San Diego,4,2,6,CL 24 - AK 10,e8d8574d-05dd-4a3b-a581-31a7c84c2280
"-74,08092998","4,753438023",11408,036A03,IED Tuna Alta Sede C,4,2,6,KR 92 - CL 156,7feced07-597f-4e77-b596-b63a8bd92ab6
"-74,02923853","4,769896634",11409,343A01,Br. Tibabita,4,2,6,CL 193 - KR 8,8ff139aa-ac2f-445a-a163-f7b68ddf7f4b
"-74,03112918","4,766582559",11410,463A01,Br. Canaima,4,2,6,AK 9 - CL 189A,bc48a02e-b8ae-4d08-9160-662ef262658a
"-74,03103353","4,766718343",11411,464A01,Br. Tibabita,4,2,6,AK 9 - CL 189A,dcc8fd9f-fa06-492a-90de-be1886e3280f
"-74,03485247","4,74851911",11412,026A01,Villas de Aranjuez,4,2,6,AC 170 - KR 14,c0af207d-ad57-4e2a-9f24-13d7ff59a030
"-74,02322255","4,746826274",11413,152A01,Br. Santa Teresa,4,2,6,CL 170 - AK 7,120fc9c0-5533-4203-93d0-d18000375512
"-74,08009354","4,755281532",11414,033A03,Br. Salitre Suba,4,2,6,KR 92 - CL 158,faf14914-2213-4f87-90ea-de28e9ef6fdd
"-74,13239094","4,579907051",11415,148A10,Br. Claret,4,2,6,DG 51A Sur- KR 25,75862fad-f80a-4b19-846c-54feab40e1c2
"-74,10790201","4,550674012",11416,018A12,Br. Los Molinos II Sector,4,2,6,CL 48Q Bis Sur - KR 4,75599bc1-7695-442a-8176-580661633b3e
"-74,11372455","4,635717901",11417,235A06,Coodecafec,4,2,6,KR 65 - CL 14,28731203-1452-45f9-9802-a0546dc2bbd7
"-74,11452491","4,638812413",11418,263A06,Carrera 68,4,2,6,AC 17 - KR 65B,aa89571e-9860-435b-a30c-bc8b5ba2c593
"-74,14937548","4,677155536",11419,064A06,Br. Belén Fontibón,4,2,6,CL 17 - AK 106,1ef3553e-e949-4d99-80db-9df577e1a864
"-74,15066554","4,679016174",11420,164A06,Br. Belén Fontibón,4,2,6,CL 17 - KR 109,4c441ab9-71e9-4a7d-8eac-2a4a260c9d65
"-74,15270396","4,680501655",11421,160A06,Br. Villa Carmenza,4,2,6,CL 17 - KR 112,db583651-2eb0-4d4b-ba3c-fe6b8803cd1c
"-74,149469","4,559155",11422,297A11,Br. Millán,4,2,6,DG 68 Sur - KR 19C,99d81701-a397-4a91-bc1d-154118ba3e05
"-74,14404031","4,562563027",11423,322A11,Br. Las Acacías,4,2,6,KR 19G - CL 62 Sur,3c4ac24a-43f6-4447-84a2-713a9de0f182
"-74,14658268","4,566317786",11424,313A11,IED San Francisco,4,2,6,CL 64 Sur - KR 22A,f6fc8866-5902-4dae-b942-99a83ebf3e05
"-74,17845617","4,631279099",11425,627A08,Desarrollo Brasilia I Sector,4,2,6,CL 49 Sur - KR 88,f0e66a46-677c-4962-b045-36cf6d630f0a
"-74,18625533","4,628235533",11426,100A08,Br. Holanda I Sector,4,2,6,KR 88C - CL 54F Sur,8fa9642b-ba72-436d-b375-7a2866b15062
"-74,1814384","4,630391032",11427,099A08,Desarrollo Brasilia I Sector,4,2,6,KR 88C - CL 51A Sur,506241ab-5581-4978-969f-906cffe83ede
"-74,11611581","4,743536564",11428,281A03,Parque El Nogal,4,2,6,KR 140 - CL 132A,dd60204a-9ac5-4587-9a33-7ad69137b5b4
"-74,09033403","4,559350793",11429,013A13,Santa Inés Sur,4,2,6,KR 4 Este - CL 31A BIS Sur,6cc39a9e-95df-4545-9102-79d261f3bee9
"-74,103741","4,56561",11430,067A13,Br. Barcelona Sur,4,2,6,DG 36B Sur - KR 10A,75bf7cd9-ed02-49f2-b402-c4a461a832b1
"-74,103882","4,56565",11431,068A13,Br. San Luis,4,2,6,DG 36B Sur - KR 10A,a50f9d11-767d-455e-ae7b-273fe1b8da93
"-74,11216609","4,556873304",11432,070A12,Br. Callejón Santa Bárbara,4,2,6,KR 5L Bis - CL 48K Sur,5bc829a0-fb2c-437c-abee-ead99bd0ec8f
"-74,16816463","4,617604673",11433,341A08,Br. Casablanca,4,2,6,CL 47 B Sur - KR 79 C,6059fd9b-2c91-496d-ab20-45387b2fa095
"-74,07174497","4,608847778",11434,654A00,Teatro Municipal Jorge Eliécer Gaitán,4,2,6,KR 9 - CL 22,d0668e22-54ee-463f-8006-f18339f448b1
"-74,12036745","4,726181346",11435,317A04,Br. El Cortijo,4,2,6,KR 116A - CL 82,f247d136-32b5-4109-af27-2ebf6f47508d
"-74,1205339","4,726289272",11436,133A04,Urb. Quintas de Santa Bárbara,4,2,6,KR 116A - CL 81,64d263a9-87da-46dd-900d-330ae66259db
"-74,2028556","4,629049174",11437,248A09,Granja El rinconcito,4,2,6,CL 73 Sur - KR 94,4e235357-360e-4867-afb5-b8308a8b11e3
"-74,08789059","4,550168238",11438,041A13,Pq. Bellavista Sur Oriental,4,2,6,AV. V/cio - CL 39 Sur,80fa23ad-4851-46bd-a84c-0a359cd41f3f
"-74,08395071","4,548019328",11439,051A13,Bosque de Los Alpes,4,2,6,AV. Circunvalar - CL 40A Sur,9cd7116e-8bd3-494c-acb7-36b4429b20c7
"-74,0482197","4,800081008",11440,270A02,UDCA,4,2,6,AC 222 - KR 54,c3ae6063-028b-494a-82c0-ab33c324be84
"-74,04392014","4,799326548",11441,267A02,LICEO CATOLICO CAMPESTRE E-W,4,2,6,AC 222 - KR 52,be81377e-09ba-4957-b3b8-fd3b14946656
"-74,03909863","4,749665199",11442,222A01,Colegio The English School,4,2,6,AC 170 - KR 17A,40014c02-19e3-4b36-853e-9e4919d49ed7
"-74,17221332","4,643738264",11443,405A08,Br. Bellavista,4,2,6,CL 40 Sur - KR 93 B,964c98c6-c232-4dda-87f6-6db8aedb8cad
"-74,14296956","4,561844697",11444,321A11,Urbanización La Palmera,4,2,6,KR 19D - CL 62 Sur,58259ed7-30a9-42a3-8448-2150a26013d7
"-74,04784235","4,800202079",11445,271A02,UDCA,4,2,6,AC 222 - KR 55,33177f95-c771-4ad2-82bb-066a8fc5fabb
"-74,04354545","4,799021144",11446,266A02,LICEO CATOLICO CAMPESTRE W-E,4,2,6,AC 222 - KR 52,a34260bd-a059-4847-8066-e74429308d3e
"-74,04316721","4,741783569",11447,374A01,Br. las Orquídeas,4,2,6,KR 19A - CL 161A,bea64de0-f91b-4233-9855-428783099b05
"-74,02796626","4,747757668",11448,226A01,Colegio Anglo Americano,4,2,6,AC 170 - KR 8A,4b6c7852-135d-4a07-bcbe-751a3c4704fc
"-74,02467863","4,747235802",11449,151A01,Br. Santa Teresa,4,2,6,AC 170 - AK 7,0fdb6ae2-f017-4032-b0d3-b2a87b9140dd
"-74,12116129","4,719497091",11450,099A04,Carrera 112C,4,2,6,CL 79 - KR 112C,9f524a2a-4d91-4790-bd8a-1cbe0b486a6b
"-74,1073194","4,745041718",11451,074A03,CAI La Gaitana,4,2,6,CL 139 - TV 127,99a83530-ac74-4815-9744-41715d8487e7
"-74,1203325","4,721817304",11452,082A04,Br. Ciudadela Colsubsidio,4,2,6,KR 114 - AC 80,170d9022-aae4-46b9-989e-6ebc65b0a7d2
"-74,08617239","4,54834539",11453,180A13,Br. San José Sur Oriental,4,2,6,KR 11 E - CL 39 Sur,c6d63030-4349-475b-8097-93e7e1e37e1c
"-74,08633338","4,548229727",11454,179A13,Br. Altos del Poblado,4,2,6,KR 11 E - CL 40 Sur,3cba2d86-2985-46fd-84c9-502e54b5c88d
"-74,0885175","4,69332504",11455,325A04,Br. Bonanza,4,2,6,KR 71 - CL 79A,8b372224-1478-439f-b59b-5438d32d3d45
"-74,11982627","4,744234928",11456,130A03,Br. Tibabuyes,4,2,6,CL 132 D -KR 148 B,fd439397-d8e2-44ea-92b4-474ceb7da9a3
"-74,11608376","4,744546774",11457,095A03,Br. La Toscana,4,2,6,CL 132 D - KR 140B,0851aa9c-2cbf-473d-b1ef-5c5ca7dc798b
"-74,07267532","4,719468297",11458,069A02,Br. Las Villas Sector II,4,2,6,CL 129 - KR 59B Bis,62434ca8-8e2f-4c49-816f-cfc7ab9f23bb
"-74,11962909","4,744406217",11459,129A03,Br. Lisboa,4,2,6,CL 132 D - KR 149 C,b5c5d2fe-9ac9-4250-b77a-7f85d721661d
"-74,0819395","4,570185215",11460,257A13,Hospital San Blas,4,2,6,CL 16 Sur - KR 4 Este,0c77289a-8095-47b9-a7aa-a7dc1eb27974
"-74,14703551","4,673331475",11461,240A06,Hsp. Fontibón,4,2,6,KR 102 - CL 16I,6c1ad81b-f6ba-42dd-b132-84d1cfb67fa3
"-74,19141152","4,635822769",11462,294A08,Br. Villa Esmeralda,4,2,6,CL 56F Sur - KR 94C,2f396b04-b8fc-4c4d-bb40-a57f40b5f653
"-74,15747995","4,625351015",11463,426A08,INEM  Kennedy,4,2,6,CL 38C Sur - KR 79G,32990b91-2c8c-428e-99f6-80e502cc8de4
"-74,15182013","4,571381616",11464,223A11,Br. Candelaria La Nueva,4,2,6,KR 38 - CL 62B Sur,49831302-40ee-4536-9be1-f3a0f7af420b
"-74,15169485","4,571696011",11465,224A11,Br. Candelaria La Nueva,4,2,6,KR 38 - CL 62 Sur,c77aedac-3e99-4892-af9e-943f738d1ea7
"-74,13966601","4,538065911",11466,044A11,Br. Buenos Aires,4,2,6,KR 17 A - CL 78C Sur,d9c9c809-f1ec-4edf-8798-0df5ac506dd0
"-74,12501265","4,590107593",11467,317A10,C.C. Centro Mayor,4,2,6,DG 39A Sur - TV 38A,e1bfec51-041d-427f-ba54-be0be37925a0
"-74,10994368","4,678125622",11468,193A05,Br. Santa Cecilia,4,2,6,KR 77A - CL 55,a1f3667c-3ed3-4e07-b86d-60a373262d38
"-74,10856281","4,708082714",11469,340A04,Ciudad Bachué II Etapa,4,2,6,TV 94L - CL 80 Bis A,673404f2-88aa-4ee6-81f8-03e15190190c
"-74,08904404","4,562001803",11470,011A13,Santa Inés Sur,4,2,6,KR 4 Este - CL 29 Sur,1ee45b9b-6af6-430d-a025-740aef34439f
"-74,08379316","4,547932191",11471,052A13,Bosque de Los Alpes,4,2,6,AV. V/Cio - CL 40A Sur,7403831a-6f56-415d-8af6-6620576191ba
"-74,08365876","4,541557634",11472,056A13,Br. Puente Colorado,4,2,6,AV. V/Cio - CL 45 Sur,c301be5f-9ee5-430d-8418-b0690bb922b6
"-74,08365277","4,545629372",11473,053A13,Hsp. San Cristóbal,4,2,6,AV. V/Cio - CL 42A BIS A Sur,757c71ea-af25-4204-85b6-0d4b265c835b
"-74,08351816","4,545233421",11474,054A13,Hsp. San Cristóbal,4,2,6,AV. V/Cio - CL 42A Bis Sur,ca597664-dbb9-41ea-be8a-3165674e1466
"-74,07959357","4,572069642",11475,508A13,Br. San Cristóbal Sur,4,2,6,KR 10C Este - CL 11 Sur,1a4e4ce5-ed9d-4a1a-92cd-9617aa930a8f
"-74,07499055","4,589797593",11476,413A13,Hospital Centro Oriente Lourdes,4,2,6,AC 6 - KR 2A,fb5ddae7-b01b-43bc-aa7d-f945b6593888
"-74,07496529","4,589954604",11477,414A13,Hospital Centro Oriente Lourdes,4,2,6,AC 6 - KR 2A,6c46e7ed-0412-4a8d-8fdf-ac1d37044805
"-74,03897583","4,686743708",11478,139A01,Comando Reclutamiento FF.MM.,4,2,6,CL 106 - KR 8,14343440-7639-4940-bb1c-661aac2a9e71
"-74,09224655","4,554333147",11479,016A13,Br. La Victoria,4,2,6,AV. V/cio - KR 3B Este,81641ef1-4221-4cf0-a132-75ed891a05d7
"-74,18875016","4,619940271",11480,288A09,Br. Bosa Nova El Porvenir,4,2,6,TV 87A Bis A - CL 59 Sur,e1314eb6-32dc-4fea-a3fb-7c256d749224
"-74,18755517","4,622483185",11481,256A08,Br. Bosa Nova El Porvenir,4,2,6,TV 87A Bis A - CL 61A Sur,a00350f7-974e-4bb4-bc86-251cc0c77187
"-74,11255773","4,547894724",11482,246A12,Br. San Agustín,4,2,6,CL 49A Sur - KR 5B,43a12c2b-9ee7-47b7-a57d-30e688ed7c11
"-74,12849616","4,592651178",11483,318A10,Estación General Santander,4,2,6,DG 39A Sur - TV 42,5421961d-4f42-44ab-8d30-b3e7a1baaacd
"-74,11189502","4,678749621",11484,092A05,Br. Santa Cecilia,4,2,6,AC 53 - KR 78,baf9ec8b-300c-42ca-8788-c607712c526b
"-74,11216138","4,680069308",11485,270A05,Br. Santa Cecilia,4,2,6,TV 85 - CL 57,b413ecc6-fd7a-4e78-81a5-da9f56af3ee0
"-74,11219375","4,68040663",11486,269A05,Br. Santa Cecilia,4,2,6,TV 85 - CL 57,e72b30ce-7787-4695-85eb-f264297eceec
"-74,11039","4,677044",11487,089A05,Br. Santa Cecilia,4,2,6,AC 53 - KR 77C,d273e0b3-4dd0-4bcd-a6bd-f3667a0b64bf
"-74,08995584","4,657079562",11488,147A05,Bibl. Virgilio Barco,4,2,6,AK 60 - CL 61,feca460e-3c4b-4e85-9ac8-da36453ddfce
"-74,0914369","4,653824194",11489,149A05,Parque Simón Bolívar,4,2,6,AK 60 - CL 57C,e56be763-a379-4d5e-b98f-18d4b4e335c5
"-74,06705048","4,644196263",11490,264A00,IED Manuela Beltrán,4,2,6,AC 57 - KR 15,5a2fc0bd-f425-4df0-b132-07b90975f43d
"-74,10927727","4,750635965",11491,066A03,Parques del Campo,4,2,6,CL 143A - KR 128,636f74d0-bd32-4da8-a117-c839f966df21
"-74,12997783","4,687157883",11492,185A06,Veracruz Sector II,4,2,6,KR 100 - CL 25H,8b9abe26-34f3-46ed-a6d4-ad811db86c8c
"-74,10625362","4,619322273",11493,109A07,Primavera Norte,4,2,6,AC 6 - TV 42A,55e992fa-bd9f-473e-9a15-1478b9700a55
"-74,09874959","4,588028004",11494,406A11,CAI Restrepo,4,2,6,CL 13 Sur - KR 18A,86c45d5b-0639-42c0-a639-90293d64659c
"-74,11274694","4,702143189",11495,057A04,C.C. Diver plaza Alamos,4,2,6,AK 96 - CL 72A,697c6e12-df4f-428e-8733-e278241d207d
"-74,11037979","4,596156925",11496,038A10,Br. Sultana,4,2,6,KR 30 - CL 17 Sur,94f0fb22-9450-40ec-9eb7-d8fd0ca94ae8
"-74,07231617","4,620924318",11497,136A00,Br. Teusaquillo,4,2,6,AC 32 - KR 17,75738420-60a7-492e-bda7-d08a9d456121
"-74,12415526","4,576031097",11498,073A11,Parroquia Santa Lucía,4,2,6,AC 44 Sur - KR 20,98d1feee-ea6b-44ca-a74a-de167513570f
"-74,12382432","4,574037229",11499,034A11,Santa Lucía,4,2,6,AV. Caracas - CL 45 Sur,d1630b7e-f510-4696-8b4d-203f358fa8af
"-74,11632456","4,567344061",11500,283A12,Br. Marco Fidel Suárez I,4,2,6,DG 46 Sur - TV 13,20bb0c0c-00a2-44f6-a2ea-f4c0a8a44a94
"-74,10786609","4,564829983",11501,066A12,Puerto Rico,4,2,6,DG 38E Sur - TV 11A,238cdf25-a627-4ce2-b6b1-1e404a3ead08
"-74,10804477","4,564726937",11502,067A12,CAI Lomas,4,2,6,DG 38E Sur - TV 11A,b798c8b6-9af7-472a-92eb-e06c8e8d780a
"-74,12368693","4,573561365",11503,001A12,Funeraria Claret,4,2,6,AV. Caracas - CL 45 Sur,d1ad8532-eebb-48c8-80f4-2b899633620f
"-74,12401988","4,57603811",11504,072A11,Quiroga Sur,4,2,6,AC 44 Sur - KR 20,71aad46e-1559-479f-9df3-09a2d2406cee
"-74,081572","4,631145",11505,085A05,Br. Acevedo Tejada,4,2,6,KR 33 - CL 28,f4884114-6ed8-4ca4-885a-d7abe9c88e15
"-74,08380354","4,629676206",11506,084A05,Estación Ciudad Universitaria,4,2,6,KR 33 - CL 25D,7fd26f85-7d6d-481a-b22f-18fd081aee0d
"-74,14798335","4,602222355",11507,472A09,IED La Chucua,4,2,6,CL 43A Sur - KR 72G,0abcb887-7db9-42ac-9ddb-feb627c878b1
"-74,04241847","4,763192833",11508,425A01,Br. el Verbenal,4,2,6,CL 187 - KR 20,7df4a991-6c64-4970-98c8-acaa59147871
"-74,03874418","4,764575972",11509,429A01,Br. El Verbenal,4,2,6,CL 187 - KR 17B,ee2113af-1a79-4768-bba0-29df2a23ef29
"-74,02490973","4,767670862",11510,478A01,Br. la Estrellita I,4,2,6,KR 4B - CL 190A,619dfcd0-a0b1-4f62-ba74-1c4e1647a0d7
"-74,10387834","4,494666042",11511,180A12,Br. El Progreso,4,2,6,KR 6 Este - CL 97D Sur,60526e98-a0c3-4377-bec6-c970ae7ffe3e
"-74,11545691","4,50359465",11512,061A12,Br. El Virrey,4,2,6,AK 1 - CL 93B Sur,8344b727-57a7-44d9-bf09-39a718fa8594
"-74,11540397","4,504006241",11513,060A12,Br. Monteblanco,4,2,6,AK 1 - CL 93B Sur,a4f486de-c16e-4750-b881-f93d8c31ba1a
"-74,06717566","4,603659542",11514,502A00,Br. Las Aguas,4,2,6,CL 20 - KR 3,e02e8427-452f-4327-bc41-7782a254c4b8
"-74,06476374","4,603721572",11515,507A00,Br. Las Aguas,4,2,6,CL 22 - KR 1 Este,16993a91-10ba-4578-907d-607568aa3000
"-74,06609323","4,605062504",11516,505A00,Universidades,4,2,6,CL 22 - KR 2,c1ca041b-b778-482b-86e9-bc05d5279836
"-74,14351192","4,71578907",11517,432A05,Br. Engativá Zona Urbana,4,2,6,CL 63L - KR 124,5d81371b-2028-4ecb-9554-bd81991fef55
"-74,12643912","4,5677426",11518,496A11,Br. San Carlos Norte,4,2,6,AV. Caracas - DG 49A Sur,886061dd-844e-46bc-9992-3cf6ba15a3a4
"-74,15653804","4,599750871",11519,349A09,Br. Villa del Río II Sector,4,2,6,CL 57B Sur - KR 64B,30f7dd20-bcb5-48dd-8568-3efe08b0cfc3
"-74,06628488","4,647363462",11520,557A00,Fundación Universitaria San Martín,4,2,6,CL 60 - KR 14A,d00753bc-259d-46d9-938e-24e0c9e61565
"-74,14407828","4,603875183",11521,507A09,Br. La Campiña,4,2,6,CL 40 Sur - KR 72D,3ddd777d-661d-4ce2-989a-867812caf59e
"-74,16106298","4,547169286",11522,125A11,Br. Bella Flor,4,2,6,KR 27B - CL 71U Sur,30c66f68-1b49-488d-b2fc-abcd8b776eb0
"-74,16022494","4,549320666",11523,130A11,IED Paraíso Mirador,4,2,6,KR 27B - CL 71K Sur,8a5688c6-6d1e-4fb7-b005-576bd91afbb8
"-74,15881821","4,553292428",11524,427A11,IED Paraíso Mirador,4,2,6,KR 27B - CL 71 Sur,0ad84a65-4db2-4ef9-ada2-078e1204ad00
"-74,15884847","4,553462126",11525,428A11,IED Paraíso Mirador,4,2,6,KR 27B - CL 71 Sur,1cf35297-d758-4b1e-95c5-9f0005212b5e
"-74,15936981","4,551597844",11526,132A11,IED Paraíso Mirador,4,2,6,KR 27B - CL 71F Sur,42eb7fae-cce5-46b0-a6b9-a11fbcf9bd39
"-74,16031914","4,549316012",11527,129A11,IED Paraíso Mirador,4,2,6,KR 27B - CL 71K Sur,8766db39-3178-4f42-b571-b3392541e545
"-74,16100287","4,547605894",11528,126A11,Br. Bella Flor,4,2,6,KR 27B - CL 71T Sur,ae8d4e6f-0aca-4f2e-928a-e4f45db90780
"-74,18240201","4,633812252",11529,080A08,Br. Villa de los Comuneros,4,2,6,AV. Tintal - CL 50A Sur,b5b8fb48-fec1-4ca7-ae82-45918442d98f
"-74,18068602","4,634345976",11530,079A08,Br. Villa de los Comuneros,4,2,6,AV. Tintal - CL 49 Sur,ca89cc7c-f5c8-4832-a54b-f3cd05cf26b7
"-74,08892715","4,521449272",11531,143A13,Br. Ciudad Londres I,4,2,6,AV. Circunvalar - CL 68 Sur,aebe93b2-0fa9-4145-9692-a1c548f9df22
"-74,09123774","4,537849448",11532,078A13,Br. El Pinar,4,2,6,KR 10 E - CL 52A Sur,9eff6926-ea43-4f8f-9740-3faa526dcd82
"-74,0912","4,54018",11533,080A13,Br. Nueva Gloria,4,2,6,CL 46 Sur - KR 8A E,eee80a77-b025-4904-9eda-cefa1cde7f2b
"-74,09184975","4,546430315",11534,089A13,Br. La Gloria Oriental,4,2,6,DG 43A Sur - KR 6A E,dc3c93ea-8b3f-448d-ac10-b74936c8f02a
"-74,09637003","4,551938623",11535,440A13,Br. Las Guacamayas,4,2,6,DG 39 Sur - KR 1D Este,224ffa12-1601-4567-824f-c1e1ebf63faf
"-74,10156312","4,548340583",11536,485A13,Br. Península,4,2,6,TV 1Bis - CL 47 Sur,e127367d-a9a0-43a9-bccb-cd654efbafb6
"-74,11169426","4,548145585",11537,252A12,Br. San Agustín,4,2,6,KR 5B - CL 48Z Bis Sur,66843fb3-a671-4428-8c5d-aa17ff53941d
"-74,13025914","4,562459403",11538,356A11,Br. San Carlos,4,2,6,KR 16B - CL 55A Sur,68b27806-50e5-40ad-ad76-7356de142f8d
"-74,13168769","4,560877992",11539,354A11,San Benito,4,2,6,KR 16B - CL 58 Sur,d3e25f3b-09be-4ff5-9dfc-271e61b0b2c5
"-74,13641942","4,558669201",11540,337A11,Br. Meissen,4,2,6,AC 60G Sur - KR 17,696cdb50-306d-4929-a788-0fb3c5e9d5a6
"-74,13805004","4,559717453",11541,342A11,Br. Meissen,4,2,6,AC 60G Sur - KR 18C,5c45eab9-81b6-4078-a79e-c3e9d92896f1
"-74,128018","4,563121",11542,358A11,Br. Tunjuelito,4,2,6,CL 54 Sur - KR 15,0d606acc-d779-4db3-a0b9-3ad5da86ab83
"-74,10296565","4,546467271",11543,016A12,Parque Entrenubes,4,2,6,KR 1 - CL 48 P Sur,7329ad26-3c22-4387-9803-eebf3d7b6d1c
"-74,09171684","4,546156366",11544,088A13,Br. La Gloria,4,2,6,DG 43A Sur - KR 6A E,1a646c0d-6815-445b-9fa2-84d79a66dc92
"-74,09048226","4,540438966",11545,081A13,Br. La Gloria,4,2,6,CL 46 Sur - KR 8A E,37f3f301-8c49-4274-9397-ddfda2f3d5ab
"-74,09129286","4,538032433",11546,079A13,Br. Santa Rita Sur Oriental,4,2,6,KR 10 E - CL 52A Sur,330e798d-df78-4693-b854-c4217cfd674d
"-74,08888208","4,521624253",11547,142A13,CED Juan Rey,4,2,6,AV. Circunvalar -CL 70 Sur,91de8176-1f9f-47d7-85b8-b0e2a610044d
"-74,17304166","4,590143695",11548,182A10,Br. Galicia,4,2,6,TV 73B - CL 62B Sur,990a25d8-50e9-41c4-9c43-1c0cf364258a
"-74,17317357","4,591967649",11549,180A10,Br. La Estancia,4,2,6,CL 60A Sur - KR 74,55e97694-2efa-4e2a-8855-76c54d8664b3
"-74,13161937","4,684318154",11550,184A06,Br. Veracruz Sector II,4,2,6,KR 100 - CL 25B,49c479d9-1f78-4d5f-ae45-c6293ea3fb6a
"-74,1483892","4,61046349",11551,036A09,Conjunto Residencial La Rebeca,4,2,6,CL 40 Sur - KR 72L,f89f2cf8-9cd2-4422-9891-3a722ace03ed
"-74,15047873","4,613548394",11552,034A09,Multifamiliares Carimagua,4,2,6,CL 40 Sur - KR 73,45c3cec9-84af-4f1e-bf87-ef53a821cc0b
"-74,15169888","4,615502405",11553,032A09,Br. Kennedy Super Manzana 6,4,2,6,CL 40 Sur - KR 73C,47d03d74-bad6-4c09-9216-1ab7b9468abb
"-74,07637131","4,592022192",11554,405A13,Centro Educativo de Ingakunapa,4,2,6,KR 5 - CL 5,37450c6c-dd49-4a09-8eb3-794e41d1f004
"-74,07495276","4,59271903",11555,632A00,Br. Nueva Santa Fe de Bogotá,4,2,6,KR 4 - CL 6,a341ef25-d0eb-4906-9100-2e7fc1136c2a
"-74,146766","4,607824",11556,131A09,Br. La Campiña,4,2,6,AC 40 Sur - KR 72G,6a00bfc8-fbdb-40e9-a5d3-8b03eb0c057a
"-74,12400914","4,740916628",11557,248A03,Pq Lisboa,4,2,6,KR 154 - CL 131,3f64f5fc-c111-47f6-b3c9-ca775af8dc1a
"-74,09612394","4,570529032",11558,022A13,Br. 20 de Julio,4,2,6,CL 27 Sur - KR 7B,2040dc91-eeab-40dd-b6ec-c3488960724d
"-74,09743199","4,566171175",11559,048A13,Portal 20 de Julio,4,2,6,KR 5 - CL 31 Sur,a929bbad-eef9-4e13-955d-6bff67974df3
"-74,0955706","4,556101831",11560,034A13,Br. Guacamayas I,4,2,6,AV. V/cio - KR 1 Bis,70314aaa-5c9d-4334-b4f1-69299b16b8c5
"-74,09561229","4,556323941",11561,033A13,Br. Atenas,4,2,6,AV. V/cio - KR 2A Bis Este,1b72fd00-3019-4d92-be7b-c5d4967869c7
"-74,098622","4,558524",11562,032A13,Br. Villa de Los Alpes,4,2,6,AV. V/cio  - KR 1B,02defc25-3b09-428d-9a1d-01372d76eaa2
"-74,09610114","4,562703809",11563,027A13,Br. Bello Horizonte,4,2,6,KR 3 - CL 31D Sur,b97082ef-2e1f-42bb-a09b-013f8ae1990d
"-74,12580007","4,741926749",11564,123A03,Br. Santa Cecilia,4,2,6,CL 132D - KR 155,130dacfd-4b7b-4aea-adb9-c78e94e02a14
"-74,12848254","4,745113898",11565,253A03,Br. Santa Rita de Suba,4,2,6,KR 158B - CL 138B,bde92575-8e43-4e09-9dd7-7716dbde9a6d
"-74,13881893","4,628445271",11566,495A08,Clínica del Occidente,4,2,6,DG 5 A - KR 72 BIS,ae66eb6f-f68d-4162-93d8-c4c40e5b4377
"-74,1402817","4,628226448",11567,492A08,Br. Mandalay Kr 72,4,2,6,DG 5 A - KR 72A,6a94c701-39aa-440a-b6a6-2a0a1a7a97d1
"-74,14420412","4,626410579",11568,491A08,Br. Mandalay,4,2,6,DG 5 A - KR 74,003265f3-a2b3-4f23-b9bb-8d0933864298
"-74,15692225","4,611460217",11569,392A09,Liceo Samario,4,2,6,KR 74 - CL 42C Sur,2713d920-ecd3-4c36-bc95-2b42d020fdd9
"-74,15710416","4,611163218",11570,393A09,Br. Timiza,4,2,6,KR 74 - CL 42 Sur,3d453b8e-0c7e-46c7-9387-a425e8d6afc4
"-74,15594524","4,612749627",11571,395A09,Parque Metropolitano Timiza,4,2,6,CL 41B Sur - KR 74,06caefa3-f0a0-483e-982d-d79b7ef37124
"-74,13921003","4,62585925",11572,494A08,Parroquia San Pio X,4,2,6,AC 3 - AV. Boyacá,e8c283f6-ed67-44e1-874d-1f4c4dd69ad8
"-74,13185332","4,705719127",11573,243A05,Br. Marandú,4,2,6,KR 111C - CL 67,d2e658f5-01c8-4a30-9685-26db25e26cc8
"-74,14172417","4,592042167",11574,268A10,Br. La Laguna,4,2,6,AK 54 - CL 49 Sur,60010c8b-4fbf-46a7-8351-b94512d0d1b1
"-74,03109637","4,76903565",11575,617A01,Br. Tibabita,4,2,6,AK 9 - CL 193,764323ed-331b-4037-b538-5c085adfb9be
"-74,06550957","4,619561536",11576,782A00,Br. La Merced,4,2,6,KR 5 - CL 33A,359b7fad-b451-41e5-838b-a318d48199c8
"-74,06647624","4,616178037",11577,662A00,Br. San Martín,4,2,6,KR 5 - CL 30A,056ea3a5-9955-41a3-b2f8-353e37ce1a1e
"-74,09590673","4,728480871",11578,348A03,Br. San Cayetano,4,2,6,CL 129C - KR 97 Bis,f5e4c2f8-e495-42ca-a477-9e4c885623ff
"-74,0802424","4,754630041",11579,034A03,Br. Tuna Alta,4,2,6,KR 92 - CL 157A,d771b65b-0afe-4e6c-97a1-0eb3677a29bd
"-74,079287","4,756803",11580,032A03,CED El Salitre - Suba,4,2,6,KR 92 - CL 165,9cb35e7b-f8d9-4909-9878-af78dd52a127
"-74,07330858","4,759625668",11581,350A02,Conjunto Residencial El Monte,4,2,6,AC 170 - KR 90,ca4be91b-44ef-4152-9530-e396bb5e1877
"-74,06801481","4,761849644",11582,017A02,KR 78,4,2,6,AC 170 - KR 78,78d863d2-35fc-4ae6-ba23-0f9da1b27819
"-74,06653074","4,760789772",11583,015A02,Barrio Iragua,4,2,6,AC 170 - AV. Boyacá,f508ffd8-24f6-418d-86bb-facff7a0492f
"-74,02509456","4,738869194",11584,330A01,CED Divino Maestro,4,2,6,CL 163A - KR 7D,f005a4bc-5544-4e12-85ba-eeee0d1d9c64
"-74,06931691","4,762873584",11585,016A02,Kr 78,4,2,6,AC 170 - KR 78,bd5ba470-53a2-4841-a17c-14e52c802f83
"-74,0781169","4,758093649",11586,031A03,CED El Salitre - Suba,4,2,6,KR 92 - CL 169B,fc4f8ca0-4829-4a67-b383-7cbfc77b9502
"-74,08141769","4,752583455",11587,035A03,C.C. Rosales de Suba,4,2,6,KR 92 - CL 156,3eecd873-e7b2-45d9-8c00-db5cb54447c2
"-74,08276009","4,750214838",11588,037A03,CAI El Pinar,4,2,6,KR 92 - AC 153,58592526-b94b-4a7a-902e-e23142f19b41
"-74,09573148","4,728476309",11589,349A03,Br. San Cayetano,4,2,6,CL 129C - KR 97A,d46cab9e-797e-4684-b51e-d4cc9d44f468
"-74,13300583","4,584949803",11590,287A10,Br. Claret,4,2,6,CL 48C Sur - KR 31,79eebc1a-e9d6-465e-a00f-10a637d28675
"-74,16717235","4,695658174",11591,211A06,Br. Puente Grande,4,2,6,KR 135 - CL 17C,00284507-3f6b-40ea-9065-a994405ebc40
"-74,15633938","4,683825377",11592,162A06,Br. San Pablo Jericó,4,2,6,CL 17 - KR 116A,d651e0c9-c414-4613-b56a-84f73970946a
"-74,15606425","4,683628788",11593,161A06,Br. San Pablo Jericó,4,2,6,CL 17 - AK 116,5e105a79-1838-48ff-97fe-a763c744c5c7
"-74,15790932","4,685736775",11594,408A06,Br. San Pablo Jericó,4,2,6,CL 17 - KR 120,0c082717-553c-4819-877d-6473596de493
"-74,14802762","4,560338814",11595,314A11,Br. Millán,4,2,6,KR 19D - CL 66 Sur,ce02dd5e-51c1-4b6f-97d3-c14238c25055
"-74,07825014","4,6181637",11596,108A00,CAI Samper Mendoza,4,2,6,CL 24 - KR 19A,78e6eef0-b573-4935-bc9f-860b176a4402
"-74,07222638","4,632066778",11597,144A00,Br. Santa Teresita Cl 43,4,2,6,AK 19 - CL 43,b8f188c1-e0bb-4dba-98be-7285e0a579f9
"-74,07286354","4,628603093",11598,142A00,Br. La Soledad Cl 39A,4,2,6,AK 19 - CL 39A,cd3c9ca1-d6b7-40ed-ae5a-591b7afb895d
"-74,07314","4,627019",11599,141A00,Br. La Soledad,4,2,6,AK 19 - DG 35 Bis,2dc1daab-fa2e-4d82-88a8-6b950a562ca4
"-74,029237","4,767745",11600,567A01,Iglesia San Luis de Tolosa,4,2,6,AC 191 - CR 8,254e3364-905f-49e9-8e0b-2304768897ff
"-74,17710164","4,626966568",11601,535A08,Urbanización Alameda de San José II,4,2,6,DG 49 Sur - AV. C. de Cali,4485ef86-15c4-4bc5-8736-37d891a4f263
"-74,17761184","4,628314347",11602,536A08,Urbanización Betania,4,2,6,KR 87 - CL 49 Sur,9589df90-834e-4140-bc21-028567273a4a
"-74,11608009","4,743715359",11603,278A03,Parque El Nogal,4,2,6,KR 140 - CL 132A,8e48d20d-df64-4f47-9728-4588f8eca03e
"-74,155195","4,646204",11604,142A07,Br. Tintala,4,2,6,CL 6D - KR 88,024b9623-a05d-43ff-a230-2af2ea6d7c83
"-74,17237336","4,607362557",11605,320A09,Parroquia Maria del Pilar,4,2,6,KR 78 - CL 57A Sur,af35c7b0-3a96-46dd-932e-4790e9a7e134
"-74,16615577","4,640448709",11606,061A08,IED Instituto Técnico Rodrigo de Triana,4,2,6,AK 89 - CL 35C Sur,fbcb2f2b-db2f-4aa2-8e7a-fad743e739f0
"-74,15572651","4,64425019",11607,145A07,Portal de Castilla,4,2,6,KR 87A - CL 6A,7a7131e1-1f5f-418a-bd4c-9a07a5241f72
"-74,15423888","4,644288933",11608,154A07,Biblioteca el Tintal,4,2,6,CL 6D - KR 87A,49e0986f-f26f-4347-9fdf-bb2048e6908c
"-74,12628664","4,591401717",11609,056A10,Br. Villa Mayor Oriental,4,2,6,DG 39 A Sur - KR 39A,6d3807f3-2cde-448f-8d3d-c3ea115b2712
"-74,12627519","4,591109135",11610,055A10,Br. Villa Mayor,4,2,6,DG 39A Sur - TV 40,dfc794f6-acd3-4c6b-9ce7-4bd3e231cf65
"-74,12487719","4,570920067",11611,035A11,Estación Santa Lucía,4,2,6,AV. Caracas - DG. 45C Sur,503a5484-c179-4993-bc68-515672f4311a
"-74,09075383","4,556059384",11612,015A13,Br. San Vicente,4,2,6,KR 4 E - CL 33A Sur,68334982-462c-477f-9f58-be4a5c3a04ec
"-74,12086569","4,724735496",11613,244A04,Urb. Parque Los Sauces,4,2,6,CL 81 - KR 115,d9c393e7-9c0f-41a5-acc1-24c9626c1260
"-74,20282962","4,628769507",11614,247A09,Granja El Rinconcito,4,2,6,CL 73 Sur - KR 93 D,4e609d8d-e56b-4b71-b1c1-893f3ec05b99
"-74,11060225","4,561061783",11615,069A12,Br. Puerto Rico,4,2,6,TV 5J - DG 48 Sur,a7decb13-e8a3-442c-bd58-01219b19f76f
"-74,11070928","4,560754332",11616,068A12,Br. Puerto Rico,4,2,6,TV 5H - DG 48 Sur,fff82424-1d4e-4774-abcd-6acb48b4c117
"-74,13515133","4,582810544",11617,145A10,Br. Claret El Carmen,4,2,6,DG 51A Sur- KR 29,601f3d83-e5e5-4f5d-9acd-ca8028d9bd7c
"-74,13386574","4,581506944",11618,143A10,Urbanización El Claret,4,2,6,DG 51A Sur- KR 27,c3a63cd6-335b-4e44-ac3a-96da678b9bcb
"-74,09532823","4,756642922",11619,022A03,Br. El Carmen Tuna Baja,4,2,6,CL 153 - KR 109 A,8b354325-8f7d-4d1b-ba93-7ce9051e037d
"-74,092629","4,602782",11620,388A00,Br. La Pepita,4,2,6,AC 6 - KR 23,be442821-5492-4062-89e1-a3f703f19de4
"-74,08366121","4,537481078",11621,057A13,Quebrada Chiguaza,4,2,6,AV. Circunvalar - CL 46G Sur,2dbb9aa7-4eb5-4e6c-834c-f989e21e11d2
"-74,08352691","4,537517843",11622,058A13,Quebrada Chiguaza,4,2,6,AV. Circunvalar - CL 46G Sur,6d169625-d3dc-4a84-bdb2-69782bcd2568
"-74,06759969","4,691037044",11623,542A03,Br. Los Andes Norte,4,2,6,KR 64 - CL 103,84b187a7-6613-4d83-af66-faebf0a3cfba
"-74,0648738","4,597962438",11624,498A00,U. Distrital - FAMARENA,4,2,6,AV. Circunvalar - CL 16,83963381-1a79-49ee-834c-2ae2cda22994
"-74,0626295","4,5998243",11625,500A00,U. de los Andes - Campo Deportivo,4,2,6,AV. Circunvalar - CL 18,e7fea81b-0595-43f1-85ff-194d70d31dba
"-74,06185251","4,602913748",11626,508A00,Teleféricos de Monserrate,4,2,6,AC 20 - KR 1,5a1fb713-b4b2-4d49-85ce-b3aaf6f92b2a
"-74,06036573","4,736197733",11627,217A02,Carrera 56,4,2,6,CL 152 - KR 56,dc5bc37a-a656-4059-8a35-6dceef1f9125
"-74,1345303","4,578925938",11628,096A11,Calle 50 Sur,4,2,6,KR 25 - CL 52B Sur,b56e2873-7e18-49c0-aabb-6dbeab652914
"-74,17548731","4,648621624",11629,384A08,Br. Galán,4,2,6,CL 40 Sur - KR 99,3afd0296-62e3-449a-acd4-14af428ddbbe
"-74,17542225","4,648346382",11630,383A08,Br. Galán,4,2,6,CL 40 Sur - KR 98C,e0ea0d4f-194e-43bc-a1ef-22654b5f3965
"-74,17371355","4,646028679",11631,404A08,Centro Educativo Cafam Bellavista,4,2,6,CL 40 Sur - KR 96,d66e7f6e-0eec-4bed-b4c8-8feb40592c30
"-74,17369372","4,6458288",11632,403A08,Pq. Dindalito,4,2,6,CL 40 Sur - KR 96,e39467a4-6b41-4da4-b1d8-4eb4a7119a01
"-74,17212636","4,643785139",11633,406A08,Br. Bellavista,4,2,6,CL 40 Sur - KR 93 B,4f9aed47-205e-4f90-b865-0915f61809f5
"-74,14029137","4,717156231",11634,350A05,IED General Santander,4,2,6,CL 66B - KR 123,7ebab553-e1c2-4dd0-9714-f0b32651b13c
"-74,10969701","4,678309936",11635,075A05,Av. José Celestino Mutis,4,2,6,KR 77A - CL 57,cbb342dc-8a0f-417b-acfe-d1ec11c024ea
"-74,09935437","4,686492265",11636,341A05,Pq. Boyacá Real,4,2,6,KR 74A - CL 69A,906ff87c-e644-49b9-9f45-ef8b96a41a4f
"-74,09929747","4,684244848",11637,342A05,Consolación,4,2,6,CL 68B - KR 72A,25fb7a15-5848-4cb0-9889-4d36cd918437
"-74,09773916","4,688838612",11638,343A05,Boyacá,4,2,6,KR 74A - CL 71A,4de469ac-c612-4c7a-a248-149b1641f2a5
"-74,09349267","4,688473029",11639,200A04,Cl 73A,4,2,6,CL 73A - KR 71D,23b23dfa-dede-42d3-a796-0b0f85baf246
"-74,09255628","4,686001854",11640,207A04,Pq. el Ocho,4,2,6,KR 70F - CL 72A,c72304c9-75db-43cd-b245-7265ff3a8dd6
"-74,06985865","4,593185803",11641,460A00,Fundafidro,4,2,6,KR 3 Este - CL 9B,c8c4b230-cc78-4ee3-b7de-47c668922d4e
"-74,05155169","4,735163874",11642,085A02,Urb. La Riviera Norte,4,2,6,CL 152 - KR 48,3575e7e5-86d4-47d2-afe4-cf1203bfa83a
"-74,04079695","4,750076077",11643,221A01,Colegio Eucarístico,4,2,6,AC 170 - KR 17A,7980a434-bd22-4d34-843e-f07694059451
"-74,024882","4,759451",11644,447A01,Br. Horizontes Norte,4,2,6,KR 6 - CL 182B,599f4851-bbdc-4c5c-b70a-5b1452d44320
"-74,024081","4,761293",11645,449A01,IED Nuevo Horizonte,4,2,6,KR 4 - CL 185 B,35f24508-25fd-4820-8674-93e83d4e4aea
"-74,02404392","4,764692037",11646,451A01,Br. La Estrellita I,4,2,6,KR 4 - CL 187D,2d641a0a-88d6-474e-adf7-6e5e6dfe1681
"-74,02384458","4,760083994",11647,524A01,Br. Horizontes Norte,4,2,6,KR 4 - CL 182C,17220c46-edf5-43f7-b530-228ac2411a18
"-74,12029511","4,728289115",11648,058A04,Br. El Cortijo,4,2,6,CL 83A - KR 118,8d97c5d1-0bff-4df3-8fe1-52a938d9b873
"-74,12066295","4,7284913",11649,059A04,Br. El Cortijo,4,2,6,CL 83A - KR 116A,5db5fecb-ff86-40f3-be7c-d9b5a576f08e
"-74,09549004","4,578236118",11650,329A12,Carrera 11,4,2,6,KR 11 - CL 18 Sur,dde5797c-b97a-4a98-bd2a-1d348969533e
"-74,10496619","4,743939212",11651,073A03,Br. Villa María,4,2,6,CL 139 - KR 114,7c53ee98-5b04-4d5c-8301-03ec3b0c63e5
"-74,10463324","4,743915667",11652,072A03,Br. Puerta del Sol,4,2,6,CL 139 - KR 114,f6f18ed7-326d-4483-b720-505acf494af6
"-74,09184752","4,572172412",11653,093A13,Centro Comercial Bazar 20 de Julio,4,2,6,KR 6 - AV. 1 de Mayo,f381f612-1b67-41ff-a64f-4545b3282f2a
"-74,18928188","4,604686852",11654,221A09,Br. Piamonte Etapa I,4,2,6,CL 68A Sur - TV 79,8ade70cf-8eb5-473d-b7aa-db0a9b19d936
"-74,19027653","4,606324069",11655,223A09,Pq. Virgen del Carmen,4,2,6,CL 68A Sur - TV 80F,5bc5ae0b-b15c-42d3-809e-49b29147906e
"-74,19153871","4,609658643",11656,207A09,Br. Jiménez de Quesada II Sector,4,2,6,CL 68A Sur - KR 80N,429d0137-122e-43e7-b55c-81060f87839b
"-74,19585101","4,610242486",11657,194A09,Br. Humberto Valencia,4,2,6,KR 81 - CL 71F Sur,0b1de565-051a-4286-a991-2695884980d6
"-74,2004302","4,611173733",11658,156A09,Br. Grancolombiano I,4,2,6,KR 81 - CL 73G Sur,64f3b5c6-180d-4768-89cc-be63b17b50d7
"-74,2003506","4,61108008",11659,155A09,Br. Grancolombiano I,4,2,6,KR 81 - CL 73G Sur,649e8e55-f59f-4c23-bf1a-b11be4939005
"-74,19575869","4,610154537",11660,193A09,Br. Grancolombiano II Sector,4,2,6,KR 81 - CL 71D Sur,1bed7eef-a89a-4267-85ab-3091c6300d52
"-74,19156844","4,609494337",11661,206A09,Br. Piamonte Sector II,4,2,6,CL 68A Sur - KR 80N,808b1cdf-18c7-41c9-928e-68cdbdf671a9
"-74,1910678","4,608085505",11662,224A09,Parroquia el Divino Niño Jesús de Praga,4,2,6,CL 68A Sur - KR 80K,25c4708d-3e9b-47e5-b78e-d0f520999ca6
"-74,19031146","4,606220672",11663,222A09,IED Fernando Mazuera Villegas,4,2,6,CL 68A Sur - TV 80F,ae9ad39b-2b59-406f-a638-e102a4e1a7c1
"-74,18928572","4,604516078",11664,220A09,Br. Piamonte Etapa I,4,2,6,CL 68A Sur - TV 79,4e58bcfb-d5d6-4648-8260-92d05024e4de
"-74,12268712","4,712785524",11665,036A04,Gimnasio Moderno Montesoriano,4,2,6,KR 110 - CL 75B,619a7fe1-b652-4f70-a826-52af8e54828b
"-74,12069745","4,714364682",11666,034A04,Br. Garcés Navas,4,2,6,KR 110 - CL 77A,36dc37dd-48c7-40b2-821e-bc9dbbd352eb
"-74,11948023","4,714998509",11667,176A04,Gimnasio Nueva Sociedad,4,2,6,CL 78B - KR 109A,b9f0a51b-8639-4bf3-b869-9805f8f2177f
"-74,08746243","4,54556569",11668,178A13,Br. Altamira,4,2,6,KR 11 E - CL 42B Sur,10fc76f7-c4d7-428c-8e15-0b152e2453f8
"-74,08758528","4,545537428",11669,177A13,Br. La Gloria Oriental,4,2,6,KR 11 E - CL 42B Sur,3ffdedfb-5c14-46dc-ad60-f3532e35e529
"-74,12235932","4,743225716",11670,128A03,Br. Lisboa,4,2,6,CL 132 D - KR 151 A,4ea5af3c-5059-403d-87a9-8944548a1326
"-74,09575335","4,740631557",11671,545A03,Br. Costa Azul I Etapa,4,2,6,CL 139 - KR 102A,8278ed7d-1987-47c2-8183-64ddec3175c9
"-74,06630133","4,728969101",11672,128A02,Colegio Hijas de Cristo Rey,4,2,6,AC 138 - AV. Villas,be3b5774-ccbc-4e47-b021-40cefa76039a
"-74,11633101","4,744796763",11673,096A03,Br. La Toscana,4,2,6,CL 132 D - KR 140 C,3579c787-8bf6-4b11-93ba-1649ce89aef2
"-74,12194752","4,7434812",11674,127A03,Hospital Suba CAP Lisboa,4,2,6,CL 132 D - KR 151 A,a4be1981-f99f-4c29-bf74-8010ca6f9b98
"-74,10871012","4,550005436",11675,439A12,Br. Diana Turbay San Agustín,4,2,6,KR 5 - CL 48Q Sur,ac1f613f-3f1d-4ac5-80a7-bed0fea9de17
"-74,08069318","4,573822455",11676,260A13,Br. San Cristóbal Sur,4,2,6,AC 11 Sur - KR 3 Este,2521e220-e74e-4b50-b0c7-72061d28ac7a
"-74,19946867","4,628461874",11677,269A09,Jardín Infantil El Recreo,4,2,6,KR 92 - CL 70 Sur,acbcc9f0-73c1-400f-a44f-bca61582e6ef
"-74,19900073","4,628777911",11678,270A09,Br. San Bernardino XVI,4,2,6,KR 92 - CL 69 C Sur,483491dd-095d-4944-ba42-24dd294548f7
"-74,07487339","4,630580446",11679,166A00,CAI La Soledad,4,2,6,AK 24 - CL 40,6481172b-d8c1-4874-b628-4887f512f7b6
"-74,18157525","4,638010946",11680,363A08,Br. El Porvenir San Luis,4,2,6,CL 49 Sur - KR 93,75ec3924-bc75-40f9-80c4-e8cba8b757ef
"-74,17680961","4,623802626",11681,332A08,Br. Jorge Uribe Botero,4,2,6,KR 85 - CL 51A-38 Sur,d198d23f-d4ed-4459-a863-72b55baef1d4
"-74,17680635","4,623924478",11682,327A08,Br. Martinica,4,2,6,KR 85 - CL 51A Sur,9f6dd3d8-2f21-4270-8b88-9661b42ff454
"-74,17407915","4,641112058",11683,399A08,IED Villa Dindalito,4,2,6,CL 42A Sur - KR 92,20e47302-888b-4f89-bd02-a556a872637d
"-74,16043956","4,607483447",11684,367A09,Br. Jaqueline,4,2,6,CL 45 Sur - KR 73D,7779ec3f-1ed4-4bd0-b3c9-fe4483027bae
"-74,16003904","4,616661699",11685,252A08,Compensar Avenida 1 de Mayo,4,2,6,CL 42 Sur - TV 78H,a4485f1b-98d0-4756-8c68-9da1657d2f58
"-74,14195161","4,546072046",11686,558A11,Br. Estrella del Sur,4,2,6,TV 17N - CL 70C Sur,0856b5be-f304-4462-8ca1-3cef5d727b85
"-74,14183893","4,533973876",11687,532A11,Br. San Joaquín del Vaticano,4,2,6,KR 17A - CL 81C Sur,b35fa259-a5e7-4fe4-8902-2c333fbccd22
"-74,1414631","4,534891062",11688,053A11,Br. El Minuto de María,4,2,6,KR 17A - CL 80B Sur,edf26fc5-9235-49cd-b68a-709ecae5bcb5
"-74,141194","4,535124234",11689,054A11,Br. El Minuto de María,4,2,6,KR 17A - CL 80C Sur,934aa1d8-3300-4c2d-84ed-b975d43cc44b
"-74,13982735","4,537958586",11690,043A11,Br. Buenos Aires,4,2,6,KR 17A - CL 78C Sur,8e1dc20c-7329-4134-b213-f85376e08bff
"-74,13937559","4,71551718",11691,416A05,J.A.C. Engativá Centro Sede Comunal,4,2,6,CL 66B - KR 121,93b22d12-8085-4d3c-a29b-b50d75fbc4a3
"-74,13815152","4,540678686",11692,051A11,Urb. Buenavista,4,2,6,KR 17 A - CL 76A Sur,a6928006-92e0-4ceb-94a4-e70a094e8315
"-74,13781744","4,541726152",11693,052A11,Br. Casa de Teja,4,2,6,KR 17 A - CL 75 Sur,0ec95de3-afd4-4b9f-a8e4-7549f2fac0ec
"-74,1376892","4,544482201",11694,049A11,Br. Sotavento,4,2,6,KR 17 A - CL 73B Sur,b1b19259-c997-4d47-8636-56557d34b851
"-74,13759958","4,544402261",11695,050A11,Br. Sotavento,4,2,6,KR 17A - CL 73A Sur,25f97a75-3479-4eaf-bf2c-d808ba5aa1d1
"-74,13120801","4,604119162",11696,453A09,Br. La Alquería,4,2,6,CL 37 Sur - KR 53,5fc3f36c-870e-458f-ba48-5fbd1d7c1aae
"-74,11767612","4,607144334",11697,070A08,Br. Remanso,4,2,6,AC 8 Sur - KR 42,a8321490-0884-440a-b8c8-18f1090e094b
"-74,11560241","4,605981611",11698,073A08,Br. Remanso,4,2,6,AC 8 Sur - KR 40,f2d03125-1c99-4ba7-8d6e-02b5f132514d
"-74,1072189","4,498943241",11699,053A12,Br. Charalá,4,2,6,KR 5 Este - AC 91 Sur,1467c443-dd17-40fa-b25e-fd96fed24046
"-74,10642824","4,497439878",11700,176A12,Br. Alfonso López Sector Buenos Aires,4,2,6,CL 91 Sur - KR 1C Bis,769dfbf6-aea3-4a3d-8826-9aa18c536b79
"-74,10628353","4,597672321",11701,036A10,Br. Santa Isabel V Sector,4,2,6,AC 8 Sur - KR 29D,ade009d2-5dd6-4bd8-8746-b42fd4a02366
"-74,10574605","4,686444461",11702,083A05,Br. Villa Luz,4,2,6,CL 66A - KR 78,0f2d4dfe-01c4-4723-8372-2f314291aa2e
"-74,10412415","4,497033775",11703,182A12,Br. Alfonso López Sector Buenos Aires,4,2,6,CL 91 Sur - KR 4 Este,a2d6c2b2-776c-4ef6-a1a3-86c4e806a7d3
"-74,10310327","4,493281031",11704,174A12,Br. Villa Hermosa,4,2,6,DG 98 Sur - KR 6D Este,de75e327-64b7-40e4-ab19-a20bf3a22fcb
"-74,10205703","4,754668497",11705,136A03,Parque Las Flores,4,2,6,KR 115 - CL 151,775ac558-f692-4c68-ab35-e3ddfba3ef38
"-74,10187183","4,496079173",11706,185A12,Br. Alfonso López Sector El Progreso,4,2,6,KR 7A Este - CL 97B Sur,e50abf59-4b6a-4b98-814d-cf8aae7e80ce
"-74,09981608","4,756849909",11707,119A03,Urbanización Los Almendros Norte,4,2,6,CL 152B - KR 114 D,8c9ead02-865a-4619-8b80-81969318b376
"-74,091147","4,555531",11708,035A13,Br. La Victoria,4,2,6,AK 4 E - CL 34A Sur,ebaeb5e8-cd70-421b-9987-8415e48d1464
"-74,09080176","4,653998293",11709,148A05,Parque Simón Bolívar,4,2,6,AK 60 - CL 60,2ca2d4c3-6ca6-4353-b92b-cb60f9a7c76e
"-74,08940128","4,657159251",11710,146A05,Bibl. Virgilio Barco,4,2,6,AK 60 - CL 57,1a6d2041-64bb-41c3-8fe6-b5edbdfe9573
"-74,08874234","4,563066562",11711,010A13,Br. Córdoba,4,2,6,KR 4 E - CL 28 Sur,0aad3be9-f2b9-499c-a12f-a55325f72532
"-74,08578876","4,676247546",11712,452A05,Br. José Joaquin Vargas,4,2,6,CL 67G - KR 66A,75540781-043d-41bf-8305-3e637d517ca1
"-74,08508905","4,750983968",11713,107A03,Instituto Educación y Vida,4,2,6,AC 153 - KR 96,4ed51431-fc52-4167-8643-d5d62351e609
"-74,08391443","4,534904352",11714,511A13,Br. El Pinar,4,2,6,AV. Circunvalar - CL 48 Sur,3472e30d-0390-46d9-9af8-711bccc6cb14
"-74,08373256","4,541247417",11715,055A13,Br. Altamira,4,2,6,AV. V/Cio - CL 45B Sur,8d7e1743-1bc8-477b-86fa-5c893a2573fd
"-74,08333073","4,566012288",11716,236A13,Br. San Blas II Sector,4,2,6,TV 5A Este - CL 22A Sur,23181a3e-21e8-4b0d-8827-b26f058b21dd
"-74,08287059","4,575515248",11717,258A13,Pq. Público San Cristóbal,4,2,6,AC 11 Sur - KR 0,28f20a67-3330-4b20-b036-a450ddb099c7
"-74,07929326","4,700469638",11718,237A03,Br. Potosí,4,2,6,AC 116 - KR 71C,5b7932ad-6ddf-4bb7-80fa-8e937b2c31fc
"-74,07762067","4,570572541",11719,266A13,Estación de Policía San Cristóbal,4,2,6,CL 13 Sur - KR 11 Este,d78f588e-4bb7-46e5-9fd5-51ec1e58845d
"-74,07383673","4,634460069",11720,524A00,Colegio Americano de Bogotá,4,2,6,KR 22 - CL 45A,4289e72f-401a-48f1-bb3c-3493a55aa630
"-74,06492612","4,632889527",11721,805A00,Br. Marly,4,2,6,CL 46 - KR 8,4c211f8c-5a54-4a7e-8345-18d9cc6e3326
"-74,03988233","4,740984029",11722,599A01,Br. Las Orquídeas,4,2,6,KR 16C - CL 161A,29fdbe60-acd7-4370-aae6-063d5415bb6f
"-74,03913787","4,797660276",11723,166B02,Br. La Santamaría,4,2,6,Auto Norte - AC 222,76dc4c7c-eeb5-4500-b534-bbd31c6a4669
"-74,03116318","4,730871308",11724,393A01,Br. Barrancas Kr 9,4,2,6,CL 155 - KR 9,f522079f-0450-490f-90ed-7b1017d2650a
"-74,03022553","4,737674852",11725,071A01,Br. Hipólito Restrepo,4,2,6,AC 161 - KR 8C,425494ed-1418-4c25-b0d6-2d9060f8e388
"-74,02756556","4,736966175",11726,074A01,Br. San Cristóbal Norte,4,2,6,AC 161 - KR 8,90a7f26c-1412-43b5-b0a5-5d79d9260b24
"-74,02554435","4,737590148",11727,377A01,Br. San Cristóbal Norte,4,2,6,CL 162 - KR 7F,1247d9eb-7fbb-4814-b95f-121bb07385b9
"-74,02444411","4,738016761",11728,539A01,Br. San Cristóbal Norte,4,2,6,CL 163 - KR 7A,8eeb58a2-3f04-463a-bad7-36fdc4876d4d
"-74,02397851","4,737108838",11729,351A01,Br. San Cristóbal Norte,4,2,6,CL 162 - AK 7,03b5c5ff-b6d8-4bbc-916d-b4dca8ec2c1c
"-74,05596796","4,657332046",11730,105A00,KR 9,4,2,6,KR 9 - CL 73,ea8bdeff-003d-4d91-8304-f2c1ca7bc04c
"-74,19305491","4,625482491",11731,267A09,Br. Las Acacias,4,2,6,KR 88C - CL 62 Sur,abd4bcd9-6888-4973-96f0-c28633c504c6
"-74,1949698","4,624788529",11732,268A09,Desarrollo Chico Sur,4,2,6,KR 88C - CL 66A Sur,1c72645f-5864-46ad-a664-e86cb43e9949
"-74,10613236","4,542516451",11733,257A12,Br. Diana Turbay Arrayanes,4,2,6,KR 2B BIS E - CL 48Z Sur,fb68d8fa-4247-4ec3-825e-9375444d002c
"-74,10744828","4,543866238",11734,256A12,Br. Diana Turbay Arrayanes,4,2,6,CL 49B Sur - KR 1A E,6435cdfc-a01d-46cb-be04-893911509c5e
"-74,11000108","4,545185148",11735,248A12,Br. Diana Turbay Arrayanes,4,2,6,CL 49B Sur - KR 3A,1143562f-dedc-44f3-9b04-d7821ed212f7
"-74,09819517","4,598603415",11736,424A00,Colegio Externado Cultural,4,2,6,KR 26 - CL 1H Bis,d831477b-3dc5-4509-95f9-1d3c3b662d68
"-74,11224102","4,678786667",11737,091A05,Br. Santa Cecilia,4,2,6,AC 53 - KR 78A,4b7197ad-02a6-4785-96e5-3291479ed8dc
"-74,16045183","4,589284779",11738,216A10,Br. Madelena,4,2,6,KR 70 - CL 62C Sur,7df368b8-482a-4de8-89de-82d02196784c
"-74,15897972","4,587848663",11739,215A10,Br. Madelena,4,2,6,CL 65 Sur - KR 68C,e16fd0a3-27ba-43f4-a23a-06110cee8e18
"-74,11010276","4,747493168",11740,291A03,Pq. Sabana de Tibabuyes,4,2,6,KR 128 - CL 142,802fb56e-2a82-4fab-867c-0e18c7b03f93
"-74,13203021","4,684002572",11741,183A06,Urb. El Jardín,4,2,6,KR 100 - CL 25B,6df58067-6c5d-4fd3-8c4e-c3913ea86b14
"-74,13209318","4,681919534",11742,329A06,Br. San José de Fontibón,4,2,6,DG 24C - KR 99,21904d73-b28c-41b0-bbc7-3b831017e3cb
"-74,12904383","4,681147636",11743,331A06,Br. Puerta de Teja,4,2,6,DG 24C - KR 96A,b7ff4c13-9bfe-43a0-aa42-e94b8b97de0d
"-74,12726093","4,681022931",11744,107A06,Industria Nacional de Gaseosas,4,2,6,AK 96 - CL 24C,bf0930ea-ce4b-46c5-9fac-3851588e208d
"-74,11575124","4,695801336",11745,389A05,Florida Blanca,4,2,6,CL 68A - TV95,ad37faac-ef60-4ea1-a689-1b45a90ad482
"-74,08264809","4,620237753",11746,710A00,Br. Samper Mendoza,4,2,6,TV 28 - CL 22B,c86df309-179c-4105-90db-425fc125a212
"-74,14268736","4,590500752",11747,139A10,Br. Nuevo Muzú I Sector,4,2,6,DG 51 Sur - KR 54,de3739e7-cfb9-45a8-9836-228bf9bc37d5
"-74,14454359","4,590913349",11748,267A10,IED Venecia,4,2,6,DG 51 Sur - AV. Boyacá,a1467205-4cab-4377-b34b-135cbf1382a0
"-74,12293977","4,568966096",11749,137A12,Instituto Ramón Briceño,4,2,6,DG 46 Sur - KR 16J,e18d9361-aee9-40d6-bf9b-e7cf21deb1b6
"-74,12080285","4,568283677",11750,135A12,Br. Marco Fidel Suárez I,4,2,6,DG 46 Sur - KR 16A,ee6466fa-7b21-46f8-8065-6741271bfac1
"-74,11508006","4,747029386",11751,151A03,Berlín,4,2,6,CL 139 - KR 140B Bis,4349fe68-d73d-4d29-9924-769c307d3c9f
"-74,11815071","4,747317586",11752,149A03,Berlín,4,2,6,CL 139 - KR 147,aae27445-ec86-472a-af07-20074e9cbee5
"-74,120423","4,747543",11753,147A03,San Pedro,4,2,6,KR 149B - CL 138,f6dc7f85-fd37-44f4-8e03-76e9e0a5b042
"-74,12239778","4,74590208",11754,146A03,San Pedro,4,2,6,CL 138 - KR 151A,12f8569a-4009-4257-83cd-e538e31d26ef
"-74,12568963","4,744756741",11755,143A03,Santa Rita de Suba,4,2,6,CL 138 - KR 154A Bis,feb86f37-5d1f-484c-bb98-a3a141e329d0
"-74,0869714","4,627869144",11756,122A06,Br. Centro Nariño,4,2,6,CL 25 - KR 33,5a62f503-e042-4962-81ee-43a7f18b3e99
"-74,08358919","4,629526763",11757,123A06,Br. Gran América,4,2,6,KR 33 - AC 26,4328a734-c007-4450-b89e-4814ec88fe1b
"-74,08136382","4,630992739",11758,086A05,Pq. Acevedo Tejada,4,2,6,KR 33 - CL 29,d29209a2-0047-41a6-aac4-5fea9120b8ef
"-74,08372886","4,53969856",11759,561A13,Br. Altamira Santa Teresa,4,2,6,AV. Circunvalar - DG 46 Sur,56242c46-2d8e-4a0e-8ab4-e340d2c86a29
"-74,14521643","4,599450826",11760,624A09,Urb. San Andrés II Sector,4,2,6,CL 44 Sur - Avenida Boyacá,dbdaab45-533f-4a88-a11d-486a0b2b9f9f
"-74,17849762","4,594372526",11761,281A10,Br. Camino Viejo de San Cristobal,4,2,6,KR 76 - CL 58B Sur,b98879ff-3301-40d6-bd2b-83a537d1740f
"-74,0569395","4,744060631",11762,221A02,Br. Brisas de Sotavento,4,2,6,KR 55 - CL 161A,099b84eb-f909-441e-95d7-c0ab5292fd64
"-74,05691213","4,746717936",11763,224A02,Br. Picadelly,4,2,6,KR 55A - CL 163,31190434-7eaa-4c5e-972e-3f13e91188d4
"-74,1438676","4,602992322",11764,418A09,Parque San Andrés,4,2,6,TV 72D - CL 40 Sur,2a60a55f-dac4-4642-a0dd-4e5f8b969dbe
"-74,15061274","4,613364234",11765,033A09,Br. Timiza,4,2,6,CL 40 Sur - KR 73,09297d79-ab82-4726-9d2f-46b85cb47770
"-74,1747487","4,616853594",11766,311A08,Br. Casablanca Sur,4,2,6,CL 54 Sur - KR 80 D,016c929d-294e-4c42-8b62-120bf81ad198
"-74,17569496","4,618529203",11767,324A08,Br. Gran Britalia,4,2,6,CL 54 Sur - KR 81A,1b02ae79-2984-46c1-a57d-cf0977b288e0
"-74,10161331","4,487485007",11768,171A12,Br. Puerta al Llano,4,2,6,KR 7C Este - CL 114 Sur,c7a4a05d-56d1-4bad-aef6-cecfd50121c8
"-74,10418445","4,497130552",11769,183A12,Br. Alfonso López Sector La Alborada,4,2,6,CL 94 Sur - KR 5H Este,169758a5-864b-44eb-8049-066ecf6bb27e
"-74,10628941","4,497485238",11770,177A12,Br. Alfonso López Sector La Alborada,4,2,6,CL 94 Sur - KR 5C Bis Este,a07cc1fa-c1d4-48b7-9809-0d906fbb70e6
"-74,02720812","4,765895959",11771,470A01,Br. Buenavista,4,2,6,KR 6A - CL 188C,d6de3523-4572-477f-80f8-b1f8b53c5b9f
"-74,02624009","4,765265857",11772,472A01,Br. Buenavista,4,2,6,KR 5D - CL 188B,00b28611-be9e-4f46-90b1-0ed10a3b0150
"-74,02579905","4,766515899",11773,474A01,IED Nuevo Horizonte,4,2,6,KR 5B - CL 189B,f1a05808-2c8d-4a8b-a5c2-f2371918bbac
"-74,02438097","4,769110829",11774,481A01,Br. la Estrellita I,4,2,6,CL 192C - KR 4A,63de98b5-5bf6-4771-ae2e-1001bec1f675
"-74,02157381","4,762390837",11775,456A01,Br. El Codito,4,2,6,KR 2 E - CL 185C-05,8c698946-f754-4516-9a9a-8156ecdceeae
"-74,02993731","4,76448445",11776,441A01,Br. Tibabita,4,2,6,KR 8C - CL 185B,e185dde6-6eb2-425f-aa6b-6e3d29ca3fb7
"-74,03842845","4,764632392",11777,521A01,Br. Verbenal II,4,2,6,CL 187 - KR 17-30,cb4d3163-0db1-4044-9e82-cb95de8a8e06
"-74,04196848","4,763524773",11778,426A01,IED Aquileo Parra,4,2,6,CL 187 - KR 19A-85,8b5d0a7b-ee16-4d97-9045-bd451732f587
"-74,09986315","4,487534372",11779,374A12,Br. Puerta al Llano,4,2,6,CL 108 Sur - KR 8 Este,12190778-3ff4-4f3d-b321-4b498922ab1c
"-74,11569057","4,500053009",11780,158A12,Desarrollo Brazuelos I,4,2,6,DG 99 Sur - KR 8A,27681889-1a96-4dfa-8222-c60fe4f54d39
"-74,05400505","4,660297772",11781,106A00,Gimnasio Moderno,4,2,6,KR 9 - CL 76,37d76f6c-4708-4f5f-88f2-b92f92071434
"-74,16115803","4,599595345",11782,347A09,Br. Villa del Ría II Sector,4,2,6,CL 57B Sur - KR 70,4a833bb5-dcbd-434e-99b2-5e58535675d0
"-74,14522037","4,602420332",11783,416A09,Br. El Progreso I Sector,4,2,6,TV 72D - CL 43 Sur,c19a6255-bf5a-4a33-90ac-1115eac0d13b
"-74,14399328","4,603881243",11784,508A09,Br. La Campiña,4,2,6,CL 40 Sur - TV 72D Bis,b4577652-6765-426a-ac2d-ac3c0efe63fe
"-74,10717611","4,625575399",11785,108A07,Br. San Francisco,4,2,6,AC 6 - TV 49,984638d0-9171-479f-9a59-91298250865a
"-74,10678539","4,623055272",11786,092A07,Br. San Francisco,4,2,6,AC 6 - TV 47,aaad557d-77a8-4ce3-8aad-6ef9cc7d61b4
"-74,10646634","4,620963358",11787,030A07,Br. San Francisco,4,2,6,AC 6 - TV 44,ac89b648-efb8-4379-a438-7b61c0b30ee4
"-74,1570072","4,599957711",11788,350A09,Br. Villa del Río,4,2,6,CL 57B Sur - KR 64B,d753c94c-47a0-4d92-aa45-09530564c9b1
"-74,11779522","4,55667743",11789,390A12,Br. Molinos del Sur,4,2,6,CL 49B Bis Sur - TV 5Y,4a3851f8-679e-45cc-8e38-3094d6c8e3c3
"-74,11748147","4,558222049",11790,274A12,Br. Molinos del Sur,4,2,6,TV 5Y - DG 48L Sur,5fcd188c-c38a-410b-8884-e2a79a77df8b
"-74,1166766","4,559487104",11791,275A12,Br. Molinos del Sur,4,2,6,TV 6 Bis - DG 48J Sur,6b1e15f8-1b26-45f2-afad-52727498a09b
"-74,04505553","4,736679189",11792,317A01,Br. Las Margaritas II Sector,4,2,6,AC 153 - AK 19,537badb8-15e9-4bde-a25e-8e4b449518b5
"-74,15656682","4,548953106",11793,143A11,Br. Brisas Del Volador,4,2,6,CL 70 Sur - KR 24,7a514b12-5e27-47c6-a2af-088ef8542c91
"-74,15865599","4,54646313",11794,140A11,Br. Bella Flor,4,2,6,KR 26C - DG 72D Sur,742fa128-ca39-41b6-9b9a-5afdf6c40823
"-74,15935487","4,546723807",11795,139A11,Br. Bella Flor,4,2,6,KR 26C - CL 72D Sur,e2b57072-1320-4713-a395-605e9575646e
"-74,15661188","4,548799735",11796,144A11,Br. Brisas Del Volador,4,2,6,CL 70 Sur - KR 22A,c9231066-df15-46a7-a751-6bc33323391f
"-74,04566985","4,737182961",11797,059A01,Br. Villa Magdala,4,2,6,AC 153 - KR 20,bb2fdac1-bdc8-4193-b2a2-7a464f3439ed
"-74,03715087","4,809839409",11798,178A02,Br. La Floresta,4,2,6,Auto Norte - AC 235,e7121a20-b4d0-443f-addf-fa915c6c8f29
"-74,18547775","4,632442569",11799,148A08,Br. El Porvenir III Sector,4,2,6,AV. Tintal - CL 54 Sur,3d39a0cb-70ef-44f7-9c82-e7d72d8675b9
"-74,08891646","4,51546089",11800,133A13,Cl 75B S,4,2,6,AV. Circunvalar - CL 75B Sur,a18d2eed-022d-4024-8a70-1a39fd0971cc
"-74,09007081","4,517369386",11801,127A13,Pq San Cayetano,4,2,6,AV. Circunvalar - CL 73A Sur,4130dc47-bb86-4c0b-a02e-49a8567816bb
"-74,0910395","4,519420524",11802,135A13,Br. Juan Rey,4,2,6,AV. Circunvalar - CL 71B Sur,5bbbfc68-1e19-4305-b92d-69ec7c0c7c38
"-74,09065837","4,534297725",11803,076A13,CED. Los Libertadores,4,2,6,KR 11 E - CL 55 Sur,70a55336-587c-4fc5-ac7a-fa68b80409d6
"-74,08800273","4,540379605",11804,082A13,Pq. Nueva Gloria,4,2,6,TV 11 B E - CL 47 Sur,2e5114d3-238a-46cd-a7ae-a29310f846c4
"-74,08784582","4,543036112",11805,085A13,Br. Altamira,4,2,6,DG 46 Sur - KR 11 Bis A E,0cc52c20-93b5-46be-beac-16a045ed0fca
"-74,08951095","4,544529059",11806,086A13,Br. La Gloria,4,2,6,KR 9 E - CL 44 Sur,4103f036-50b4-49c9-a508-156432e8ac2e
"-74,09301785","4,551050274",11807,519A13,Br. La Victoría,4,2,6,CL 40 Sur - KR 3C Este,5394d846-4982-4fbe-a49f-29b0e82fc370
"-74,0945472","4,55157881",11808,171A13,Br. La Victoria,4,2,6,CL 40 Sur - KR 3 E,7dda96be-c228-4585-be1e-34745f23d571
"-74,13669499","4,558595573",11809,339A11,Br. Meissen,4,2,6,AC 60G Sur - KR 17 BIS A,10b498a2-2475-43a8-872d-5c3ccff37179
"-74,13158295","4,560808264",11810,353A11,Br. Tunjuelito,4,2,6,AK 16B - CL 59-34 Sur,d325ba49-9dc7-4c2f-89e9-4b5b7145499c
"-74,12973058","4,561828543",11811,357A11,Br. Tunjuelito,4,2,6,KR 16 - 56-40 Sur,dc9b90a8-b9ce-45e8-93c3-3099a57da3da
"-74,09553901","4,550817719",11812,169A13,Br. San Martín de Loba,4,2,6,CL 41 Sur - KR 2 E,5440cc9b-301f-4dc2-a813-aae82a66bec8
"-74,08949021","4,544712504",11813,087A13,Br. La Gloria,4,2,6,KR 9 Este - CL 43B Sur,ccdd1de4-fdf7-4974-b0f9-77a12f832fa2
"-74,08778204","4,542821418",11814,084A13,Br. Altamira,4,2,6,DG 46 Sur - KR 11 Bis A E,12f5fc16-eb64-4aa0-b004-32f0e116972a
"-74,0881982","4,540374874",11815,083A13,Pq. Nueva Gloria,4,2,6,TV 11 B E - CL 47 Sur,fa252c7c-6a2b-4708-9c4d-b900f8e6688f
"-74,09073431","4,534410023",11816,077A13,CED Los Libertadores,4,2,6,KR 11 E - CL 55 Sur,106c6f6a-e1e6-4abf-a44e-9c5dc2fd8e2c
"-74,0907544","4,532620313",11817,075A13,Pq. Los Libertadores,4,2,6,KR 11 E - CL 56 Sur,9ebfac75-b0bd-4159-896e-38f239ea751d
"-74,09113897","4,519412923",11818,134A13,Br. Yomasa,4,2,6,AV. V/Cio - CL 72A Sur,4c5923c6-6acb-4747-9788-83121acfb7f9
"-74,09051789","4,517599342",11819,126A13,Pq San Cayetano,4,2,6,AV. Circunvalar - CL 73A Sur,91ceb2d9-cb7e-421b-b706-3cfebe41f358
"-74,08911323","4,515703101",11820,132A13,Cl 75B S,4,2,6,AV. Circunvalar - CL 75B BIS Sur,8bc01531-5ddf-40a7-8aba-833ca676e4d0
"-74,09143197","4,583053087",11821,324A12,Br. Ciudad Berna,4,2,6,AC 11 Sur - KR 10A,c419f39b-94b6-487f-9df7-0760db9fecac
"-74,17115699","4,58974314",11822,200A10,Br. Galicia,4,2,6,CL 62D Sur - KR 76G,3ccc51f8-c6ed-41b6-85eb-3d9b8d0031ce
"-74,1726791","4,590943575",11823,183A10,Br. La Primavera I,4,2,6,TV 73B - CL 62A Sur,0ca17825-33a7-4ee6-a39a-7260d5dff1f0
"-74,17134779","4,589629191",11824,199A10,Br. Galicia,4,2,6,CL 62D Sur - KR 73G,0d2eef75-3ceb-425b-ae82-a3ba25994d32
"-74,16772302","4,589637874",11825,107A10,Br. Barlovento,4,2,6,CL 62D Sur - KR 72,04886676-d554-4fbc-8f63-7acd2296cb82
"-74,09228401","4,5834368",11826,323A12,Br. Caracas,4,2,6,AC 11 Sur - KR 11A,5c65ff1a-a6b3-4b27-a8d3-491cb3ce44d9
"-74,09076857","4,582388447",11827,325A12,CAI Ciudad Berna,4,2,6,AC 11 Sur - AK 10,e7dcde9c-61c5-4647-be27-245ba590ee0b
"-74,12976285","4,687175929",11828,115A06,Br. Veracruz Sector II,4,2,6,KR 100 - CL 25H,7e74a07c-f6e8-4676-8444-9ad6630dc25b
"-74,14051295","4,708236234",11829,066A05,Br. Los Laureles,4,2,6,KR 113B - CL 63C,ac7d3ea6-576b-4bdf-b7a9-b54556e20f4a
"-74,14612333","4,607163281",11830,038A09,Br. La Campiña,4,2,6,CL 40 Sur - KR 72G,8a34741c-e724-40f0-bcc6-e6298ae5e12b
"-74,08674459","4,598050215",11831,060A00,Br. La Estanzuela,4,2,6,AC 6 - KR 16A,b0bc792d-01de-4169-95f8-8de6fc8b0d68
"-74,08405329","4,596510874",11832,064A00,Br. San Bernardo,4,2,6,AC 6 - KR 12A,3f443fe4-71cd-42b8-8bff-398325883309
"-74,08269215","4,593584532",11833,450A00,Br. San Bernardo,4,2,6,CL 4 - AK 10,f46fc292-f3ce-44c7-beac-241dc22241cf
"-74,08526198","4,59520752",11834,442A00,Br. San Bernardo,4,2,6,CL 4 - KR 12,2ebbe8ce-561b-4a29-80c9-95e9062487df
"-74,08778841","4,596633151",11835,441A00,Br. Eduardo Santos,4,2,6,CL 4 - KR 16,98188070-9ede-4a31-acad-aec1c526ee6b
"-74,09131303","4,597448466",11836,437A00,Br. La Estanzuela,4,2,6,DG 4A - KR 18C,b2f99072-7aa0-4851-8386-6a4b901123fb
"-74,13265753","4,617908667",11837,605A08,Br. Hipotecho Occidental III,4,2,6,CL 8 Sur - KR 70,19ecab98-d579-488d-91ea-8075c3f616fa
"-74,12850842","4,745238014",11838,252A03,Br. Santa Rita de Suba,4,2,6,KR 158B - CL 138B,ab3f2276-4255-43d9-b382-0f0d1c26d272
"-74,126915","4,743088",11839,141A03,Br. Villa Cindy,4,2,6,KR 156 A - CL 136 A,3f903c49-2432-4c68-92e6-bc30ade64e65
"-74,12442711","4,741976224",11840,125A03,Cl 132,4,2,6,KR 154 - CL 132,57cb7245-666b-4d7f-9d2b-d8a47f87612c
"-74,09737701","4,563312404",11841,047A13,Portal 20 de Julio,4,2,6,CL 32 Sur - KR 3F,1fcaf581-a705-4f16-ab3c-2f00f7a8e423
"-74,09708579","4,562145794",11842,028A13,Br. Villa de los Alpes,4,2,6,KR 3B - CL 32B Sur,f6c83f89-0ef6-4da2-8a70-bf75301aee62
"-74,09854157","4,561001728",11843,031A13,Br. Villa de los Alpes,4,2,6,KR 3B - CL 36 Sur,ee169be5-b97f-40de-80ed-af0a4dceb809
"-74,09228656","4,551015764",11844,069A13,Br. La Victoria,4,2,6,KR 4 E - CL 39 Sur,2f5f20f7-5a3c-4d8b-85e5-99a6681fc2bd
"-74,09483049","4,546637456",11845,165A13,Cl 44 Sur,4,2,6,TV 3C E - CL 44-27 Sur,5302c197-5339-458e-ab42-48bcb3239346
"-74,09601549","4,54499523",11846,163A13,Br. Villa del Cerro,4,2,6,KR 3B E - CL 46 Sur,962a7c8c-b72c-4321-b917-0bb0f5d429cf
"-74,09445209","4,546963167",11847,166A13,Br. la Gloria Oriental,4,2,6,TV 3C E - CL 44 Sur,4b69b3e6-5e65-4502-8cb5-ce3af1c427b1
"-74,11702025","4,709447973",11848,051A04,Br. Garcés Navas Oriental,4,2,6,KR 104 - CL 76,f0e2154b-3b75-4f94-857a-a45daf7a4edc
"-74,11558299","4,712306074",11849,049A04,Br. Garcés Navas Oriental,4,2,6,KR 104 - CL 78 C Bis,c16b2471-e8c4-4a05-abdf-3344ead9a5e9
"-74,12288291","4,740640711",11850,126A03,Br. Lisboa,4,2,6,CL 130 - KR 153,bd23b2ab-7be3-49b0-a72b-55f1d5d25fdd
"-74,12245936","4,74252823",11851,257A03,Kr 152,4,2,6,KR 152 - CL 132,7b67549b-a24d-4d28-bfa7-c617a5a0088d
"-74,05187564","4,667983244",11852,281A00,C.C. La Cabrera,4,2,6,AC 85 - AK 11,beb15941-34d0-44ec-9354-4f3d9595c587
"-74,15616523","4,621137359",11853,192A08,Br. Bosques de Kennedy,4,2,6,KR 78K - CL 40B Sur,66cc79bd-81ca-4402-ae1f-55d6ba0b9207
"-74,1561172","4,612955423",11854,394A09,Pquia. Santo Tomás,4,2,6,CL 41B Sur - TV 74,904d5331-38b1-463c-bf88-051a4caae12c
"-74,16210894","4,61166212",11855,382A09,Br. Tocarema,4,2,6,KR 78 - CL 43A Sur,5d7fb29f-ebe7-48e4-abb2-5e3261643ca8
"-74,15987084","4,616636237",11856,336A08,IED Los Periodistas,4,2,6,CL 42 Sur - TV 78H,55d2552a-7afb-49e8-991b-5d9c1f9420c1
"-74,14405485","4,626346493",11857,490A08,Br. Ciudad Kennedy,4,2,6,DG 5A - KR 74,27c67688-d5be-4ce9-8043-bb3d22250e8b
"-74,14275783","4,626624193",11858,520A08,Br. Ciudad Kennedy,4,2,6,KR 73B Bis - DG 3,af71e611-c6a0-4036-9202-e6490ee8bf92
"-74,12308451","4,722097243",11859,162A04,Hacienda Santa Isabel,4,2,6,Cl 78 B - Kr 114,8bce2e1a-4ac1-4033-b41a-0c76bb01ca15
"-74,12565976","4,72141406",11860,341A04,Br. El Dorado Industrial,4,2,6,KR 116 - DG 77B,81b1c1c4-5ef8-41ca-b6a7-83893f8d81a3
"-74,12697565","4,721874135",11861,336A04,Br. El Dorado Industrial - Santa Isabel,4,2,6,DG 77B - KR 116B,253eff09-f997-4967-a5dc-2a98578b54f2
"-74,13037569","4,722573902",11862,268A05,Br. Engativa El Dorado,4,2,6,DG 77B - 119A,0d751334-7a5e-4870-aaf0-c9fd25505a2a
"-74,13356041","4,722978885",11863,356A05,Br. El Porvenir,4,2,6,TV 123A - DG 77B,eeb28494-fdb6-48b9-a67c-28ab5cbbd3db
"-74,13572726","4,722872687",11864,413A05,Br. El Gaco,4,2,6,TV 129 - DG 77B,a7530623-a061-46bd-8116-9b33748d1101
"-74,133066","4,720675",11865,353A05,Br. Villas de Alcalá,4,2,6,DG 77 - TV 120A,b675f8de-ee33-49e5-a405-c7d40570e6c1
"-74,13277534","4,720671193",11866,354A05,Br. Villas de Alcalá,4,2,6,DG 77 - TV 120A,77e879e6-13aa-4862-b6a9-21583e05d178
"-74,13553772","4,723214931",11867,414A05,Br. El Gaco,4,2,6,TV 129 - DG 77B,a5f94002-cc62-4d98-9343-f5c77f9c6ab2
"-74,13353317","4,722800463",11868,355A05,Br. El Porvenir,4,2,6,TV 123A - DG 77B,fbfb35b8-9ac3-4c4c-85c1-f76c4f0dfa4b
"-74,12983392","4,722376114",11869,267A05,Br. Engativá El Dorado,4,2,6,DG 77B - TV 119A,c48b2a8a-1e37-43e5-9bdf-5fcabbf0f7c8
"-74,12786718","4,722095181",11870,161A04,Br. Los Cerezos,4,2,6,DG 77B - KR 119A,af4bab02-a9cd-4fd9-b254-284c5c244a04
"-74,12540686","4,721518436",11871,344A04,Br. El Dorado Industrial,4,2,6,KR 116 - DG 77B,33cc5ca7-5b81-45d4-8536-66c859f9e6cb
"-74,1240209","4,720861403",11872,243A04,Éxito Gran Granada,4,2,6,CL 78B - KR 114A,b33b5b9b-fe27-4919-9218-63c005ae0a1c
"-74,10899913","4,661102899",11873,375B06,Estación Av. Rojas,4,2,6,AC 26 - KR 69D Bis,8595b8dc-f59f-4ca9-b225-88e9c60451fd
"-74,11073901","4,660550304",11874,060A06,La Esperanza Norte,4,2,6,CL 25 - KR 69 D Bis,212de64e-0bd3-4ec7-a84d-8b5ec4ba6afa
"-74,14014618","4,591867505",11875,259A10,Sede Comunal Barrio Venecia,4,2,6,DG 49 Sur - KR 52,e59a2589-a03a-4076-9571-a4e3c55b1def
"-74,10129701","4,619247586",11876,277A07,Br. Los Ejidos,4,2,6,CL 12 - KR 39,c5cd0f66-c54f-488d-9445-64c2e3d6e17b
"-74,08606852","4,751462842",11877,108A03,Br. Campanella,4,2,6,AC 153 - KR 97B,9bd23496-4abf-42ca-9728-708ec9f28815
"-74,06033501","4,649298602",11878,104A00,Br. Chapinero Norte,4,2,6,KR 9 - CL 64,48a9160b-c4d2-41b4-aad2-4df786c0c3cd
"-74,0558339","4,660830964",11879,297A00,Embajada de Inglaterra,4,2,6,CL 76 - KR 10,c4d8c0f7-df6c-4494-81bc-fe939ff473e9
"-74,08322267","4,749007383",11880,038A03,Br. Tuna Alta,4,2,6,KR 92 - CL 152A,69be7d4e-9a61-4066-95a9-922ef91b8c70
"-74,03144439","4,762700616",11881,596A01,Br. San Antonio Norte,4,2,6,AK 9 - CL 185B,fb400dfb-576c-4d91-b841-115cb18d66ca
"-74,09217303","4,72909901",11882,373A03,COSTA RICA,4,2,6,CL 130C - KR 94D,df9d80cb-4736-40cb-93fd-2101cafb0762
"-74,04255377","4,743320423",11883,104A01,Br. Las Orquídeas,4,2,6,CL 163A - KR 19A,58706590-ab3b-4e70-a0f9-fbd8b56e6f8c
"-74,10869025","4,752484541",11884,412A03,Conjunto Residencial Yerbamora II,4,2,6,KR 128 - CL 144,2dd106af-2159-44ad-b30b-eda85a79954d
"-74,13251472","4,582923273",11885,149A10,IED Rafael Uribe Uribe,4,2,6,CL 48C Sur - KR 28,e1e8d278-1aa7-48dd-a4d5-29a2f6fa2c11
"-74,10525326","4,695899434",11886,004A04,Br. La Soledad Norte,4,2,6,AC 72 - TV 83 Bis,03b9fabc-8d3a-4502-b4e2-44e7cac4f347
"-74,14562256","4,563122942",11887,320A11,Br. San Francisco I Sector,4,2,6,CL 64 Sur - KR 20A,589d303c-9a7b-47f2-9383-5aaeb2c4c4a3
"-74,11116164","4,6141968",11888,321A07,Br. Primavera Occidental,4,2,6,KR 41A - CL 3C,ecc3ec56-5b36-4579-a651-d7fb721d35c5
"-74,10648573","4,616111707",11889,244A07,Br. Primavera Occidental,4,2,6,KR 41A - CL 5B,f5b4fd7a-9f59-47e5-a739-ff12a35eb980
"-74,10652555","4,616187951",11890,328A07,Br. Primavera Occidental,4,2,6,KR 41A - CL 5B,101c9b32-d014-4bcf-a64a-509b71c83658
"-74,10890175","4,615222598",11891,243A07,Pq. Primavera,4,2,6,KR 41A - CL 4C,9179b2a7-f652-4159-9d51-24e0223725b8
"-74,11145414","4,614175454",11892,242A07,Br. Primavera Occidental,4,2,6,KR 41A - CL 3B,6de6d544-be69-4b7e-8f09-00313d0ee236
"-74,14488575","4,560604485",11893,315A11,Br. Millán,4,2,6,DG 64 Bis Sur - TV 19C,313b7ad9-5046-4078-9a7b-ebd77840613a
"-74,03442383","4,700658442",11894,621A01,Br. Multicentro,4,2,6,AK 11 - CL 123,a713ce71-f225-4c0b-a81b-7b1a666b5363
"-74,03564721","4,698162384",11895,622A01,Br. Santa Bárbara Central IV Sector,4,2,6,AK 11 - CL 119,3c0c6922-d08a-4a44-8084-19d8d92ca812
"-74,03750553","4,694325421",11896,623A01,Br. Santa Bárbara Central III Sector,4,2,6,AK 11 - CL 115,1be52fe7-029f-43d6-82f8-7d7cd8ec7cee
"-74,15354729","4,673514242",11897,132A07,Zona Franca,4,2,6,KR 106 - AV. Centenario,b40b260d-5099-48de-951d-3f7e10d9e3b0
"-74,15317097","4,670174311",11898,227A07,Br. Sabana Grande,4,2,6,KR 104 - DG 15A,f8706303-9264-48bd-9877-5243277d060e
"-74,1460291","4,671536663",11899,405A06,Hospital Fontibón,4,2,6,KR 99 - CL 16 I,9338356a-f453-4117-892d-7952354c8190
"-74,19953465","4,626612995",11900,262A09,Br. Santa Inés,4,2,6,CL 71 Sur - KR 89B,0ad66d36-beb5-49e1-99d5-41a92dad073f
"-74,19871407","4,624083463",11901,260A09,Br. San Antonio,4,2,6,CL 71 Sur - KR 88F,de1bcca2-fb20-4f11-a184-27db12870a41
"-74,19673316","4,622351003",11902,263A09,Desarrollo Recuerdo,4,2,6,CL 70 Sur - KR 87K,8e8717f9-c4f8-4cc8-aef1-7d784cc2fadf
"-74,19542583","4,605555595",11903,181A09,Br. El Retazo,4,2,6,KR 80 - CL 71B Sur,805f5a95-4a17-44ea-b846-ea2c51b2f889
"-74,19488617","4,605524897",11904,182A09,Br. El Retazo,4,2,6,KR 80 - CL 71A Sur,5fb33947-2745-4736-b0d7-404baae9da85
"-74,1940037","4,605342446",11905,184A09,Br. El Retazo,4,2,6,KR 80 - CL 70D Sur,246212f8-f618-4c95-9dbe-e8655bc5f01e
"-74,19360718","4,605200123",11906,183A09,Br. El Retazo,4,2,6,KR 80 - CL 70C Sur,550e9d5b-44b4-4da2-9c73-51fc56bac722
"-74,19279274","4,605024127",11907,179A09,Br. El Retazo,4,2,6,KR 80 - CL 70A Sur,ef3d9e5e-2f19-47ca-84c8-ae4056b2df79
"-74,19242025","4,605023448",11908,180A09,Br. El Retazo,4,2,6,KR 80 - CL 70 Sur,4d377123-2307-4544-bb1c-886cf4fd6790
"-74,19096442","4,603392662",11909,217A09,Br. El Retazo,4,2,6,DG 69B Sur - TV 78L,f754b7bb-d04e-490f-badf-f3bc7fdac135
"-74,19093711","4,603657014",11910,218A09,Br. San Pablo Bosa,4,2,6,DG 69B Sur - TV 78L,07bf09e9-b47d-44b6-8e42-a70af794f09f
"-74,16597504","4,640460018",11911,063A08,IED Instituto Técnico Rodrigo de Triana,4,2,6,AK 89 - CL 35C Sur,af56e743-7606-47f8-938f-7aea38e14a77
"-74,16215204","4,568423391",11912,202A11,Parque Deportivo Arborizadora Alta,4,2,6,KR 42 - CL 72A Sur,8198132e-4e3a-4fbc-94e1-370897392ad7
"-74,16188768","4,5685851",11913,203A11,IED Arborizadora Alta,4,2,6,KR 42 - CL 69 Sur,4629618b-47de-4a38-8304-ae58e72d8a01
"-74,15994695","4,568617047",11914,206A11,Br. Arborizadora Alta,4,2,6,KR 42 - CL 70C Sur,571a845f-03c3-4fdd-8809-c4610ad99c38
"-74,15988724","4,568780462",11915,207A11,Br. Arborizadora Alta,4,2,6,KR 42 - CL 69N Sur,0ea150db-50d8-4e4d-b247-94115ecab559
"-74,15739419","4,64506515",11916,141A07,TINTALA I,4,2,6,CL 6A - KR 88,00ed9b94-21bd-4e02-8f8a-92abfc58f74c
"-74,1470451","4,600797744",11917,406A09,Br. Las Delicias,4,2,6,CL 44 Sur - TV 72C,331f1d8a-d276-4491-8723-c3a5ba112da2
"-74,10249993","4,575466451",11918,045A12,Br. Gustavo Restrepo,4,2,6,CL 27 Sur - KR 12B,d7deeb4b-7e59-4ac7-bd57-2a64a038921e
"-74,10092553","4,756483012",11919,120A03,Br. Los Almendros Norte,4,2,6,KR 115 - CL 151 D,b891985f-f212-4f5a-8e8b-f1c7620cb5fe
"-74,10050202","4,573935215",11920,043A12,Br. Sociego Sur,4,2,6,CL 27 Sur - KR 11,b54b6239-6ac4-449f-aabc-a653fb8e58e1
"-74,09860597","4,572464654",11921,064A12,Br. Sociego Sur,4,2,6,CL 27 Sur - AK 10,1dec5e94-f474-423a-ae9f-0929c21e615c
"-74,089904","4,600866",11922,042A00,Br. La Estanzuela,4,2,6,AC 6 - KR 19,26a9a272-6541-4d5b-b3f2-883359dfa690
"-74,06748917","4,595627417",11923,493A00,EAAB,4,2,6,KR 6 Este - CL 11,382fe0d0-156d-4003-8d91-88b60872ea2b
"-74,06702675","4,595793161",11924,494A00,U. Externado,4,2,6,AV. Circunvalar - CL 12,4f071921-0d09-440d-9ca5-f363a6ef2b4b
"-74,06545366","4,599645839",11925,499A00,Teatro La Media Torta,4,2,6,AK 1 - CL 19A,97f062ea-a5f9-4662-b23e-342b01a72073
"-74,06451541","4,603203203",11926,506A00,Br.. Quinta de Bolívar,4,2,6,CL 20 - KR 2 Este,d3d2fc5c-27b5-45b3-a66d-ff5e383c8319
"-74,0618605","4,603175555",11927,510A00,Telesféricos de Monserrate,4,2,6,AC 20 - AK 1,34fca81f-5e4b-4d49-a959-53871dff86e3
"-74,06165804","4,601341533",11928,509A00,Centro Las Gaviotas,4,2,6,AK 1 - CL 20,0cac2e83-302b-4aa6-9863-5eed465d9ee5
"-74,05976832","4,749843173",11929,076A02,Colegio Alfonso Jaramillo,4,2,6,CL 167 - KR 58A,e639895c-dda9-4733-abc3-0a6074464445
"-74,05923849","4,749619061",11930,090A02,Br. Portales del Norte,4,2,6,CL 167 - AV. Villas,c2844e02-efb0-4f13-bd34-fb0d97488397
"-74,02724001","4,73811756",11931,349A01,Br. San Cristóbal Norte,4,2,6,CL 162 - KR 8,f70b69cf-8aa4-4589-b12a-ab00cb98e421
"-74,08642555","4,531968448",11932,061A13,Cl 58 S,4,2,6,AV. Circunvalar - CL 58 Sur,8b9c6c04-4d6b-4b98-b273-23a47c02406e
"-74,111615","4,556915",11933,071A12,Br. Puerto Rico,4,2,6,KR 5I - CL 48J Sur,a512e33e-bd10-441e-9892-ba22e1862c40
"-74,13990819","4,576881748",11934,098A11,Br. Tunal Oriental,4,2,6,KR 25 - CL 55A Sur,d2bd8892-ba5c-409b-8ebb-612f4f84090c
"-74,1477367","4,629292381",11935,487A08,Kr 78 H,4,2,6,CL 3 - KR 78 H,090d534e-6a72-4962-b6bb-07cd58db310f
"-74,14658163","4,628119486",11936,489A08,Br. Mandalay,4,2,6,CL 3 - KR 78B,d3f1e688-1773-4606-85aa-4d0792cb1a60
"-74,14621479","4,643862062",11937,180A07,Br. Valladolid,4,2,6,CL 8B - KR 80D,300a5970-f0f5-4be9-8e44-09f99ec89859
"-74,14590214","4,644694602",11938,184A07,Br. Valladolid,4,2,6,CL 8C - KR 80F,a1851ee3-4813-4138-bda2-f5b90af99c3f
"-74,14146332","4,638914",11939,085A07,Parroquia Jesus Amor Misericordioso,4,2,6,KR 78 - AC 8,b13e61bc-1578-4815-af5f-914598bd3f6e
"-74,14044835","4,640934786",11940,086A07,Br. Castilla,4,2,6,KR 78 - CL 8C,716f1bc0-de18-4d2c-b14e-1e9be4d9938f
"-74,13548548","4,650082301",11941,237A07,Br. Visión de Oriente,4,2,6,CL 13 - KR 79A,8ff2864b-3141-47e2-9e98-4cee4a4648ad
"-74,13208199","4,645779486",11942,212A07,ICBF,4,2,6,AC 12 - KR 71,af7fd229-0515-422d-b92b-ec95ce3af4dc
"-74,11366382","4,625261348",11943,267A07,Br. San Rafael Industrial,4,2,6,KR 54 - CL 5C,a0ea740d-6e7b-4262-b5cb-0b907b5c13cb
"-74,11120303","4,618267826",11944,263A07,Jardin Infantil El Shaddai,4,2,6,KR 43B - CL 4F,dd6c99a5-c9b9-4966-81d6-fd883df4c59a
"-74,10817138","4,688376122",11945,330A05,PARQUE SAN MARCOS,4,2,6,KR 83 - CL 65C,bc4d392f-323b-4174-8665-83005e8693d1
"-74,10773658","4,620093275",11946,270A07,Centro Cultural La Francia,4,2,6,TV 43B - CL 5F,1deff559-04c3-4153-84da-88a2dbb479cb
"-74,09443583","4,614548988",11947,251A07,Secretaría de Salud,4,2,6,KR 32 - AC 13,29af6ddf-d9b3-4aec-a0c6-a771bfff7cb2
"-74,08521104","4,533924818",11948,060A13,Pq. Los Pinares,4,2,6,AV. Circunvalar - CL 48B BIS Sur,5c30bf75-de41-4fec-97e9-c9d0e715e8ca
"-74,08507536","4,533948568",11949,059A13,Pq. Los Pinares,4,2,6,AV. Circunvalar - CL 49 Sur,8fde057e-ae0e-4711-8ed5-c91fa21dc49d
"-74,07579297","4,698803299",11950,055A03,Br. Potosí,4,2,6,AC 116 - KR 70H,ba58f158-c697-4c48-a288-1a843b7240fe
"-74,07365333","4,699173918",11951,053A03,Iglesia San Nicolás de Toletino,4,2,6,AC 116 - KR 70C,ee242715-0843-4e55-b3f9-35f473f48d89
"-74,06281879","4,68964651",11952,054A02,Br. Pasadena,4,2,6,KR 53 - CL 102,f7765bfd-2e1d-41d4-8c4b-82a1d635a217
"-74,0628039","4,692293506",11953,056A02,Br. Puente Largo,4,2,6,KR 53 - CL 103B,4040609c-e370-49ce-9817-350587dac1ec
"-74,06276886","4,696541853",11954,058A02,Br. Puente Largo,4,2,6,KR 53 - CL 107,3735e5ce-654a-48cb-93fd-36d3bebc41d2
"-74,06260887","4,69538731",11955,059A02,Br. Pasadena,4,2,6,KR 53 - CL 107,2d2fd6d7-92d2-4c8a-9fd3-950c09692b0e
"-74,0625637","4,699266325",11956,060A02,Br. Mónaco,4,2,6,KR 53 - CL 114,1cc59b01-5c65-45ee-a99f-f43de915fc06
"-74,06229866","4,699694741",11957,061A02,Br. Mónaco,4,2,6,KR 53 - CL 115,22b92819-00c0-42de-bf63-6b60b4fcd232
"-74,05601317","4,735778848",11958,216A02,Br. Mazurén,4,2,6,CL 152 - KR 54,39d7344b-ab30-40b2-9fb6-16ee4f7e3698
"-74,05304472","4,735419866",11959,219A02,Pq. Mazurén,4,2,6,CL 152 - KR 50,113c78cf-69bb-437b-981f-9adc523eb10a
"-74,023858","4,756847",11960,445A01,Br. Santa Rosa El codito,4,2,6,KR 6 - CL 179,697e1488-e6b0-4133-8d44-39d9598b8c34
"-74,023416","4,75408",11961,442A01,Claustro Moderno,4,2,6,CL 175 - KR 6,355f83f3-963c-423b-a05c-ec210895c4fb
"-74,12040125","4,724312642",11962,245A04,Urb. Parque de los Sauces,4,2,6,CL 81 - KR 115,3a4043a8-9b07-4bfc-8295-7f73027b71ce
"-74,12373245","4,727361857",11963,061A04,Br. El Cortijo,4,2,6,KR 119 - CL 80A,ed1f9888-6f58-4a42-87f0-8850f5e0d5b7
"-74,15578347","4,696974165",11964,096A06,Urbanización Brisas,4,2,6,KR 129 - CL 22G,813a0c88-9fd5-4c44-9fa6-11cf47e10ec7
"-74,15056509","4,694172893",11965,055A06,Br. El Refugio,4,2,6,AC 24 - KR 122,31b51dea-a1a1-4a6d-af1d-32668fb09a90
"-74,08702837","4,677680618",11966,303A05,Br. Bella Vista Occidental,4,2,6,CL 71 - KR 68B,0a600b7f-b288-4101-875c-9a86f42f435a
"-74,05119483","4,738088102",11967,008A02,Colegio Sagrado Corazón de Jesús,4,2,6,AC 153 - KR 45,a57b4ed6-9ee8-40da-abb9-771feada893e
"-74,03668744","4,760340363",11968,329A01,Ciudad Cooperativa La Libertad,4,2,6,AC 183 - KR 14,3452b37c-2323-4ee3-a3d5-628df312da0e
"-74,03626546","4,760209519",11969,574A01,Urbanización Terraza de San Antonio,4,2,6,AC 183 - KR 14,dd1684e2-1b34-4c3f-9563-657f5e5448f5
"-74,03469863","4,760227832",11970,323A01,Ciudad Cooperativa La Libertad,4,2,6,AC 183 - KR 11,7e1765af-0f35-4833-a6bd-d79c9250dbb3
"-74,10353508","4,743355939",11971,071A03,Br. Tibabuyes II,4,2,6,CL 139 - KR 111B Bis,eb265a8d-7ebc-49f8-9ffe-ec0839ab61ef
"-74,09895709","4,741800474",11972,069A03,Br. Tibabuyes II Sector 2,4,2,6,CL 139 - AV. C. de Cali,f8430d22-8035-4865-af06-253338cc7487
"-74,08219099","4,586878657",11973,325A13,Br. Las Cruces,4,2,6,AC 1 - KR 7,360413b8-b324-4665-86a7-d838c4576642
"-74,15878643","4,646945969",11974,299A07,PRADOS DE CASTILLA -B-,4,2,6,CL 6A - KR 88D,8c203807-bf51-4215-8981-42c2674456a0
"-74,08579009","4,551710828",11975,181A13,Br. El Futuro,4,2,6,AV. Circunvalar - CL 36A Sur,fd2e11a0-06e4-4f7d-861e-dcec9bba0022
"-74,20652229","4,63694387",11976,227A08,Colegio Carlos Pizarro León Gómez,4,2,6,CL 73 Sur - KR 103,9822ce39-06a9-4230-bea2-935a91e3461c
"-74,20639458","4,636863483",11977,228A08,Conjunto Residencial Casagrande,4,2,6,CL 73 Sur - KR 104,8966e712-c792-4284-a0b5-fa6879ae01e7
"-74,08569017","4,551913811",11978,182A13,Br. San Vicente,4,2,6,AV. Circunvalar - CL 36A Sur,ae3a3216-9aba-4f3d-8ee1-2390b6c53854
"-74,08627843","4,532222636",11979,062A13,Br. Los Libertadores,4,2,6,AV. V/Cio - CL 58 Sur,a38941f9-e617-42e0-a595-2c35a7e21739
"-74,10869125","4,71899789",11980,150A04,Br. Bolivia Oriental,4,2,6,DG 86A - KR 103C,4aab85b8-15c4-45e0-9913-cbfd485dbdbc
"-74,10053386","4,671966161",11981,422A05,La Reliquia,4,2,6,CL 63A - KR 70C,a6fc05a2-3403-4792-9c80-66f15e9a0500
"-74,12329305","4,742866242",11982,505A03,Br. Lisboa,4,2,6,CL 132D - KR 152,2799ac44-8529-4847-a6cc-60977d9d3683
"-74,11145842","4,742872118",11983,092A03,Br. La Gaitana,4,2,6,TV 127 - CL 132D,7a5df6a4-56f7-4674-9da5-f8d23cd1a86a
"-74,10888534","4,744783852",11984,090A03,Br. La Gaitana,4,2,6,TV 127 - CL 137,d3e688e3-a805-4e63-ae5a-c0c78f851f0c
"-74,10720621","4,744870267",11985,580A03,Br. La Gaitana,4,2,6,CL 139 - KR 118,7c8187d2-ecb0-405e-9cde-5b88bb1c2e17
"-74,10096187","4,742504672",11986,544A03,Br. Tibabuyes II,4,2,6,CL 139 - KR 109,3a7a4f43-4e57-4df1-992d-da8a3749724c
"-74,09258397","4,739470812",11987,068A03,Br. La Chucua - La Trinitaria,4,2,6,CL 139 - KR 99,89a75c5e-6f19-4351-bc31-0bc38b417408
"-74,08989123","4,73862249",11988,067A03,Conjunto Residencial El Bosque de Suba,4,2,6,CL 139 - KR 95B,42726099-70f8-4518-977f-27ee2df2d4e6
"-74,07001422","4,730258724",11989,130A02,Br. Atenas,4,2,6,AC 138 - Kr72A,e4be19a7-fee6-40f6-b459-c12396cd2441
"-74,07198197","4,730944376",11990,131A02,Br. Atenas,4,2,6,AC 138 - 73-52,27c8cf8f-fd1a-4a93-bd25-c3eafbda0a4e
"-74,07358941","4,731361",11991,027A02,Br. Atenas - Hibernia,4,2,6,TV 75 - 138,2ded0037-6b07-4bf6-840e-10ba4b5985bd
"-74,100914","4,742594654",11992,581A03,Br. Las Flores,4,2,6,CL 139 - KR 109,b2e7914d-d308-4fff-93c8-044c909b9865
"-74,10233412","4,743054397",11993,070A03,Br. Las Flores,4,2,6,CL 139 - KR 110B,888f6243-a295-4537-a6c6-b39561b2a548
"-74,10872717","4,74508833",11994,089A03,Br. Tibabuyes Universal,4,2,6,TV 127 - DG 138C,e83dece4-a4b3-4796-bc4b-699fd6607309
"-74,11139736","4,743083755",11995,091A03,Br. La Toscana,4,2,6,TV 127 - CL 132D,3af2cd40-e70c-439e-a32e-ebadfdee64b1
"-74,10814134","4,554930086",11996,295A12,Br. Los Molinos I Sector,4,2,6,TV 5A - CL 48K Sur,65131375-4f7e-4656-99ce-6ddd8990e292
"-74,19996512","4,62778932",11997,252A09,IED San Bernardino El Recreo,4,2,6,CL 71 Sur - KR 91B,cc8818ad-7d65-44ae-88fb-dae069facbb9
"-74,19479175","4,641410778",11998,292A08,Br. Cañaveralejo,4,2,6,CL 56F Sur - KR 102A,4105cce6-4209-401e-9337-cfbae2bd4768
"-74,19347434","4,639356045",11999,521A08,Br. El Corzo,4,2,6,CL 56F Sur - KR 98C,2c171c2b-de72-492d-9447-f152fe204675
"-74,19343573","4,638881781",12000,545A08,Br. Santa Fe Bosa,4,2,6,CL 56F Sur - KR 98C,fa8961e8-673c-4e6b-af6c-c312039ce850
"-74,18824258","4,64305078",12001,234A08,Centro Comunitario El Porvenir,4,2,6,CL 52 Sur - KR 100,7bfb79d2-bf5b-42c8-a186-48215dab491d
"-74,18723591","4,641056734",12002,233A08,IED Ciudadela Educativa de Bosa,4,2,6,CL 52 Sur - KR 97C,47053438-4631-467a-8245-97532d04dafc
"-74,18692761","4,622535096",12003,266A08,Br. Siracuza I y II,4,2,6,CL 58C Sur - KR 87,4572e5af-9568-4b34-8b25-7094daec30cb
"-74,1416612","4,61846566",12004,519A09,IED OEA,4,2,6,CL 34 Sur - KR 72L,2e5988cd-efda-45d7-8e32-3c18838a4978
"-74,1223228","4,476557471",12005,099A12,Br. Centro Usme Urbano,4,2,6,KR 3 - CL 133C Sur,9158c895-4fa5-4159-99dc-21a89c6a1df2
"-74,1221532","4,477841636",12006,098A12,Br. Centro Usme,4,2,6,KR 3 - CL 133C Sur,1938d26e-ce32-4c70-851f-5e41fb6551ca
"-74,18441295","4,623367907",12007,271A08,Br. Danubio Azul I y II Sector,4,2,6,KR 87 - CL 56B Sur,b622d559-350e-453e-9578-6580509bb00b
"-74,18358751","4,623657276",12008,272A08,Br. Danubio Azul I y II Sector,4,2,6,KR 87 - CL 55B Sur,9926aeb2-d81e-4ee0-ba46-9de0a8696919
"-74,12083595","4,482856602",12009,103A12,El pedregal-La Lira,4,2,6,KR 3 - CL 129 Sur,4cc3f0d8-5366-4d4d-9c33-d9b9e4523355
"-74,12076202","4,483210121",12010,102A12,El pedregal-La Lira,4,2,6,KR 3 - CL 129 Sur,c43333e6-c214-4af7-bbac-56027352172a
"-74,18176515","4,6382473",12011,362A08,Br. El Porvenir San Luis,4,2,6,CL 49 Sur - KR 93B,54b59258-e4d0-4529-adec-5dd44b202862
"-74,11792773","4,498145267",12012,157A12,Br. Brazuelos,4,2,6,KR 1A - CL 102 Sur,89ba8551-003c-4844-b385-7de695f720a3
"-74,11087618","4,534321535",12013,225A12,Br. Fiscala Sector Centro,4,2,6,TV 2C Este - DG 64 Sur,03b95a64-2348-4914-b020-d54402b478bb
"-74,18052451","4,635797237",12014,544A08,Br. Las Margaritas,4,2,6,CL 49 Sur - KR 90A,393da240-036b-4795-a256-69a1ab1d7533
"-74,11072987","4,534316005",12015,224A12,Br. Fiscala Sector Centro,4,2,6,TV 2C Este - DG 64 Sur,4ae6fa7b-2f5f-40f6-9c25-3a2de5ef3d19
"-74,18045902","4,635441857",12016,525A08,AV. Tintal,4,2,6,CL 49 Sur - AK 89B,186e7f3e-bf3f-42c2-9b64-3bcb97ee97a6
"-74,09287933","4,755355105",12017,097A03,Br. Tuna Baja,4,2,6,KR 106A - CL 153,65d828e8-1f27-4368-bbf0-fadc38dada0c
"-74,09280732","4,755268632",12018,098A03,Tuna Baja III y IIIA,4,2,6,KR 106A - CL 153,47caef04-a817-46a3-8a7c-02288b338f7f
"-74,09249681","4,758650957",12019,099A03,Desarrollo Los Monarcas,4,2,6,CL 159A - KR 106A,488d8721-8e92-4b49-a32b-ca4db5992717
"-74,09231846","4,761000208",12020,101A03,Clínica Juan N. Corpas,4,2,6,AV. Corpas - CL 159A,5a7ce644-e612-4dbe-8603-9035d3c62d56
"-74,09228961","4,758559118",12021,100A03,Desarrollo Villa Esperanza,4,2,6,CL 159A - KR 106A,34e818fd-9887-499b-a8ff-45b4da97318e
"-74,09217012","4,761278999",12022,102A03,Clínica Juan N. Corpas,4,2,6,AV. Corpas - CL 159A,c57e8cb6-7ddc-478b-8ade-cfd2c6dec508
"-74,07511942","4,627532858",12023,162A00,Partido Conservador Colombiano,4,2,6,AK 24 - CL 39,0904779c-5092-47ca-a0a3-1b6d770b67b1
"-74,17456032","4,642148158",12024,400A08,IED Villa Dindalito,4,2,6,CL 42A Sur - KR 93A-16,816ce047-4d79-4a12-ad13-a02bfad34b34
"-74,1745032","4,626429682",12025,349A08,Br. Gran Britalia,4,2,6,KR 85A - CL 48 Sur,abf2ee7b-4f14-42f1-bc4f-6b52a5baf80e
"-74,17443103","4,626390216",12026,350A08,Br. Gran Britalia,4,2,6,KR 85A - CL 47B Sur,cf0553d0-2983-4e88-b1f1-ce95a0acf934
"-74,1728167","4,60428094",12027,312A09,Urbanización Nueva Roma,4,2,6,CL 57C Sur - KR 77H,b40de3fd-0cb6-4986-b78f-00a0db159b66
"-74,17274506","4,638782995",12028,388A08,Parque Dindalito,4,2,6,CL 42A Sur - KR 90,bf533771-43cc-4b4b-8162-8608055a4fba
"-74,17274474","4,626511079",12029,352A08,Avenida Ciudad de Cali,4,2,6,CL 46 Sur - KR 83,7e2522d3-8013-4b42-a1ab-1903734c65e7
"-74,17271006","4,62629911",12030,351A08,IED Britalia,4,2,6,CL 46 Sur - KR 83,7bf4afd8-c2f1-4e3c-908b-8bcfc0643298
"-74,17259279","4,606147438",12031,317A09,Urbanización Nueva Roma,4,2,6,CL 57C Sur - KR 77J,eb906953-6eb6-4e1e-be1a-b07c214a8ceb
"-74,17056506","4,62333966",12032,346A08,Br. Gran Britalia,4,2,6,CL 46 Sur - KR 81C,dbf98b31-08d0-4e19-8de7-c995aa40c202
"-74,1701479","4,62257273",12033,345A08,Br. Gran Britalia,4,2,6,CL 46 Sur - KR 81C,4f9dc951-e66e-4e13-bfb0-92fedcebfba9
"-74,16887118","4,620880982",12034,342A08,Br. Calarcá I Y II,4,2,6,CL 46 Sur - KR 80B,4b3e3ae0-3b8e-42e3-ba28-8de2060b29a7
"-74,16852247","4,620623518",12035,343A08,Salón Comunal Calarcá,4,2,6,CL 46 Sur - KR 80B,e0231a33-57c3-4ce1-bcc3-da7eb4c88723
"-74,16784177","4,647998824",12036,422A08,Br. Osorio III,4,2,6,CL 26 Sur - KR 93D,25438808-ba9c-4391-a115-316b6b691c19
"-74,16776094","4,578151715",12037,301A10,Br. Sierra Morena III Sector,4,2,6,DG 73C Sur - TV 73B,5f2d8f3d-5690-43a2-bf29-f21b862ab9bd
"-74,16048186","4,607631149",12038,368A09,Br. Timiza,4,2,6,CL 45 Sur - KR 73D,e398aadf-3a74-4798-a433-f39e7e91bd7f
"-74,15937224","4,609460792",12039,369A09,Br. Timiza B,4,2,6,KR 74 - CL 43A Sur,4dd4f5af-f4ba-4085-9379-715bbbf25658
"-74,15795408","4,593787822",12040,232A10,Br. Rafael Escamilla,4,2,6,KR 67 - CL 59 Sur,4ddf8db7-1d3a-40b4-8ac1-01eaa4b20587
"-74,15786728","4,594913267",12041,233A10,Br. Madelena,4,2,6,KR 67 - CL 57V Sur,dbbb6ce0-a473-495d-a418-cbd21279de2f
"-74,1577824","4,592239357",12042,230A10,Br. Madelena,4,2,6,KR 67 - CL 60A Sur,fd4a69a9-41f5-4292-bd39-2a32675c2c08
"-74,15381682","4,643893371",12043,148A07,Biblioteca Pública El Tintal,4,2,6,CL 6D - AV. C. de Cali,85365f54-bf64-4439-ba7f-ccb1706434cd
"-74,15362939","4,570306595",12044,480A11,Br. Arborizadora Alta,4,2,6,CL 68C Sur - KR 39,7567c56c-5de7-4e0f-ab5c-9d263d29c268
"-74,15357176","4,570464913",12045,479A11,Br. Arborizadora Alta,4,2,6,CL 68C Sur - KR 40,e2410652-b4b3-49ae-b818-7482ffd01cb6
"-74,15097318","4,694081853",12046,258A06,Br. El Refugio,4,2,6,CL 23B - KR 122,e23c2ddb-eff8-4d3e-8fcf-30955470a3c8
"-74,149571","4,559078",12047,298A11,Br. Millán,4,2,6,DG 68 Sur - KR 19C,d24adbe3-93aa-43a9-adce-aa313e2a8ae0
"-74,14546245","4,643863259",12048,181A07,Br. Valladolid,4,2,6,KR 80C - CL 8B,7087bd07-7065-429f-b1af-e1868d503af7
"-74,14488806","4,601458457",12049,567A09,Br. San Andrés II Sector,4,2,6,CL 43A Sur - KR 72B,60e7f7e5-d4d6-414a-8189-3eccbc9b2e13
"-74,14446307","4,688756611",12050,052A06,Pq. Zonal Atahualpa,4,2,6,KR 113 - CL 23D,7e7b8496-250d-4b81-ac6c-6b6bcf7d271e
"-74,1444405","4,680062483",12051,090A06,Br. Atahualpa,4,2,6,AC 22 - KR 105,e30cf5af-1447-436f-9ae8-611a4d733bdf
"-74,14406425","4,680001046",12052,091A06,Br. La Giralda,4,2,6,AC 22 - KR 105,a79f4d76-2cf3-4fb1-9d50-53949c8c0cf6
"-74,14403225","4,645162888",12053,186A07,Br. Valladolid,4,2,6,KR 80C - CL 9,0860a47d-8211-48db-aa42-c7c2aafe7194
"-74,14347163","4,687019158",12054,297A06,Br. Versalles Fontibón,4,2,6,CL 23D - KR 111,697f6ebb-2ecc-4ea8-8c35-8bb60a34e18a
"-74,14291657","4,544711767",12055,275A11,Br. Estrella del Sur,4,2,6,CL 73 Sur - KR 18,0a931116-700c-475f-ad50-1b12693520d6
"-74,14268498","4,678251889",12056,079A06,Br. El Refugio La Zelfita,4,2,6,CL 22 - KR 103A,f0e073d6-de35-430b-922d-7b3df9870860
"-74,14262245","4,68729685",12057,328A06,Br. Versalles Fontibón,4,2,6,CL 23G - KR 111,38e4ab4c-d087-4d3f-91cf-381518cb34c7
"-74,14211667","4,677993236",12058,081A06,Br. La Giralda,4,2,6,AC 22 - KR 103A,3f5ba48b-c00a-4700-8821-686cb842a443
"-74,14199792","4,547055323",12059,279A11,Br. Lucero Sur Bajo,4,2,6,KR 17N - CL 70 Sur,f3a8a9c4-55bd-4258-a9a9-76b4e1809133
"-74,14189828","4,545836336",12060,280A11,Urbanización las Quintas,4,2,6,KR 17N - CL 70C Sur,5c0ff704-0c54-440e-9316-616fdaab2e6a
"-74,14179925","4,549137352",12061,523A11,Br. Lucero Sur Bajo,4,2,6,KR 17M - CL 69A Sur,cb6293a4-80c7-4f07-a9c7-b8266a45aa29
"-74,141765","4,549527",12062,520A11,Br. Lucero Sur Bajo,4,2,6,KR 17M - CL 69C Sur,34d43934-a54c-4246-9986-f8b43a8715e1
"-74,14113725","4,685818366",12063,327A06,Br. Los Cámbulos,4,2,6,CL 23G - KR 108,d5586db9-a0c5-4dbb-aa1a-40478a38a66d
"-74,14027457","4,675821279",12064,080A06,IED Costa Rica,4,2,6,AC 22 - KR 98A,b5e2566c-bad1-491c-8112-5ff34ef1de0b
"-74,1384129","4,546806555",12065,284A11,Br. Quintas Del Sur,4,2,6,CL 70C Sur - KR 17B,78d7cf2e-422b-4fd2-af0a-48e35d4a8624
"-74,13213036","4,626710544",12066,608A08,Br. Las Américas,4,2,6,KR 70B - CL 4,be9406e3-46b4-4501-a80d-070be99dc980
"-74,12705936","4,609845319",12067,467A08,Br. San Eusebio,4,2,6,TV 53 - CL 22 Sur,34b942be-3e68-4389-994f-0252d8f2a0d4
"-74,12540553","4,629821824",12068,320A07,Br. Marsella,4,2,6,KR 68D - CL 6,f0fbc697-782e-4275-b49f-783214f9b607
"-74,12438563","4,590130063",12069,320A10,Centro Comercial Centro Mayor,4,2,6,AK 27 - CL 38A Sur,2101eb66-ab9e-4ab1-bfe3-cbc24ccd68c9
"-74,12045616","4,52106575",12070,405A12,Br. La Aurora II Sector,4,2,6,KR 14L - CL 70A Sur,c6b5e2f2-3119-4eed-b0aa-8fb1311cf249
"-74,12001596","4,711319435",12071,406A00,Br. Garcés Navas,4,2,6,KR 107 - CL 76,66412fb3-a35a-40b6-8387-cf9b0fcc1eef
"-74,11847783","4,713420183",12072,170A04,Br. Garcés Navas,4,2,6,KR 107 - CL 78,edbf5b20-8893-4d41-9629-3812fd3b9a37
"-74,11760338","4,607287856",12073,069A08,Br. Montes,4,2,6,AC 8 Sur - KR 41,b420a305-966e-4180-9d09-85bfa87308f2
"-74,11739209","4,51950476",12074,034B12,Br. El Recuerdo,4,2,6,AV. Caracas - CL 72 Sur,b3acbeec-45b2-4dc1-8314-9b73efad44d8
"-74,11693383","4,515927119",12075,037B12,C.C. Santa Librada,4,2,6,AV. Caracas - CL 74A Sur,f7104c18-ed5b-4d85-8e7a-67daf0dc10f9
"-74,11685872","4,516258588",12076,036B12,Br. Santa Librada,4,2,6,AV. Caracas - CL 74A Sur,792a04ff-5588-4b40-8467-6fa4b8704fc7
"-74,11606052","4,751768531",12077,322A03,Br. Bilbao I Sector,4,2,6,CL 143B - KR 144,f342c6b4-da75-4c35-b05a-0fdd35c32326
"-74,11499619","4,60580845",12078,074A08,Br. Jorge Gaitán,4,2,6,AC 8 Sur - KR 40,28fd352f-c18d-45fa-92e3-adeb55938111
"-74,114756","4,751574111",12079,337A03,Br. Bilbao I Sector,4,2,6,CL 143B - KR 141B,bed62d7d-ee25-41f2-b1da-08e3644e52be
"-74,11408754","4,751351085",12080,361A03,Br. Bilbao I Sector,4,2,6,CL 143B - KR 141A Bis B,be868d64-8318-452b-b59b-83c9ad3047bd
"-74,11296568","4,60376152",12081,071A08,Br. Remanso,4,2,6,AC 8 Sur - KR 38,f07c1d7e-737c-4b78-83cb-5b8ebc44314d
"-74,11269191","4,60372917",12082,072A08,Br. Jorge Gaitán,4,2,6,AC 8 Sur - KR 38,fc3ec3b6-3ba9-482e-be76-51ec70624e60
"-74,11237923","4,626643714",12083,372A07,Br. San Rafael Industrial,4,2,6,KR 54 - CL 5C,3485c12f-8da1-423f-b04f-fce09b218112
"-74,11074205","4,716736901",12084,155A04,Br. Bochica II,4,2,6,CL 83 - KR 103B,bb966416-c668-4238-af88-d3147cb50dc2
"-74,10948046","4,600752291",12085,076A08,Br. Santa Matilde II Sector,4,2,6,AC 8 Sur - KR 34,bf32ccaf-52f0-45e9-86de-94739de27d2a
"-74,10932034","4,583803077",12086,058A11,Parque Estadio Olaya Herrera,4,2,6,CL 27 Sur - KR 22A,a352b6b2-b26f-4648-9dce-49de0090713f
"-74,1082355","4,581774265",12087,056A11,Br. Olaya,4,2,6,CL 27 Sur - KR 20,743c15a2-e27f-4f8e-8bb2-da4005f6ec71
"-74,10782945","4,599213483",12088,077A08,Br. Santa Matilde,4,2,6,AC 8 Sur - KR 31D,7c4a72fa-4a3a-42bd-ad52-5c274653898a
"-74,10755496","4,6885072",12089,435A05,Parque Zonal Villa Luz,4,2,6,CL 66A - KR 81B,d35fa7b9-6935-4aab-90af-16b2a1837895
"-74,10737368","4,735699611",12090,298A03,Br. Nueva Tibabuyes,4,2,6,KR 123 - CL 129F,7d3a5ef0-a593-4301-856d-f1fcaa9dd437
"-74,10699378","4,736092137",12091,297A03,Br. Nueva Tibabuyes,4,2,6,KR 123 - CL 130C-18,5084f045-30a3-406a-a17a-8657cda1e2f0
"-74,10627946","4,687357001",12092,082A05,Br. Santa Helenita,4,2,6,CL 66A - KR 78,f672f03b-065f-4b8d-b864-a37ffb801185
"-74,1060078","4,737839864",12093,536A03,Br. Tibabuyes,4,2,6,KR 123 - CL 131A,e2a7559e-a443-4f1e-bc0f-aa6ff1152ecc
"-74,10597325","4,737704654",12094,537A03,Br. Tibabuyes,4,2,6,KR 123 - CL 131A,3b89c9ea-76bc-4442-9232-5379a40a8ca2
"-74,10511931","4,685990814",12095,104A05,Br. Santa Helenita,4,2,6,CL 66A - KR 77A,29d15bfe-affb-4ad2-a40b-facaa73e0f40
"-74,10157249","4,497791883",12096,447A12,Br. El Progreso II Sector,4,2,6,KR 7 Este - CL 92,f6eeac9d-be04-4883-ba4a-4b546a058250
"-74,09938904","4,75648997",12097,409A00,Br. Pinos de Lombardía,4,2,6,CL 152B - KR 114A,47af7db5-494d-499c-8b1a-d910bd15770b
"-74,09669711","4,726366812",12098,344A03,Br. Telecom Arrayanes,4,2,6,KR 96A - CL 128C,7ddd9389-89ee-462c-85b4-955627912b35
"-74,08790955","4,580274774",12099,399A13,Br. Quinta Ramos,4,2,6,AC 11 Sur - KR 7B,38595ae6-f00e-40ee-9e1c-76537d4c1828
"-74,08621199","4,578303258",12100,221A13,Br. Quinta Ramos,4,2,6,AC 11 Sur - KR 5A,17971538-935c-4ac1-85b9-ecaef185d08d
"-74,08382632","4,564223288",12101,421A13,San Blas II Sector,4,2,6,TV 4A E - DG 27A Sur,5874ed93-7a98-4357-9b37-3948717b8a37
"-74,08360569","4,543970366",12102,064A13,Br. La Grovana,4,2,6,KR 13B Este - CL 42C Sur,1363a680-573c-4d8f-a9bd-166eea26a10e
"-74,08340789","4,543697165",12103,063A13,Br. La Grovana,4,2,6,KR 13B Este - CL 43A Sur,5b065f0f-e698-49a6-a4ca-35ee428acb8b
"-74,079928","4,573348",12104,261A13,Br. La María,4,2,6,AC 11 Sur - KR 3 Este,a45cde74-15e2-4c2b-8a03-36cd4bdb974b
"-74,07760268","4,699355825",12105,056A03,Br. Potosí,4,2,6,AC 116 - KR 71-49,8f9152cd-b38c-46cb-bc7b-8161720ab732
"-74,07699025","4,571603988",12106,269A13,INCI,4,2,6,AC 11 Sur - KR 8 Este,6dc97cea-70b9-4fc7-b8f2-8ae55a8ed4b0
"-74,07478043","4,619940608",12107,515A00,Br. Teusaquillo,4,2,6,AC 28 - AK 19 - 64,0df24f57-b729-4a2e-a651-6c452a49fe18
"-74,07474117","4,621845178",12108,120A00,Br. Teusaquillo Cl 32A,4,2,6,KR 20 - CL 32A - 48,f65716b5-4d90-4fe6-8c45-f01a8553aab9
"-74,07463152","4,58800859",12109,338A13,Br. Lourdes III,4,2,6,KR 2 - CL 3,b9103660-8c28-469d-9579-2934f75151dc
"-74,07428089","4,624366545",12110,119A00,Br. La Soledad,4,2,6,KR 20 - AC 34 - 56,19b08dad-d8f7-4494-8b5f-943be7836c9b
"-74,07424117","4,58678944",12111,339A13,Br. Atanasio Girardot,4,2,6,KR 1 - CL 2A,6ab4eb61-14f9-473d-b604-ddeb08232f0e
"-74,07266445","4,589928642",12112,416A13,Br. Belén,4,2,6,AC 6 - KR 0,8a8cadcd-3d02-47af-9166-c71f661d4ece
"-74,07250754","4,589698332",12113,415A13,Br. Lourdes II,4,2,6,AV. Los Comuneros - KR 0,daab2a54-845d-42c9-9b22-8ab9d29f0415
"-74,06555109","4,703317024",12114,043A02,Parque Córdoba,4,2,6,AV. Córdoba - CL 119,49808976-1087-4c74-85d8-dc0015a7b944
"-74,06519855","4,704881487",12115,040A02,Humedal Córdoba,4,2,6,AV. Córdoba - CL 124A,484581f1-8fed-47bb-b1c3-c07ca55ade56
"-74,06442694","4,708227605",12116,041A02,Br. El Batán,4,2,6,AV. Córdoba - AC 127,d0dd9ca7-8d10-4032-ae00-fc8591b01e4e
"-74,06282996","4,738915991",12117,310A02,Br. El Plan,4,2,6,CL 152B - KR 58,0e46fe77-d229-4317-9e3d-958a59265252
"-74,06069754","4,738513084",12118,213A02,Urb. Versalles,4,2,6,CL 152B - KR 56,342498db-d897-42b3-9836-0af2e6dc920d
"-74,05735","4,657924",12119,711A00,Br. Porciúncula,4,2,6,CL 73 - KR 9,44097f5a-c519-4621-b87d-50ed149ad759
"-74,04937928","4,735960228",12120,312A02,Estación Mazurén,4,2,6,Auto Norte - CL 152,810f8fa0-23f7-4f94-a24a-ce8a0e8669b4
"-74,04003676","4,728986269",12121,216A01,Br. Caobos Salazar,4,2,6,AC 147 - KR 14,e3f9a077-6de0-49a6-9287-ddeac16ab76f
"-74,03439969","4,726478261",12122,213A01,Br. Caobos Salazar,4,2,6,AC 147 - KR 12,2390a50c-126b-49a8-9075-5c872b0ee051
"-74,03053727","4,724538802",12123,211A01,Br. Los Cedros,4,2,6,AC 147 - KR 7F,418cff32-db55-40bc-a7ad-ef98733c1161
"-74,03004845","4,760877548",12124,438A01,Br. Tibabita,4,2,6,KR 8C - CL 183A,063351d9-7ddd-4e56-a2f4-9c94e821c663
"-74,02962684","4,731870843",12125,389A01,Br. Barrancas,4,2,6,CL 155 - KR 8 Bis,b6017159-68bd-45e7-b8d3-b3c127dc47c4
"-74,02900216","4,742292045",12126,101A01,Br. San Cristóbal Norte,4,2,6,CL 165 - KR 8F-96(DG ),dc91025a-0635-46b8-85aa-816ccd6cd0ab
"-74,0260257","4,741701642",12127,099A01,Gimnasio Campestre,4,2,6,CL 165 - KR 8A,650e72e7-6b7a-4820-8ad5-2e0d9de26128
"-74,02518199","4,766042974",12128,476A01,Br. Buenavista,4,2,6,KR 5 - CL 189,37b9cd14-b73d-4dd2-a93a-cd63aa30a483
"-74,02305696","4,741130819",12129,097A01,San Cristóbal Norte 2,4,2,6,CL 165 - AK 7,795e9fee-51b3-4716-9065-8ccbb0864d20
"-74,13542396","4,705227543",12130,218A05,Br. Villa Gladys,4,2,6,TV 112B BIS - CL 64C,d6385165-c7b7-4684-87d0-5883297e52a6
"-74,13741259","4,706705794",12131,065A05,Br. Bonaire,4,2,6,CL 64 - KR 112C,1a3fdbde-daab-4aa2-a80a-19eae51155df
"-74,05273","4,662252",12132,107A00,Br. El Nogal,4,2,6,KR 9 - CL 79,f01f726f-b25b-44b1-97e5-cc6718a7f482
"-74,05185895","4,663539227",12133,318A00,Br. El Nogal,4,2,6,KR 9 - CL 81,9952f5be-ee81-4378-b1b6-1079a001f10b
"-74,05088276","4,665579549",12134,294A00,Br. El Retiro,4,2,6,AC 82 - KR 9,ff5cb5e9-0b74-4b07-b628-5b2d4021ac82
"-74,05272804","4,667539017",12135,295A00,C.C. Andino,4,2,6,AC 82 - KR 12,69b55a2b-0b35-4000-b8d7-cdf0ebf39f2d
"-74,19380958","4,621688167",12136,266A09,Br. Porvenir La Concepción,4,2,6,KR 87C - CL 68A Sur,e82620e6-7ac5-4e2e-9384-76f35cae9e08
"-74,19081706","4,622499325",12137,154A09,Br. La Estanzuela,4,2,6,KR 87C - CL 62 B Sur,96f6f271-0392-4a7b-8bc2-14440ed5a698
"-74,0564701","4,749014582",12138,248A02,Br. Caminos de Veracruz,4,2,6,KR 55A - CL 166,5e724ac4-e1a7-4337-9a4a-643dc54812f2
"-74,18833259","4,618250465",12139,290A09,Br. La Paz,4,2,6,KR 85 - CL 61C Sur,76443a63-056c-4af3-a150-8048b1bd7dae
"-74,19734377","4,6204526",12140,497A09,Br. El Paradero,4,2,6,KR 87C - CL 71 Sur,32700be8-bc3d-4fb8-8d77-bf98e0509baa
"-74,11246203","4,546905334",12141,245A12,Br. San Agustín,4,2,6,CL 49C Sur - KR 5,d7106588-12a3-4ef6-9b33-d24c84b27280
"-74,1098887","4,545013416",12142,247A12,Br. La Reconquista,4,2,6,CL 49B Sur - KR 3,45d5f66e-1ae4-4e9a-9a58-59a963c85755
"-74,15755036","4,589857815",12143,220A10,Br. Madelena,4,2,6,KR 67 - CL 62B Sur,98914454-15e4-48fb-b900-b1ae2de8666a
"-74,0962134","4,597592715",12144,430A00,Br. El Vergel,4,2,6,CL 2 - KR 24A,b16654a2-a3bf-4fac-9ea3-eb6145a98d1d
"-74,07304063","4,645402002",12145,268A00,Br. San Luis,4,2,6,AC 57 - TV 25,a0001be0-e64f-42df-a2c1-01030f5f967b
"-74,07492144","4,6457197",12146,270A00,Br. San Luis,4,2,6,AC 57 - TV 27,b2d2b79c-87ad-4e40-8dba-14e9088b141e
"-74,15734596","4,589957348",12147,221A10,Br. Madelena,4,2,6,KR 67 - CL 62B Sur,b06d44c6-f2f8-4852-b856-3045c51f5f59
"-74,11387205","4,757049129",12148,231A03,Vereda Tibabuyes,4,2,6,TV 142 - DG 149,647f347f-f041-416d-899b-7fdf43928ad2
"-74,11511096","4,755816692",12149,508A03,Vereda Tibabuyes,4,2,6,CL 145A - TV 143,7ef84d2c-3265-4e86-a680-68036df0e59f
"-74,11600892","4,752923902",12150,256A03,Vereda Tibabuyes,4,2,6,KR 145 - CL 144,29ffc5c0-eb16-4dd2-9dd9-5161e52d560f
"-74,11162998","4,75161889",12151,362A03,San Carlos de Suba,4,2,6,CL 144 - KR 136A,09b86f63-d187-44e2-83e8-f16e4a0a8743
"-74,11200475","4,747347375",12152,289A03,Sabana de Tibabuyes,4,2,6,CL 142 - KR 130,efa156b9-e820-46b2-871d-6f98ace2fa7e
"-74,11549994","4,699273384",12153,052A05,C.C. Diver plaza Alamos,4,2,6,AK 96 - CL 70,c07dca15-3a6f-4a86-ae7a-7c52fbf664f4
"-74,11638872","4,697130886",12154,445A05,Los Álamos II Sector,4,2,6,AK 96 - CL 69,4807bcb0-b14d-4457-9dd9-ce755ab3ed44
"-74,11763653","4,695254632",12155,054A05,Los Angeles,4,2,6,AK 96 - CL 66A,4eb21704-52d3-4178-b883-9ccff7201073
"-74,10264016","4,622889922",12156,376A07,Br. Gorgonzola,4,2,6,KR 43 - CL 12B,4226aadf-2a78-4ffe-b5e6-f24aa01afaad
"-74,11347002","4,570587584",12157,309A12,Br. Granjas de Santa Sofía,4,2,6,CL 33 Bis Sur - KR 14,1a5a67e5-b066-488b-8775-97f523bca623
"-74,12506176","4,684144651",12158,105A06,Avenida El Dorado,4,2,6,AK 96 - AC 26,256a2259-d365-43e1-9443-e723e554ac8b
"-74,11615681","4,694739424",12159,055A05,Florida Blanca,4,2,6,TV 93 - CL 67B,4fcc0943-cfc3-45c8-96bf-73ad40eb42c1
"-74,11181634","4,747236277",12160,288A03,Tibabuyes Universal,4,2,6,CL 142 - KR 129B,e0fef570-0d2f-4436-b00e-94140a454914
"-74,11157675","4,75175561",12161,475A03,Sabana de Tibabuyes,4,2,6,CL 144 - KR 136A,e3204936-669e-45dc-8676-5a17b6bcf338
"-74,11590123","4,75306074",12162,448A03,Vereda Tibabuyes,4,2,6,KR 145 - CL 144,7773b5ee-6ab2-4f35-a076-f65054117dd4
"-74,115588","4,755281",12163,512A03,Vereda Tibabuyes,4,2,6,KR 145 - CL 145A,c895999c-af7b-431b-9f25-7e8181a57221
"-74,11533386","4,75740874",12164,510A03,Vereda Tibabuyes,4,2,6,DG 150 - TV142,7c1422fa-e0ae-4e78-9355-c65e290dd96a
"-74,15212336","4,589704433",12165,229A10,IED Isla del Sol,4,2,6,CL 67B Sur - KR 63,f0bf24da-28f0-4e99-9cdb-5de7cf093673
"-74,15071847","4,588642722",12166,222A10,Pq. Rincon de Venecia,4,2,6,KR 62 - DG 50 Sur,0d9da775-c447-457b-95e0-aae4281d729c
"-74,14883775","4,588390452",12167,239A10,Br. Nuevo Muzu,4,2,6,DG 51A Sur - KR 59A,5563dd7e-63eb-47d9-ad48-334c08a783ff
"-74,14609295","4,589559133",12168,244A10,Br. Nuevo Muzu II,4,2,6,DG 51A Sur - KR 56A,0c87b66c-da43-4025-b55f-677f837ac021
"-74,10317172","4,600441287",12169,415A00,JAC Santa Isabel,4,2,6,CL 1F - KR 29B,39c66883-db8a-4e72-9f5f-06655f074d37
"-74,10097354","4,598697003",12170,418A00,Br. Santa Isabel Sur,4,2,6,CL 1F - KR 27A,6b8e4216-b629-40dc-9b89-dfd214457835
"-74,0962283","4,595891252",12171,204A00,Br. El Vergel,4,2,6,CL 1F - KR 24,ddd2ae60-d298-4840-bf3a-c6d49792986f
"-74,08150182","4,621133027",12172,616A00,Br. Samper Mendoza,4,2,6,AK 27 - CL 23,cc61ccb5-b2dd-4971-aa1c-f3e236431764
"-74,08333911","4,616919209",12173,673A00,Plaza Paloquemao,4,2,6,CL 22 - KR 22,2101cfb5-2c76-450a-a39c-4ef4e04d5254
"-74,10415499","4,598749008",12174,413A00,Br. Santa Isabel Sur,4,2,6,CL 1B - KR 29B,93b6947b-3018-40a2-b45f-8ebad07b292b
"-74,1466801","4,589421325",12175,245A10,Br. Venecia,4,2,6,DG 51 Sur - KR 56B BIS,da5367a7-9c23-431a-b168-d68c0a9ac462
"-74,15069449","4,588720574",12176,223A10,Pq. Rincon de Venecia,4,2,6,KR 62 - DG 50 Sur,595b7a2e-01f2-45ea-9e86-d286a304d75d
"-74,15221111","4,589783149",12177,228A10,Hospital Tunjuelito Unidad Isla del Sol,4,2,6,CL 67B Sur - KR 63,ae1e57ce-5190-4841-90d2-a5250746f68d
"-74,12411482","4,580515496",12178,159A10,Corporación Colegio Mayor de Cultura y Ciencias,4,2,6,CL 42 Sur - KR 24A-68,c10d71c5-22c3-4465-bf87-1518f526fa88
"-74,12580773","4,583619187",12179,160A10,Br.  Inglés,4,2,6,KR 27 - CL 42 Sur,458a355b-9017-438b-aa22-9fb58e06836e
"-74,16762379","4,587675959",12180,193A10,Br. Ismael Perdomo Cl 63,4,2,6,CL 63 Sur - KR 72,6b9a78f8-bf89-4138-bd93-7f3389ff8cb3
"-74,12576932","4,744643417",12181,144A03,Santa Rita de Suba,4,2,6,CL 138 - KR 154,9dbf1226-22f2-4d0a-bb58-37d52869a5c4
"-74,1214327","4,746162565",12182,145A03,San Pedro,4,2,6,CL 138 - KR 151A,b0c9887e-779c-4478-afaa-e16d94501fa8
"-74,120767","4,747409",12183,148A03,San Pedro,4,2,6,KR 149B - CL 138,0dd0f51f-9f66-4986-a00a-ed1247eeaa22
"-74,11847168","4,747279554",12184,150A03,Berlín,4,2,6,CL 139 - KR 147,1323728a-d0dc-4c60-b3f6-a4aee494744b
"-74,11551682","4,746994173",12185,152A03,Berlín,4,2,6,CL 139 - KR 140A,e0c1296d-8b60-47b8-ab91-6d22332ed7e3
"-74,17909542","4,602795985",12186,012A09,Br. Villa Nhora,4,2,6,CL 59 Sur - KR 78B,cdfc066e-aa1d-4902-89ef-35f45401fe6a
"-74,1804959","4,606737612",12187,010A09,Br. José Antonio Galán,4,2,6,CL 59 Sur - KR 78L,97dcb2d2-0ad4-40fe-b4a0-381b9ff657e9
"-74,18312384","4,609713388",12188,238A09,Br. La Sultana del Sur,4,2,6,CL 60 Sur - KR 80D,030f6e85-66e7-4358-ad7e-da4906a2bf19
"-74,18085762","4,606892863",12189,009A09,Urbanización La Capilla,4,2,6,CL 59 Sur - KR 78L,a27fe778-b0f0-4ba4-a0df-f96fc2a8f529
"-74,12540222","4,571294786",12190,375A11,Estación Santa Lucía,4,2,6,CL 46 Sur - KR 19A,602f900c-a8da-4e36-82e5-55810cba2617
"-74,11375987","4,566553832",12191,284A12,Carmen del Sol,4,2,6,CL 43 Sur - TV 12B Bis,e0b0051a-4ae4-4c92-a66a-b5740cdcabcf
"-74,1137554","4,566637784",12192,289A12,La Resurrección,4,2,6,CL 43 Sur - KR 12B,3a33a3ec-cd39-400c-8036-18a0ce0e0e44
"-74,11554687","4,56779766",12193,400A12,San Jorge Sur,4,2,6,CL 43 Sur - TV 12F Bis,5a15934f-1ec6-4b93-a83d-687646488495
"-74,11770518","4,568558652",12194,306A12,Marco Fidel Suárez,4,2,6,DG 45F Sur - TV 14 Bis,24277b7c-60a6-493f-8398-d6170c6b647e
"-74,12158252","4,569397728",12195,139A12,Marco Fidel Suárez,4,2,6,DG 45F Sur - TV 16 Bis B,4917f840-ff9c-4263-b5d0-db68e5ff22ce
"-74,17930648","4,602524268",12196,011A09,Br. La Estancia,4,2,6,CL 59 Sur - KR 78B,5d30a626-f75f-46b1-afd3-1acc00cc8481
"-74,17758157","4,598481427",12197,013A09,Barrio La Estancia,4,2,6,CL 59 Sur - KR 77K,7eb8bb41-0f19-4a05-b011-947010da6371
"-74,06764979","4,665760966",12198,583A00,Br. Alcázares Norte,4,2,6,CL 74 - KR 27,b56c581f-1f27-4f87-a875-5273f2e6f5f1
"-74,0902777","4,763198544",12199,468A03,Colegio Lisa Meitner,4,2,6,AV. Corpas - CL 160,83163a51-3966-4ecf-b4b6-5f9c612067f5
"-74,09022698","4,763137585",12200,469A03,Colegio Nuevo Campestre,4,2,6,AV. Corpas - CL 160,470025ff-38e0-4a6f-8e2c-29895b90d8ad
"-74,15423747","4,598584611",12201,351A09,Br. Guadalupe,4,2,6,KR 63 - Auto Sur,0a58dcb3-ce94-4132-b1ed-a7d966c181a0
"-74,07414608","4,58694119",12202,536A13,Br. Lourdes,4,2,6,KR 1 - CL 2A,9a613190-c6fa-4ecb-a23b-a675aa7310b9
"-74,04180955","4,685536641",12203,662A01,Escuela Superior de Guerra,4,2,6,AK 11 - CL 102,cea9367e-ecea-4543-9117-749ef6d1e15e
"-74,05699207","4,74692514",12204,223A02,Br. Picadelly,4,2,6,KR 55A - CL 163,ee6664f3-9695-4366-b4e4-cfefac2d282e
"-74,05686386","4,743901378",12205,222A02,Br. Brisas de Sotavento,4,2,6,KR 55 - CL 161A,dc2db9fd-d58b-469c-8581-7cb562aa2103
"-74,14838274","4,610111936",12206,035A09,Br. Timiza,4,2,6,CL 40 Sur - KR 72L,be99da80-9c05-4ab7-8709-f4a33c09f993
"-74,07155673","4,644214886",12207,537A00,Banco Central,4,2,6,KR 21 - DG 54,55de9e35-4a81-4bde-8ec1-eb9f5fcdfaf1
"-74,0719105","4,642192662",12208,535A00,Br. Galerias,4,2,6,KR 21 - AC 53,37e02e29-5b06-4099-87be-1b0641335d44
"-74,17185402","4,614743461",12209,313A08,Br. Casablanca,4,2,6,CL 53 Sur - KR 79C,4651468c-d525-4fb7-ac20-466a3a774235
"-74,173896","4,615699868",12210,312A08,Br. Alfonso López Michelsen,4,2,6,CL 54 Sur - AV. A. Mejía,ce05d311-58d6-410e-9d6c-0294c130a6a9
"-74,17694024","4,620287082",12211,325A08,COLEGIO GRAN BRITALIA,4,2,6,CL 54 Sur - KR 81G Bis A,bbe16cc2-2240-4d30-99a4-28751da0e9ae
"-74,17798731","4,621544557",12212,326A08,Br. Jorge uribe Botero,4,2,6,CL 54 Sur - KR 82 B,57716733-f06d-45b6-8ff3-cfd6c50016ca
"-74,17746229","4,622879826",12213,328A08,Br. Jorge uribe Botero,4,2,6,CL 52 A Sur - KR 84,3576bddf-2b8c-4637-8460-3bee38d93780
"-74,18086418","4,626602885",12214,334A08,Urbanización Chicala,4,2,6,CL 53 Sur - KR 86C,73f598c6-2a6f-405b-bcba-d4cc7f80fbdf
"-74,18390729","4,625679469",12215,526A08,Br. Brasilia III Sector,4,2,6,KR 87D - CL 54D Sur,650d3f8b-1fa4-4aac-861e-36f68e823322
"-74,18387182","4,625558703",12216,524A08,Br. Chicala,4,2,6,KR 87D - CL 54C Sur,3fdc383a-2046-4dd4-8a09-f9c2a2167a2a
"-74,18095444","4,626541895",12217,333A08,Br. Chicala,4,2,6,CL 53 Sur - KR 87,c18f189e-78f6-48cd-ad24-31d828103b9f
"-74,17856013","4,616841908",12218,302A09,Br. Class,4,2,6,CL 56 Sur - KR 81 A-13,499869f7-d44a-4245-88b1-bd8d6931040b
"-74,17709778","4,615772534",12219,305A09,Br. Class,4,2,6,CL 56 Sur - KR 80G-06,28da148b-2f11-42e8-8c6e-c537c3a73c65
"-74,17497153","4,614697308",12220,337A09,Colegio Celis,4,2,6,AV. 1 de Mayo - AV. A Mejía,df5466f5-5cf0-47e0-8330-316846e70816
"-74,10380453","4,494408768",12221,181A12,Br. Nuevo Portal,4,2,6,KR 6 Este - CL 96 Sur,e3afe0ac-6206-44e4-b444-dcdd6eacc363
"-74,1126588","4,502343965",12222,161A12,IED el Virrey,4,2,6,CL 93 Sur - KR 7B,a3995d12-1f81-4364-b052-96e539ad959d
"-74,11491241","4,503940447",12223,187A12,Br. El Virrey,4,2,6,CL 93 Sur - KR 12,a44b66b2-971b-437c-9844-bdbe29237eac
"-74,03694235","4,764438521",12224,520A01,Br. El Verbenal I,4,2,6,CL 187 - KR 15B,6519ea9e-674a-49a9-8d85-aeb41b2e77d0
"-74,03072642","4,76581717",12225,461A01,Br. Tibabita Cl 189,4,2,6,CL 189 - KR 8D-27,c8f051e0-bac0-421d-ab50-142a5ee66e19
"-74,02768059","4,762744368",12226,655A01,Br. Tibabita II,4,2,6,CL 186 - AK 7,25cdd3fb-e0a3-4e73-b84c-032b6e86805b
"-74,02451827","4,769200695",12227,482A01,Br. La Estrellita I,4,2,6,CL 192C - KR 4A-19,ffd87e3a-5106-46a3-9cdd-e1a0986126f1
"-74,02498795","4,767496147",12228,477A01,Br. La Estrellita I,4,2,6,KR 4B - CL 190A,c396f72a-a0de-4ddc-89a0-4de8d22b3595
"-74,05877671","4,754055099",12229,168A02,C. C. Portal 170,4,2,6,CL 169 B - KR 58,14d96327-00dc-4a12-ae5c-360dcbabc8c5
"-74,11917966","4,516130962",12230,114A12,Salón Comunal San Juan Bautista,4,2,6,CL 73D BIS Sur - KR 2A,9ea5c74c-9907-4d75-a1c8-6d26d82c67fb
"-74,11496876","4,503847148",12231,186A12,Br. El Virrey,4,2,6,CL 93 Sur - KR 12,f05a21ed-a354-4f3b-b6fb-f49b51a55191
"-74,11257793","4,502171681",12232,160A12,IED El Virrey,4,2,6,CL 93 Sur - KR 7A,0aeabab0-c600-4ddc-a7fe-c078d490f6f4
"-74,10512936","4,500089865",12233,468A12,Br. La Reforma,4,2,6,CL 90 Sur - KR 5F Este,8a8b867f-33e2-430c-b04f-f20d35cc1bee
"-74,10367646","4,499848357",12234,370A12,Br. La Reforma,4,2,6,CL 90 Sur - KR 5H Bis Este,364ad385-4ac1-4e05-a3b5-ac61e325c35d
"-74,11333801","4,488554303",12235,365A12,Villa Alemania II Sector,4,2,6,CL 115 Sur - KR 4B E,5fdf15dd-5ba6-4165-8cfa-46de326190da
"-74,11434259","4,492407496",12236,152A12,Br. Antonio José de Sucre,4,2,6,KR 5 - CL 108 Sur,5c11d58f-9630-4a88-a293-cbd882270c43
"-74,11550271","4,493223737",12237,361A12,Br. Antonio José de Sucre,4,2,6,CL 106B Sur - KR 5B,078ae487-3fcc-41bf-a9e5-166aa6623ab5
"-74,11428183","4,498352917",12238,159A12,Br. Serranías,4,2,6,DG 99 Sur - KR 6A,b8f7933a-f8e3-40f8-8a94-08c60ce049aa
"-74,1161045","4,495609855",12239,156A12,Br. Usminia,4,2,6,KR 7 - CL 102 Sur,f791f0a2-d3a5-4b69-807d-8073f38c0254
"-74,11339216","4,488454136",12240,362A12,El Espino,4,2,6,CL 115 Sur - KR 4B E,f2a839b8-c87e-43ff-a289-d4d2a090cbfb
"-74,108364","4,546881",12241,393A12,Br. Diana Turbay - Arrayanes,4,2,6,KR 3 - CL 49 Sur,8499e185-5ec5-4b50-afbf-e0ff126a4827
"-74,10640853","4,546040369",12242,264A12,Br. Diana Turbay,4,2,6,CL 48X Sur - KR 1F-11,48dd6155-47ce-4aa3-a3bf-5b065d4e0ec3
"-74,10465455","4,54372036",12243,258A12,Br. Diana Turbay Arrayanes,4,2,6,CL 48X Sur - KR 2A Este,d5b36a62-b6b9-4561-b4dd-e6c8e5585c65
"-74,15908679","4,599690026",12244,557A09,Br. Villa del Río II Sector,4,2,6,CL 57B Sur - KR 68B,cb0f13fd-d10c-4584-8795-23c1070662a2
"-74,15905841","4,599897844",12245,556A09,Br. Villa del Río,4,2,6,CL 57B Sur - KR 68A,50576c59-98fc-4229-81e4-8a89be1c0de9
"-74,1611634","4,599811423",12246,348A09,Br. Villa del Río,4,2,6,CL 57B Sur - KR 70,5241ba73-ba78-49ad-a6ed-0fa8ba677048
"-74,14625728","4,603927105",12247,509A09,Br. La Campiña,4,2,6,KR 72G - CL 42 Sur,23ca9a01-bd2f-4396-a7bc-6112c19d094a
"-74,14572119","4,605891403",12248,506A09,Br. La Campiña,4,2,6,KR 72G -CL 40 Sur,dc9a9a88-549f-4e0d-b593-f205f630561e
"-74,11708145","4,559127668",12249,276A12,Br. Molinos del Sur,4,2,6,TV 6 BIS - DG 48K-15 Sur,a7c43598-3f76-4a1f-8585-d5f92c1159a6
"-74,11759856","4,557833548",12250,273A12,Br. Molinos del Sur,4,2,6,TV 5Y - DG 48L Bis Sur,1adca659-3d2b-4f53-8015-251e4e887dcc
"-74,11772981","4,556180719",12251,268A12,IED Marruecos y Molinos Sede A,4,2,6,CL 49B BIS Sur - KR 5Y,9f1a837c-f556-42e6-a506-60da22c9738c
"-74,08957147","4,52338491",12252,441A13,Br. Juan Rey,4,2,6,CL 69 Sur - KR 13B Este,510b8301-6bd9-49bb-ad52-0ef733ef1bad
"-74,09115374","4,524711076",12253,442A13,Br. Juan Rey,4,2,6,CL 69 Sur - KR 11D Este,4481afde-2c7a-4409-b4cd-7c262d6d230b
"-74,09207639","4,526031239",12254,136A13,Br. Los Pinos,4,2,6,DG 68 Sur - KR 11B E,845d973f-2dfb-42aa-a1fe-f048c0f1d785
"-74,09294357","4,527263041",12255,071A13,Quebrada La Nutria,4,2,6,KR 11A E - CL 67 Sur,48629aaf-b114-401a-ae1d-e428e4fb2d37
"-74,09178037","4,529539242",12256,072A13,Br. La Belleza,4,2,6,TV 11A E - CL 64 Sur,5ef1e0e5-4b42-459f-bf14-b308d520cd97
"-74,09068055","4,53220843",12257,074A13,Pq. Los Libertadores,4,2,6,KR 11 E - CL 56 Sur,0367be4f-39c9-41a7-9bd9-7cd38c2fd3c4
"-74,1362799","4,711427086",12258,370A05,Br. Nuevo Milenio,4,2,6,CL 67 - KR 115A,1eef71a5-2a09-4467-8b44-b48dd8556e58
"-74,13865652","4,560252393",12259,341A11,Br. Meissen,4,2,6,AC 60G Sur - 18C-04 Sur,0cb38e57-ba4c-4b7a-b459-8a57f9187eb6
"-74,09167401","4,529615089",12260,073A13,Br. La Belleza,4,2,6,TV 11A E - CL 64 Sur,af995cad-cde6-4230-b954-115bbff52514
"-74,09291213","4,527384176",12261,070A13,Quebrada La Nutria,4,2,6,KR 11A E - CL 67 Sur,d631ed2b-32bb-44ee-a32b-8871c4cdd4d3
"-74,09196295","4,526080046",12262,137A13,Br. Valparaíso,4,2,6,CL 68 Sur - KR 11B Este,65bf5c72-85b3-4ea7-a2e0-97f320834b2e
"-74,09023142","4,524673742",12263,140A13,Br. Juan Rey,4,2,6,CL 68 Sur - KR 12 Este,fad0d1a3-bd66-4e34-b9b1-f035ffc9e0b3
"-74,08870241","4,523528692",12264,144A13,Br. Juan Rey,4,2,6,CL 68 Sur - AV. Circunvalar,17498799-231e-494a-ae27-9217c54324c9
"-74,19119577","4,610002352",12265,208A09,Br. Piamonte Sector II,4,2,6,KR 81 - CL 68 Sur,246b8966-3c83-43f8-a460-b1392cf308be
"-74,09294279","4,584363099",12266,326A12,Escuela María Montessori,4,2,6,AC 11 Sur - KR 12,8c9f851b-821f-4acf-9095-8712a2f31dd7
"-74,0962926","4,586912197",12267,421A11,IED Guillermo León Valencia,4,2,6,DG 11 Sur - KR 15,6e09134e-648d-4fb3-b531-ea5f44167331
"-74,10171963","4,585579365",12268,551A11,Br. Restrepo,4,2,6,KR 19 - CL 17 Sur,bb1b57d6-00f6-4c00-bcf1-ebd3dc0a3344
"-74,10367338","4,584575302",12269,063A11,Br. Restrepo,4,2,6,DG 19 Sur - TV 20,c7035b1f-140a-4bfb-86be-555039101913
"-74,16802926","4,589738233",12270,108A10,Br. Barlovento,4,2,6,CL 62D Sur - KR 72,19cee8b9-3c08-416e-a33b-22b00dd67c99
"-74,175295","4,595736",12271,205A10,Br. La Estancia,4,2,6,KR 75 - Auto Sur,04ccbd25-f3af-4f0d-aca4-2ac4e18cd52c
"-74,175373","4,595506",12272,176A10,Br. La Estancia,4,2,6,KR 75 - Auto Sur,7c067daf-90f7-4143-9759-e8a5dd250bff
"-74,12990259","4,618008522",12273,498A08,Agrupación de Vivienda Jacaranda,4,2,6,CL 8 Sur - KR 69A,da2f1196-b042-434b-8170-9f247ac2cdbf
"-74,152445","4,616110825",12274,030A09,Br. Timiza,4,2,6,CL 40 Sur - KR 72 L,b8789e88-a67f-4688-a019-099ada83e082
"-74,0975635","4,545258868",12275,490A13,Canadá La Guirá II Sector,4,2,6,KR 3 E - CL 46B Sur,69026f58-e22e-4f58-b85c-41ee2a39b112
"-74,09721404","4,545409109",12276,491A13,Canadá La Guirá II Sector,4,2,6,KR 3 E - CL 46B Sur,7431e1e4-4aa3-4c6d-93b2-c9f8c29864f2
"-74,09099364","4,550991489",12277,036A13,Br. La Victoria,4,2,6,KR 6 Este - CL 39 A Sur,71e42067-e335-4c35-856f-c286456de8bc
"-74,16006403","4,610379143",12278,169A09,Lagos de Timiza II,4,2,6,TV 74A - AV. V/cio,a0ca0f7d-f4b1-4069-9387-eada4b40811d
"-74,16223693","4,610769899",12279,379A09,Br. Jaqueline,4,2,6,CL 45 Sur - KR 77Y-25,f1e8358c-6f76-46ca-8cb9-c32477d953f2
"-74,16350977","4,610062373",12280,376A09,Br. Jaqueline,4,2,6,CL 46B Sur - KR 77W,20d66447-138c-4786-beac-e23dd06d315a
"-74,159155","4,611538",12281,130A09,Br. Timiza B,4,2,6,CL 42G Sur - KR 74A,2709101e-8518-4e89-9405-0001410ed79b
"-74,13367277","4,703299161",12282,232A05,Br. Marandú,4,2,6,KR 111C - CL 64A,6e20d6c6-9f97-4e8f-a193-b2e2082a9678
"-74,13386443","4,594883121",12283,441A09,CADE Muzú,4,2,6,CL 43 Sur - KR 51D,b7ceb16a-4deb-4a27-8faa-2b599e431b2a
"-74,13064858","4,596571902",12284,444A09,Br. Ospina Perez Sur,4,2,6,KR 51B - CL 40 B Sur,606f688c-9dd6-44af-87ca-e0fe83b2dbdd
"-74,127748","4,600526",12285,449A09,Br. Ospina Perez,4,2,6,CL 37 Sur - KR 51B,140449af-c687-4761-986c-bc0e15f7bc99
"-74,06900057","4,644518489",12286,266A00,Parroquia El Divino Salvador,4,2,6,AC 57 - KR 17,8c13c215-b58f-4e42-82f8-92d37ff77311
"-74,086399","4,62796",12287,385A06,Br. El Recuerdo,4,2,6,KR 33 - CL 25,efaf849a-568a-4501-8c48-b31609536330
"-74,10347308","4,621196456",12288,274A07,La Merced,4,2,6,CL 12 - KR 42,c963b4cd-f495-4cc4-b5b1-26519f10ca90
"-74,10085042","4,618169437",12289,280A07,Br. Los Ejidos,4,2,6,KR 38 - CL 11,a47952b7-fdd5-47bd-9e54-0ed00ad1140b
"-74,10328803","4,616464583",12290,245A07,San Andresito 38 - SENA,4,2,6,CL 9 - KR 38,8f0bf51d-c38f-4089-a79a-91fd5d8c24b0
"-74,12783469","4,600759502",12291,450A09,IED Benjamín Herrera,4,2,6,CL 37 Sur - KR 51B,1a7819b0-4b8b-47ff-a568-1e3a7253cc25
"-74,13057334","4,596800656",12292,443A09,Unidad Medica Santa Isabel de Hungria,4,2,6,KR 51B - CL 40B Sur,c4487143-782a-46ce-8016-0a724a91430d
"-74,140789","4,593007861",12293,251A10,Br. Venecia,4,2,6,DG 49A Sur - KR 53,afcddc56-d734-4b95-bd31-38205d3d041f
"-74,14189563","4,592021429",12294,167A10,Br. Venecia Occidental,4,2,6,AK 54 - CL 49 Sur,4ea3a458-578a-444e-a903-f06614e972bc
"-74,08515634","4,756725092",12295,435A03,LAS ORQUIDEAS,4,2,6,CL 157A - KR 98A,fb8dbeb5-c9d6-4277-9be9-fd1927ef2293
"-74,08630161","4,755063621",12296,430A03,COLEGIO EL ENCANTO,4,2,6,KR 99 - CL 155D,0fcba497-6ed0-4e9e-9b19-1db9c51f9f33
"-74,08714365","4,752486816",12297,425A03,IED EL SALITRE-SUBA,4,2,6,KR 99 - CL 153,70ae255e-1ae5-4724-9dff-af6ef881d5b8
"-74,08580222","4,75050809",12298,429A03,PARQUE EL PINAR,4,2,6,KR 96A - CL 152,a90c3ef7-243c-4264-918a-d5e47830e26e
"-74,08654237","4,748903855",12299,395A03,PARQUE EL PINAR II,4,2,6,KR 96A - CL 151,fec83e50-9831-4ba1-8e9f-c2880c9aa30f
"-74,08483215","4,747753733",12300,482A03,BOSQUES DE SAN JORGE,4,2,6,CL 151B - KR 92,fc71a86d-9da1-4d46-8edc-b6b2bfae3b3b
"-74,08973493","4,716399665",12301,352A03,Br. SAN JORGE I,4,2,6,AK 89 - CL 127BIS,ff7c558b-1508-4db0-ab98-3c66555687b2
"-74,08929045","4,714656006",12302,217A03,Br. SAN JORGE,4,2,6,CL 127 - KR 87A,c589197b-560e-408d-9c2d-3a3625c21c7e
"-74,08228734","4,711513798",12303,238A03,CLUB LOS LAGARTOS,4,2,6,CL 127A - KR 81,cb8a5f18-0e3f-4f4f-b06f-8c1cb8f9b0d0
"-74,08069794","4,712257114",12304,240A03,CERROS DE NIZA,4,2,6,CL 127A - KR 78,d8ce57fa-56bd-49a2-85ec-fbd97ee8da4a
"-74,08056642","4,712336669",12305,241A03,CERROS DE NIZA,4,2,6,CL 127A - KR 78,95a37588-0754-4a0b-b42a-e7ec20b40fb0
"-74,08238758","4,711542851",12306,239A03,CLUB LOS LAGARTOS,4,2,6,CL 127A - KR 81,285a09ba-b480-4894-8175-439130ce4f9e
"-74,08813807","4,714073715",12307,218A03,Br. SAN JORGE,4,2,6,CL 127 - KR 87A,c3c6d586-de3d-4e8c-ae8a-c1abff5286d4
"-74,08967762","4,716528999",12308,353A03,Br. SAN JORGE I,4,2,6,AK 89 - CL 127BIS,15183984-5409-4d01-bf96-c9e3dba313eb
"-74,08458554","4,738973587",12309,042A03,IED Juan Lozano,4,2,6,AK 91 - CL 145A,3fa18f19-9772-4b06-b361-9fa59fcee40b
"-74,08407548","4,741702821",12310,461A03,Pq Central de Suba,4,2,6,AK 91 - CL 147,14c47c28-3650-4256-9c46-b63f36342a16
"-74,08456079","4,743023851",12311,041A03,CAMI Suba,4,2,6,KR 92 - CL 147B,873805be-8747-48f9-bbe3-81771b94abfe
"-74,08446551","4,746521938",12312,040A03,Cl 150A,4,2,6,KR 92 - CL 150A,057eacf3-916d-405b-8323-23c3ec79a0f9
"-74,02986151","4,769814937",12313,342A01,Br. Tibabita,4,2,6,CL 193 - KR 8B,3fd402ce-4d1b-4769-9b2e-ca5a0b58e4fe
"-74,09377712","4,728106277",12314,350A03,Br. San Cayetano,4,2,6,KR 95A - CL 129D,a67a0ee3-09a2-45d5-a986-2a56cc5471ea
"-74,10936795","4,749745823",12315,065A03,San Andrés Afidro,4,2,6,KR 128 - CL 143,d2131198-02a2-411e-8315-6ed7ac52000c
"-74,09664643","4,545942713",12316,164A13,Urb. Villa del Cerro,4,2,6,KR 3 E - CL 46A Sur,ff64186c-d453-461c-8c52-182eb21a470a
"-74,10886655","4,752410996",12317,411A03,Conjunto Residencial Yerbamora II,4,2,6,KR 128 - CL 144,307aba34-9d4e-4b14-9549-16737dbe50a9
"-74,14637875","4,673228825",12318,167A06,Br. El Carmen Fontibón,4,2,6,CL 17 - KR 100,b1e6c337-616c-4dbb-94cf-0633ab28938b
"-74,14666934","4,557635659",12319,300A11,Br. Las Delicias del Sur,4,2,6,KR 18Z - CL 66A Sur,8bb1e46a-0f31-4ec1-b111-6db82819fb8d
"-74,10885267","4,615136615",12320,327A07,Pq. Primavera,4,2,6,KR 41A - CL 4C Bis,4012c247-840c-49f6-8a13-7728600cc540
"-74,14501981","4,558663403",12321,465A11,Desarrollo San Luis,4,2,6,TV 18R CL 65 Sur,d836ca55-2258-45de-af79-2531dce4fe9a
"-74,14560917","4,558289786",12322,306A11,Br. Las Delicias del Sur,4,2,6,CL 65B Sur - KR 19,24276a22-8e56-49f7-9280-75bb83bcc805
"-74,03741654","4,762523777",12323,431A01,Br. El Verbenal II Sector,4,2,6,KR 16 - CL 185,adb75878-d1ea-4dc2-99d0-1a952492870b
"-74,15553116","4,669877905",12324,225A07,Br. Predio Caldas,4,2,6,DG 15A - KR 104,ab274647-021c-41ae-aecf-48b7442b5030
"-74,17908817","4,632566922",12325,542A08,Br. Brasil II Sector,4,2,6,CL 49 Sur - KR 88C,3d6e4481-f15d-47ac-aeed-1c719ca4cda7
"-74,06045376","4,648181701",12326,046A00,Kr 8,4,2,6,AC 63 - KR 8,a5a684d3-882b-4c45-9995-f0bdcbc80e1d
"-74,06338257","4,646576145",12327,558A00,C. C. Aquarium,4,2,6,CL 60 - KR 9A-24,264af180-10fd-4fb1-8157-836d799b5040
"-74,17942005","4,63365526",12328,543A08,Br. Las Margaritas Occidental,4,2,6,CL 49 Sur - KR 88G,7ad8d617-5e6a-4ac1-b8a0-c52b8a300e77
"-74,157049","4,649231",12329,298A07,Prados de Castilla,4,2,6,CL 6D - KR 89,8b685d79-e6ae-4a16-a083-d8e80f8dea12
"-74,20135472","4,627770735",12330,250A09,IED San Bernardino El Recreo,4,2,6,KR 92 - CL 72 Sur,bd2c9b05-ff7c-41c6-9c19-04b9b0c3c704
"-74,20076735","4,627891736",12331,249A09,IED Metrovivienda,4,2,6,KR 92 - CL 72 Sur,1d4ad94c-f027-4257-8bda-94f6a78852b4
"-74,18716885","4,619505784",12332,292A09,DG 59B,4,2,6,KR 84C - DG 59B Sur,8112fe17-6161-45f9-9f06-d75732f30f7d
"-74,117701","4,743234",12333,258A03,IED La Toscana - Lisboa,4,2,6,CL 132 - KR 145A,c7cd48df-66dd-4297-8bae-0beb85bb522a
"-74,11739887","4,743073809",12334,259A03,IED La Toscana - Lisboa,4,2,6,CL 132 - KR 145A,3f4970af-99a1-4324-b2ac-762c08eb966a
"-74,13762319","4,577918353",12335,097A11,Colegio Marco Fidel Suarez,4,2,6,KR 25 - CL 52 Sur,b8aeb329-d60d-4d40-87b5-f36b12e9f504
"-74,20003575","4,627772023",12336,251A09,Br. San Bernardino XVII,4,2,6,CL 71 Sur - KR 91B,0226419c-8d0f-42aa-928d-c4e853d6590a
"-74,19959437","4,626620361",12337,261A09,Urbanización Villas del Progreso,4,2,6,CL 71 Sur - KR 89B,23a60275-0c0e-425d-9a48-9bbc89aac685
"-74,198724","4,623823",12338,259A09,Desarrollo San Joaquin,4,2,6,CL 71 Sur - KR 88F,e56505c4-c6de-463f-9ab2-953ceb58d609
"-74,17287455","4,604591019",12339,311A09,Urbanización La Unidad,4,2,6,CL 57C Sur - KR 77H,22e7958a-16ef-4398-a421-f7c97d743483
"-74,17263748","4,606432955",12340,318A09,Barrio La Unidad,4,2,6,CL 57C Sur - KR 77K,5bcaadbe-b829-4717-b5e1-7bc996ad1cb6
"-74,16574385","4,641528116",12341,435A08,Gerona Del Tintal,4,2,6,CL 34 A Sur - KR 89,6262c4ac-ca59-4d6e-b756-598c157add37
"-74,15938016","4,652996103",12342,216A07,La Magdalena,4,2,6,CL 6 D - KR 93 D,54b959bf-d2b6-4655-b9ba-a0dad6662b8d
"-74,15717045","4,64680918",12343,149A07,Prados de Castilla,4,2,6,KR 88D - CL 6A,565debf8-a305-4977-be17-ee62ab0e7697
"-74,15018411","4,645238899",12344,335A07,Br. Valladolid,4,2,6,AC 8 - KR 84,3b13e722-a234-4273-a1f5-d06a069e492f
"-74,1494668","4,644256873",12345,173A07,Liceo El Castillo,4,2,6,CL 8 - KR 82A,514ab0f6-0e46-489f-9e01-6dbba271dfa8
"-74,14849984","4,644764733",12346,171A07,Liceo La Esperanza,4,2,6,KR 81F - CL 8,6869a41b-f6b6-4f68-9952-bd3f65b4c320
"-74,14822028","4,644888249",12347,172A07,Liceo La Esperanza,4,2,6,KR 81F - CL 8,e8d193f3-82a7-4f95-8eb3-2572304d7311
"-74,14142384","4,653612134",12348,178A07,Br. Vergel Occidental,4,2,6,CL 13A - KR 83,29b54e39-3d7d-4c94-af95-01d4a818d1ed
"-74,13876569","4,651455371",12349,233A07,Br. La Pampa,4,2,6,CL 13 - KR 80D,c76ff21d-2fc5-4bf8-a679-ffbef48d0215
"-74,13645391","4,651224896",12350,196A07,Br. Visión de Oriente,4,2,6,AV. A. Mejía - CL 13 A,c2bfdc2e-a756-43e8-89e5-187fce4e8ae0
"-74,13542757","4,679241588",12351,248A06,Salón comunal Arabia,4,2,6,CL 23G - KR 98,09ccc671-43a5-42b4-8f27-f5bb6ec799e8
"-74,13506862","4,642680184",12352,201A07,PARQUE VILLA ALSACIA,4,2,6,CL 11A - KR 72A,413148d9-597a-4ac3-9a3c-a7a261cd5c84
"-74,134808","4,652766",12353,238A07,Br. Visión de Oriente,4,2,6,AV. A. Mejía - CL 15A,6f65eab0-dc74-4306-8ec8-b31284480b88
"-74,134016","4,649459",12354,207A07,Ciudad Favidi,4,2,6,KR 78 - CL 13,3606ff8f-4e33-4eed-ae58-7cc68b1f164c
"-74,13254207","4,654939084",12355,241A07,Br. Interindustrial,4,2,6,AV. A. Mejía - AV. Centenario,1591d47a-b3b3-4966-8c3e-84292fbd1ad5
"-74,11938954","4,620037165",12356,208A07,Colegio José Allamano,4,2,6,KR 56 - AC 3,b33a33bb-5693-4b95-91e4-eba10b4a7bde
"-74,11180999","4,536309472",12357,236A12,Br. La Fiscala Norte,4,2,6,KR 4 E - 59 Sur,652ddf42-5038-48cb-843f-104872b60b47
"-74,10965277","4,581816541",12358,401A11,Br. Olaya Herrera,4,2,6,CL 28 Sur - KR 21,d8c44944-3ea2-4596-9430-3e8895c78e83
"-74,10095753","4,561235512",12359,043A13,Br. Las Lomas,4,2,6,KR 4C - CL 36B Sur,cdf7fa1d-8ffc-4019-9280-39ff5af782e9
"-74,09673977","4,755056585",12360,106A03,Br. Pinos de Lombardía,4,2,6,CL 152 B - KR 110 A - 03,7f68d080-4c09-4230-a629-4de3dd513a3f
"-74,085683","4,597868",12361,043A00,Br. La Estanzuela,4,2,6,AC 6 - KR 15,9a2b91cb-298c-459e-a2d8-ba3a73e0b2fb
"-74,08373125","4,562842018",12362,231A13,IED Jose Acevedo Y Gomez,4,2,6,TV 4 Este - DG 28 Sur,eaeb1308-ed9e-4d90-a5f8-a92829dae797
"-74,08361449","4,596456418",12363,063A00,Pq. Tercer Milenio,4,2,6,CL  6 - KR 12A,178b05d8-71c0-4c3b-b044-f1786b5fd47f
"-74,08360553","4,562630702",12364,232A13,IED Jose Acevedo Y Gomez,4,2,6,TV 4 Este - DG 28 Bis B Sur,2a3d90dd-d0a4-40bb-abcd-0259e9ae4853
"-74,07122183","4,58066502",12365,297A13,IED Aulas Colombianas San Luis,4,2,6,KR 11 E - CL 1B,f2b99d86-5e56-42d6-b685-934220f3cdd2
"-74,06969093","4,59312721",12366,461A00,Fundafidro,4,2,6,KR 3 Este - CL 9B,aa456511-4e10-49d3-b665-bd38f5a15926
"-74,05655066","4,749112792",12367,247A02,Br. Caminos de Veracruz,4,2,6,KR 55A - CL 166,08f5a39d-edf6-4c9a-934b-bcaac584fb4f
"-74,028163","4,734736",12368,334A01,Br. Barrancas Norte,4,2,6,CL 159 - KR 8,e82a894e-8c32-47fb-955e-9a2267321cd0
"-74,0889679","4,690487368",12369,326A04,Parroquia San Silvestre,4,2,6,Dg 77 Bis X TV 70C Bis,52e40cbf-3e82-42ab-847f-820c361e817e
"-74,20377147","4,607512346",12370,134A09,Br. San Bernardino I,4,2,6,DG 74A Sur - KR 78I,6075925f-b3ba-4ff1-ac84-fd9a08f337aa
"-74,2017883","4,608430816",12371,138A09,Kr 79C,4,2,6,DG 74A Sur - KR 79C,2e797905-c1ab-4e75-9bda-816461a356a2
"-74,19491302","4,602069874",12372,483A09,Br. José María Carbonell,4,2,6,CL 71A Sur - KR 78,d9affa1b-b359-4dbc-9323-b18534eaefee
"-74,16797122","4,591430062",12373,202A10,Br. Galicia,4,2,6,CL 60 A Sur - KR 72,88e962d6-3771-4ee7-ac8f-6bf9f4928e68
"-74,16783933","4,591300887",12374,201A10,Br. Galicia,4,2,6,CL 60A Sur - KR 73-31,15a6a939-1d5d-4a60-8421-1d0a2fbeae98
"-74,15530945","4,565316371",12375,191A11,Br. Juan José Rondón,4,2,6,TV 22 - CL 69C Bis Sur,7c957c6b-5830-41d3-a2f6-cdaf14e8af78
"-74,15505697","4,565151769",12376,190A11,Br. Juan José Rondón,4,2,6,TV 22 - CL 69C Sur,ae535b5f-879c-4d9f-8d46-9e96ed65f2a9
"-74,15223058","4,562624848",12377,194A11,Br. Juan José Rondón,4,2,6,KR 20D Bis - CL 68B Sur,a8368443-9a6c-4a53-964d-87f2092ee1c5
"-74,15208269","4,562745636",12378,195A11,Br. Juan José Rondón,4,2,6,KR 20D Bis - CL 68G Sur,91e82f00-c62d-4392-8dd9-a756bf51cbea
"-74,15151166","4,691062517",12379,197A06,Br. El Refugio,4,2,6,KR 120 - CL 22G,d95491e8-d3bf-48f3-93f1-c7b68803b957
"-74,15048431","4,6919832",12380,232A06,Br. La Primavera II,4,2,6,KR 120 - CL 22K,a8a5b891-b595-471d-814d-5ee92e416286
"-74,15017286","4,688417574",12381,249A06,Br. La Aldea,4,2,6,CL 22G - KR 117A,ab679e6c-4c03-41bc-9d75-c7ab9cb1db7c
"-74,14973143","4,562779866",12382,310A11,IED San Francisco,4,2,6,KR 20C - CL 67 Sur,8fca6651-bbb7-408e-9f07-616bdfa6e168
"-74,14944588","4,562789686",12383,415A11,Br. San Francisco,4,2,6,KR 20C - CL 67 Sur,354fdffd-8624-471b-be7b-670ddb013c4c
"-74,14665114","4,563606841",12384,416A11,Br. Las Acacias,4,2,6,KR 20C - CL 64 Sur,e52f85a8-6b07-416c-b44f-2f61e9eb658c
"-74,14637254","4,563768086",12385,319A11,Colegio Confraternidad de San Fernando,4,2,6,KR 20C - CL 64 Sur,209e1b9b-1306-4e6b-872c-5853f4f7ffce
"-74,12338384","4,523468623",12386,116A12,Br. La Aurora,4,2,6,DG 68A Sur - TV 14T Bis,0738d32a-7d36-4572-af33-88bc680f7f6a
"-74,12241909","4,5231997",12387,119A12,Br. La Aurora,4,2,6,CL 70A Sur - TV 3F Bis,39048d84-4bf0-4702-b8a1-c59e2d27ee03
"-74,11892555","4,542107764",12388,125A12,Br. Danubio Azul,4,2,6,CL 56 Sur - KR 4P,ea081688-5d86-47f7-965e-d1466e20eeb1
"-74,11808377","4,498265383",12389,111A12,Br. Brazuelos,4,2,6,KR 1A - CL 100A Sur,a6e5124f-60a2-48cf-a50b-1ac58edc990e
"-74,11715223","4,540102551",12390,232A12,Br. Danubio Azul,4,2,6,CL 56 Sur - KR 4A,4e455e2c-1287-40e9-9da9-f2f9aa580af0
"-74,11686781","4,539980046",12391,233A12,Br. Danubio Azul,4,2,6,CL 56 Sur - KR 4P,e5e7e00a-1935-479f-98f2-e3a322336423
"-74,11518563","4,538389416",12392,231A12,CED Danubio Azul,4,2,6,CL 56 Sur - KR 1,42906982-5e68-421d-a41e-e51dbdd92e60
"-74,11182443","4,535792917",12393,234A12,Br. La Fiscala Norte,4,2,6,KR 4 Este - CL 59 Sur,2f58977c-a58f-4b51-a35c-ca09303c847c
"-74,10972905","4,690109755",12394,080A05,PINAR DE LOS ALAMOS II,4,2,6,CL 66A - KR 86A,c4c5568c-5412-497a-8835-86707cbfb3b3
"-74,103107","4,756564",12395,410A00,Br. Rincón de Santa Inés,4,2,6,KR 117 - CL 151C,196ccafd-78e4-4528-bfb6-b9448cbebb4d
"-74,101702","4,757291",12396,118A03,Urbanización Camino Verde,4,2,6,CL 152 - KR 116,bbff9399-0d15-44f1-ad7f-332dfed2d1a8
"-74,09917604","4,617332429",12397,246A07,Br. Los Ejidos,4,2,6,CL 12 - KR 37,778709b0-4eec-45a1-b32c-a6fc9b55131c
"-74,09645493","4,614867595",12398,249A07,ETB Calle 12,4,2,6,CL 12 - KR 33,1d917725-24cf-4edc-b6b1-0c16e11adebd
"-74,07441839","4,698775507",12399,054A03,Fundacion Clínica Shaio,4,2,6,AC 116 - KR 70D,0c4fe5f6-4674-4d30-bd43-8da1016038ef
"-74,0713921","4,699559112",12400,052A03,AVENIDA SUBA,4,2,6,AC 116 - TV 60,00adda0d-c961-4609-a754-c00b6da97e45
"-74,07123246","4,590515034",12401,350A13,Calle 5A,4,2,6,KR 3 Este - CL 5A,50879a92-43ed-48ce-a48e-d668c85f1a0b
"-74,06923613","4,700505919",12402,053A02,Colegio Agustiniano Norte,4,2,6,AC 116 - AV. Suba,1fb8507a-770d-46b4-8428-121b081deb36
"-74,06807067","4,701198172",12403,045A02,Pq. Canal Molinos,4,2,6,AC 116 - TV 55B,5858bbd9-0b8e-4068-be76-16a321381939
"-74,05607318","4,735578787",12404,215A02,Br. Mazurén,4,2,6,CL 152 - KR 54,14fb69ec-d2f0-47de-9b3f-caa75dca578f
"-74,04569035","4,723219716",12405,265A01,Br. El Contador,4,2,6,CL 140 - KR 18A,d0832531-1fa3-499a-a9f6-fe4c69fabd7a
"-74,04347193","4,722304212",12406,266A01,Br. El Contador,4,2,6,CL 140 - KR 16A,71c240f8-f1b6-44c7-b77b-728652fe82f1
"-74,024915","4,759249",12407,446A01,Club Militar Casamata,4,2,6,KR 6 - CL 182,132fde72-5720-410a-aba5-18841fd167c0
"-74,024315","4,761977",12408,448A01,Br. Nuevo Horizonte,4,2,6,KR 4 - CL 185 B,f2665e1d-6ed1-4531-895e-21cec550c7c0
"-74,02416636","4,760699629",12409,523A01,Br. Horizontes Norte,4,2,6,KR 4 - CL 182C,4d8f714f-c957-4929-a5c5-b2786c8d6798
"-74,024094","4,756992",12410,444A01,Br. Los Naranjos,4,2,6,KR 6 - CL 179,a7b57d6a-88c4-4081-823f-c1fb73d3acdd
"-74,023444","4,754173",12411,443A01,Br. La Maria,4,2,6,CL 175 - KR 7,34cd7446-fe25-490a-892e-1d8994bb6e4f
"-74,0861903","4,528688509",12412,149A13,IED Nueva Delly,4,2,6,AV. Circunvalar - CL 61A Sur,8a92a870-4f3d-49f2-b1d4-d305e46ab185
"-74,08748643","4,52423794",12413,145A13,CED la Chiguaza,4,2,6,AV. Circunvalar - CL 64 A Sur,624eaf1a-9906-44a6-9d44-5b1f9fdfc0cf
"-74,09402398","4,71642604",12414,546A03,Humedal Juan Amarillo,4,2,6,KR 91 - CL 99A,34649e09-a059-4f4b-bd3f-364f23da501f
"-74,12322884","4,728043117",12415,060A04,Br. El Cortijo,4,2,6,KR 119 - CL 81,6ee779e9-8a9c-419b-8c12-9d455003e54b
"-74,12516192","4,71275121",12416,166A04,Br. Garcés Navas Sur,4,2,6,CL 73 - KR 110B,bcfe48f0-5f69-4170-aa20-9702b1b11f34
"-74,12439545","4,711453628",12417,308A04,Br. Villa Amalia,4,2,6,KR 110 - CL 72C,ba914906-398b-49b6-aca9-d1006be698c9
"-74,07770484","4,584858406",12418,329A13,Br. Las Cruces,4,2,6,KR 3 - CL 1C,64ae5f21-d5db-4039-92f7-7c2da66e4406
"-74,07842858","4,582790611",12419,283A13,Colegio La Giralda,4,2,6,KR 3 - AC 1,2b6f5b44-4ab8-453f-8a7b-b490dcbf2b2c
"-74,19978792","4,636373319",12420,244A08,Br. San Bernardino II,4,2,6,CL 63 Sur - KR 98D,af908166-5277-41a1-8cfc-5130ac59851b
"-74,20073873","4,638139853",12421,247A08,Br. San Bernardino XVI,4,2,6,CL 63 Sur - KR 102,2a1f8280-80d4-4eed-8f32-c673024881a6
"-74,20374162","4,638915514",12422,245A08,Br. San Bernardino XVI,4,2,6,KR 105 B - CL 69A Sur,f5cf2701-4eb9-4f3b-8877-9b4f72f3539b
"-74,20571928","4,637949375",12423,230A08,Br. San Bernardino Rural,4,2,6,KR 105B - CL 73 Sur,f47a0593-73f5-4d37-9fef-d1e096102108
"-74,20616564","4,63766288",12424,229A08,Br. San Bernardino XVII,4,2,6,KR 105B - CL 73 Sur,9c741410-f998-44c3-a6c9-7768b69cd0f2
"-74,20339244","4,639016216",12425,246A08,Br. San Bernardino XVI,4,2,6,KR 105B - CL 69A Sur,1dd07b47-13f6-4dc8-9f81-b4c6262f3b5a
"-74,20088637","4,638230287",12426,248A08,Br. San Bernardino II,4,2,6,CL 63 Sur - KR 102,af2170ee-9046-4076-8ed7-f52978b1887e
"-74,1997634","4,63611416",12427,243A08,Ciudadela El Recreo,4,2,6,CL 63 Sur - KR 99A,6f1bf232-528f-477e-8d32-33059b1e9998
"-74,10771111","4,716961387",12428,247A04,Bochica Compartir,4,2,6,DG 86A - KR 101,dcb2b8f6-a7e8-44b7-a2b3-8456a7bd4915
"-74,11305052","4,722662174",12429,332A04,Ciudadela Colsubsidio,4,2,6,DG 86A - KR 111A,eac59a1b-e0ef-4166-a454-11d9569a82a5
"-74,11389389","4,724671273",12430,264A04,C.C. Unicentro de Occidente,4,2,6,KR 112F - DG 86 Bis,52aae24f-5dfc-4933-bc77-ff3711830490
"-74,11601747","4,724009921",12431,270A04,C.C. Unicentro de Occidente,4,2,6,CL 86A - KR 112F,6ef54ebf-1b56-4a5e-8304-af856962aafc
"-74,11321519","4,722470115",12432,329A04,Ciudadela Colsubsidio,4,2,6,DG 86A - KR 111A,5c4509d1-3623-42c8-83cc-57da350e8f70
"-74,1042814","4,716311864",12433,248A04,Ciudad Bachué I Etapa,4,2,6,KR 95G - CL 88,b37b83d4-7b96-4e3b-b717-20fe5090b452
"-74,08741018","4,579918744",12434,516A13,Br. Nariño Sur,4,2,6,AC 11 Sur - KR 7A,bebdcc1a-488b-43f6-9021-c19d6472c21b
"-74,08849162","4,581286448",12435,222A13,Colegio Nuestra Señora del Pilar,4,2,6,AC 11 Sur - KR 8,c64d8862-144c-4d7d-97f2-e0bb99461eb1
"-74,07359231","4,739315062",12436,474A03,Br. Casa Blanca I,4,2,6,KR 76 - CL 146F,29f7eec3-1345-4054-8c3e-b8475f5d2aa2
"-74,07434429","4,737360579",12437,543B03,Br. Casa Blanca I,4,2,6,TV 77 - CL 146A,6c222f2a-9f4d-485d-8c09-d1e215c94366
"-74,07411176","4,738138444",12438,476A03,Br. Casa Blanca I,4,2,6,KR 76 - CL 146C,b0869386-31ed-4bc2-af34-991745a2384a
"-74,08475776","4,554364212",12439,225A13,Urb. San Vicente,4,2,6,AV. Circunvalar - CL 33 Sur,6819954b-c388-4935-a974-b5aafe13d3d6
"-74,13313037","4,582446236",12440,150A10,Br. Samore,4,2,6,KR 28 - CL 49 Sur,92cbb4db-b746-411d-ace6-6f5010db2753
"-74,13524164","4,581236293",12441,144A10,Parroquia La Sagrada Familia,4,2,6,KR 28 - DG 49B Sur,656a7277-d6c5-4a66-a758-241c7a685c3a
"-74,08463928","4,554432276",12442,226A13,Br. Macarena de los Alpes,4,2,6,AV. Circunvalar - CL 32F Sur,e37ec4fc-51cd-4d47-a907-9bba1f116552
"-74,08287397","4,569478443",12443,253A13,Br. Las Mercedes,4,2,6,KR 4 Este - CL 16A Sur,07580208-5928-40a9-b7de-3eef007dd402
"-74,0806013","4,571364009",12444,004A13,Br. San Cristóbal Sur,4,2,6,DG 13 Sur - KR 5 E,0a83236c-5df4-42f9-abf1-888b88785fd8
"-74,20573938","4,629812929",12445,534A09,Br. San Bernardino XIX,4,2,6,KR 95A - CL 75A Sur,41787a9c-0d88-4644-9208-6f0ca693f50f
"-74,1966021","4,607315365",12446,174A09,Br. Naranjos El Retazo,4,2,6,CL 72 Sur - KR 80I,e63114c1-3e6d-4311-9670-34edf9125739
"-74,19648556","4,607486237",12447,591A09,Br. Naranjos El Retazo,4,2,6,CL 72 Sur - KR 80I,9ae32ff3-d26c-43ff-a1aa-d5ee2a6a6849
"-74,19624973","4,60901408",12448,191A09,Br. Grancolombiano II Sector,4,2,6,CL 72 Sur - KR 80M,8dfdf02d-1bd1-45aa-87fe-200ec8c00196
"-74,19619667","4,609086161",12449,192A09,Br. Gran Colombiano II Sector,4,2,6,CL 72 Sur - KR 80M,8fe415c7-654e-4da0-ba04-f973eb9c6c6a
"-74,19459268","4,610877502",12450,200A09,Br. La Palestina I,4,2,6,CL 71A Sur - KR 81B-40,4703db7e-5e01-4053-a048-9e6de10a2660
"-74,1940142","4,64261166",12451,576A08,Br. El Corzo,4,2,6,KR 103 - CL 55 Sur,a78fac62-3683-47d5-b558-6eb029820b38
"-74,19394304","4,640663046",12452,575A08,Br. El Corzo,4,2,6,KR 100 - CL 55 Sur,1e2502c0-83ee-456c-8823-a59870327728
"-74,19305553","4,641445359",12453,577A08,Br. El Corzo,4,2,6,CL 55 Sur - KR 100,462022bc-ee76-4921-938f-f8f97dba301e
"-74,19171112","4,641788038",12454,573A08,Br. El Corzo,4,2,6,KR 100 - CL 54C Sur,b9d9eec2-2e0d-4ef7-ad4a-3905b02fa308
"-74,19089627","4,642059859",12455,574A08,Br. El Corzo,4,2,6,KR 100 - CL 53B Sur,644b5a26-f55e-4548-a5fa-0717de8c57c3
"-74,18728096","4,606960968",12456,233A09,Br. Jiménez de Quesada Cl 65F Sur,4,2,6,KR 80 C - CL 65 F Sur,59514e4b-d2ac-4530-9781-492da2ec96f4
"-74,18626377","4,624695293",12457,367A08,Br. Escocia IV,4,2,6,CL 57 Sur - KR 87C,3179f10c-13a6-47d6-87c9-58710629fb95
"-74,18496352","4,621069388",12458,258A08,Br. San Antonio de Escocia II,4,2,6,KR 86A - CL 57C Sur,5cf12575-cfda-485d-a089-1a6960b6649e
"-74,18409937","4,639896128",12459,085A08,Br. Trebolis El Porvenir,4,2,6,KR 95A - CL 49C Sur,cba67a9d-c353-4904-8659-d5fdc7d89b10
"-74,18220827","4,624497934",12460,366A08,Hsp. Pablo VI Bosa I Nivel,4,2,6,KR 87 - CL 54C Sur,84430c2a-5bfc-4e4f-81bc-37c94eb853a2
"-74,18141057","4,624957982",12461,385A08,Colegio Colsubsidio Chicalá,4,2,6,KR 87 - CL 53C Sur,a9c89310-a0f2-4241-9d50-3bd73678d64d
"-74,17948761","4,626584407",12462,539A08,Liceo Moderno Betania,4,2,6,KR 87 - CL 51B-36 Sur,2dee0148-103f-4b1e-a145-a3901487c12f
"-74,17934659","4,578835463",12463,284A10,IED Sierra Morena Sede B,4,2,6,CL 68B Sur - KR 77,fb79b0ae-cccc-4a50-9ccd-87543cba963a
"-74,17773967","4,628034658",12464,537A08,Br. Betania,4,2,6,KR 87 - DG 49A-24 Sur,91f815ad-ef70-459e-9918-481cec8ed0c6
"-74,17773929","4,647601408",12465,379A08,Br. Villa Alexandra,4,2,6,CL 42A Sur - KR 99,bc25c05c-7286-404d-bffa-242ac61057c2
"-74,17750346","4,647044025",12466,378A08,Br. La Riviera,4,2,6,CL 42A Sur - KR 98C Bis,07bbd3d8-fcbf-40ff-941f-9e5d69117b5c
"-74,1764305","4,576963801",12467,099A10,Br. Santa Viviana,4,2,6,DG 75D Sur - KR 75F,186bc4aa-39a6-45cd-897c-018e7b9a1331
"-74,17639844","4,645284001",12468,374A08,Parque Bellavista Dindalito,4,2,6,CL 42A Sur - KR 96A,d0536d93-4d68-434b-af40-25d60bdd52a1
"-74,17638927","4,577047491",12469,100A10,Br. Santa Viviana,4,2,6,DG 75D Sur - TV 75H,d33a658e-661f-4248-9d9e-491d52b4602e
"-74,17638702","4,591948595",12470,266A10,Br. La Estancia,4,2,6,CL 60A Sur - KR 75C,4f5f318a-34df-4bf3-bdd5-9b096d562120
"-74,17634557","4,645070862",12471,373A08,Br. La Riviera,4,2,6,CL 42A Sur - KR 96 Bis,25a13af7-9697-4e83-8a65-ac5589ad8902
"-74,1754409","4,612096385",12472,301A09,Conjunto Residencial Antonio José de Sucre,4,2,6,CL 57A Sur - KR 79C Bis,13cab432-6e30-4d54-acff-c7615a21ff2c
"-74,17467579","4,594499112",12473,312A10,Br. La Estancia,4,2,6,DG 57Z Sur - KR 74G,13ff35e3-958d-475f-962d-f230fd032415
"-74,17415123","4,611118449",12474,334A09,Br. Roma,4,2,6,KR 79 - CL 56C Sur,738d9018-b758-415f-a56c-549d65e3f353
"-74,17390375","4,576190417",12475,105A10,Br. Santa Viviana,4,2,6,CL 75D Sur - KR 74F,c6e6aa6d-70a0-476e-a8d4-e3079af2a49d
"-74,17388117","4,576285864",12476,106A10,Br. Santa Viviana,4,2,6,CL 75D Sur - KR 74F,0ea61c03-2d3c-4ede-aeca-6b69d1ea525f
"-74,173328","4,611757177",12477,333A09,Br. Roma - Bertha Hernández de Ospina,4,2,6,KR 79 - CL 55A Sur,b177511d-f8ba-4cfc-8520-59ef318747c0
"-74,17332429","4,611219989",12478,336A09,Br. Roma - Bertha Hernádez  de Ospina,4,2,6,CL 56A Sur - KR 78P,1e362958-3f0e-4544-9322-6324bd22aeb3
"-74,17283452","4,650483134",12479,407A08,Br. Galán,4,2,6,CL 34A Sur - KR 99A,5c3d2379-4cfb-4773-8247-5376f8abea2e
"-74,17254269","4,65022612",12480,408A08,Br. Galán,4,2,6,CL 34A Sur - KR 99A,fd14f959-b5bc-48c0-92e1-a023d4afb08e
"-74,17237821","4,608130783",12481,322A09,Centro Social Roma I Sector,4,2,6,CL 57A Sur - KR 78B,5a9b62f9-ae26-4470-9c72-844d01424560
"-74,17204049","4,609261179",12482,332A09,Br. Roma - Bertha Hernádez  de Ospina,4,2,6,KR 78H - CL 56A Sur,2aa0e42a-d65d-42bb-9ef4-bbf8360efca6
"-74,17190484","4,649623337",12483,511A08,Tierra Buena,4,2,6,KR 97F - CL 34 Bis Sur,a59a785d-9ab7-4074-a5e4-14e9b4a8d59d
"-74,17182812","4,637186503",12484,386A08,Br. Altamar,4,2,6,CL 42A Sur - KR 89A,94300f8c-6575-4277-967a-d467f589395a
"-74,17179036","4,637929738",12485,390A08,Desarrollo Las Brisas,4,2,6,KR 89C - CL 42A Sur,e258d9c8-a535-40b0-b3c2-cbc793a2a61c
"-74,1707197","4,575418752",12486,101A10,Br. La Unión Divino Niño,4,2,6,CL 75D Sur - TV 73C,1094d706-7e6c-453d-9d63-ebea037a821c
"-74,17070471","4,577100034",12487,300A10,Br. Sierra Morena,4,2,6,CL 75B Sur - TV 73H,ebf461be-5a8d-4f9f-a6dc-1984e9d0bc59
"-74,1693881","4,696273554",12488,213A06,Cl 17A,4,2,6,KR 137A - CL 17A,8ddd1b1e-9fed-4ca9-8771-cce69f0ee997
"-74,17062795","4,577107954",12489,104A10,Br. Sierra Morena,4,2,6,CL 75B Sur - TV 73G,f57b06dc-4e41-4749-b784-17706c78a08b
"-74,157793","4,695651",12490,098A06,Parque Industrial de Occidente,4,2,6,AK 129 - CL 22C,88206481-401c-448c-8636-bfcc92118af5
"-74,17049228","4,57767522",12491,298A10,Br. Sierra Morena TV 73H Bis,4,2,6,CL 75A Sur - TV 73H Bis,64f46ade-7e0e-4a1d-a3b0-17b8bab6ba8e
"-74,17047602","4,575414229",12492,102A10,Fundación Baruc,4,2,6,CL 75D Sur - KR 73B,fe0d1f11-67fc-4505-9755-cae27d83293b
"-74,17027522","4,587402228",12493,185A10,Pq. Perdomo,4,2,6,DG 62G Sur - KR 73F,8ae8f18d-ffe9-4456-8ed7-7594f3f83d82
"-74,17004969","4,577355419",12494,299A10,Br. Sierra Morena TV 73G Bis B,4,2,6,CL 75A Sur - TV 73G Bis B,bba77047-33cf-454e-a440-9c7dc756c846
"-74,1699702","4,579230427",12495,112A10,Br. Sierra Morena  Tv  73J,4,2,6,DG 73C Sur - TV 73J,b7992a1c-b85d-4119-a555-055aeae60587
"-74,16994837","4,579077772",12496,111A10,Br. Sierra Morena Tv 73H,4,2,6,DG 73C Sur - TV 73H,2f14e8d0-59e0-4fd7-aa6c-ad43c7dcd5ef
"-74,16990654","4,614345185",12497,135A08,Br. Miraflores Kennedy,4,2,6,KR 79 - CL 51 Sur,dba924b0-60f2-4c2b-a975-4e6a1ab3da16
"-74,157635","4,695645",12498,099A06,Br. Brisas Aldea Fontibón,4,2,6,AK 129 - CL 22C,1a49fd7d-33c3-4205-92b8-719800a583eb
"-74,15572745","4,696895593",12499,097A06,Br. Brisas Aldea Fontibón,4,2,6,AK 129 - CL 22G,1b8b97ba-2eb6-4727-8c9b-d082e652c57a
"-74,16911564","4,577119935",12500,109A10,Br. Sierra Morena,4,2,6,DG 75 Sur - TV 73C,4d6c05b1-2c96-4302-a436-e8ee01366c42
"-74,16903162","4,577235885",12501,110A10,Br. Sierra Morena III Sector,4,2,6,DG 75 Sur - TV 73B,59809f5c-b048-4daf-93cb-5fdbf74b73e0
"-74,16899549","4,574232833",12502,333A10,IED Sierra Morena,4,2,6,CL 75C Sur - TV 53,5d3c974e-2e11-4423-90c9-1cf61be36180
"-74,16895089","4,565394329",12503,159A11,Br. Arborizadora Alta Cl 79 Sur,4,2,6,CL 79 Sur - TV 34,a7a60fc9-9999-4741-8909-54c54270ab67
"-74,16889966","4,574354687",12504,103A10,Br. Sierra Morena,4,2,6,CL 75B Sur - TV 57,37952942-a917-47b5-be08-792cebaeb03a
"-74,168597","4,648705556",12505,529A08,Br. Osorio,4,2,6,CL 26 Sur - KR 93B,173bf834-0f5c-4c8d-b64e-1ba98b896e8d
"-74,15003204","4,693933046",12506,392A06,Br.La selva Dorada,4,2,6,AV. Esperanza - KR 121 A,709273cb-b565-481a-84bd-89d081e26140
"-74,1677857","4,564884707",12507,174A11,Br. Arborizadora Alta TV  34,4,2,6,TV 34 - CL 75 C Sur,16e04136-932e-4b9a-97f9-2334b0f3251e
"-74,16773392","4,578440013",12508,331A10,Br. Sierra Morena,4,2,6,DG 73C Sur - TV 73B,b4957af4-e5e9-439c-8ecd-246c3d8a2136
"-74,166765","4,616647",12509,132A08,Br. Miraflores Kennedy,4,2,6,KR 79 - CL 47 Sur,b23da07f-1000-4b78-a15a-71c0e47b2817
"-74,13205536","4,667145545",12510,181A06,Br. Ferrocaja,4,2,6,AC 22 - KR 88A,a7f0fc70-03ee-4728-909e-3efe98262dc9
"-74,16652907","4,578230695",12511,041A10,CED. Ciudad Bolívar,4,2,6,TV 60 - DG 70 Sur,bee88254-de84-48d1-82dd-c9d0df8cfa97
"-74,16651496","4,578461586",12512,040A10,Br. Sierra Morena,4,2,6,TV 60 - DG 72 Sur,7bf696b7-05ac-438f-b5e8-9cbff5cb1e23
"-74,16627036","4,645473284",12513,453A08,Br. Calandaima,4,2,6,CL 26 Sur - KR 91 Bis -39,2a7ceb38-d399-4687-b392-0cfdc656a7e3
"-74,16622279","4,609376064",12514,371A09,Br. Perpetuo Socorro,4,2,6,CL 49 Sur - KR 77V,b97ccfb3-0856-49a8-9126-fa7bd1c021e7
"-74,16618775","4,611675002",12515,373A09,IED Villa Rica Sede B,4,2,6,CL 49 Sur - KR 78,9e664b4a-65ee-4cff-ae13-05ada7685fdc
"-74,16604675","4,645469783",12516,454A08,Br. Primavera,4,2,6,CL 26 Sur - KR 91C,9abf47dc-3dff-4489-ae47-c29352f02023
"-74,16576925","4,580481057",12517,064A10,Br. Sierra Morena CL 69F Sur,4,2,6,TV 60 - CL 69F Sur,19274663-d236-4be3-aa65-6ec3b8c89541
"-74,16560147","4,580502699",12518,065A10,Br. Sierra Morena DG 69A Sur,4,2,6,TV 60 - DG 69A Sur,f92630f4-bfb5-49aa-89c7-292869476510
"-74,1649816","4,567470043",12519,179A11,Br. Arborizadora Alta TV 38B,4,2,6,TV 38B - CL 74 Sur,9d41b0de-bb34-4088-bfdc-5c447dc41e11
"-74,16467034","4,5652034",12520,175A11,Br. Arborizadora Alta DG 73 BIS Sur,4,2,6,DG 73 BIS Sur - TV 36B,ad1f1e39-8189-4e89-8e46-8e46ee6b1acd
"-74,16456054","4,643584254",12521,456A08,Br. Osorio,4,2,6,CL 26 Sur - KR 89D,7598af67-6797-435c-ac89-bb1c76f5fd7b
"-74,1319452","4,667704336",12522,182A06,Urbanización Capellanía,4,2,6,AC 22 - KR 87C,f78c9990-9d39-4404-82b6-6220fd6a2de2
"-74,16430733","4,583749371",12523,066A10,Br. El Peñon del Cortijo,4,2,6,DG 68 Sur - KR 71F,139fcf52-2e53-4a65-9b3b-6f6c20b84b09
"-74,13157276","4,680814432",12524,373A06,Br. Puerta De Teja,4,2,6,AK 97 - CL 24B,491dd330-5593-4f91-9f7a-ab415dc3f06b
"-74,16416727","4,583624688",12525,067A10,Br. Sierra Morena,4,2,6,DG 68 Sur - KR 71F,6d44e6b3-874f-46ae-9c35-dce47771c926
"-74,16383018","4,54912287",12526,124A11,CAI Paraíso,4,2,6,DG 72A Sur - KR 27N,038c794a-c109-4cb5-bca8-3bdff61d0771
"-74,12720925","4,706277722",12527,332A05,Br. Bolivia,4,2,6,KR 110 - CL 70,82efc7e5-5c38-4f19-b7be-532b0cae5b39
"-74,12644203","4,707852238",12528,040A05,Br. Garcés Navas,4,2,6,KR 110 - CL 70D,48b59560-c4fd-4579-bcad-e3f0c18c9d20
"-74,16335615","4,642638976",12529,062A08,IED Saludcoop Sur,4,2,6,AK 89 - CL 5A Sur,16523452-041c-4635-ac8a-afdd9818d044
"-74,12418766","4,471655666",12530,094A12,Plaza Central de Usme,4,2,6,KR 3 - CL 137 Sur,41580a3d-3408-4026-a6a0-b161af65faf1
"-74,122475","4,473036276",12531,097A12,Centro Usme - La Esperanza,4,2,6,KR 3 - CL 136 Sur,9ff1101b-bc2d-4c85-a74a-78186da7dc11
"-74,16220769","4,691120198",12532,058A06,Br. San Pablo Jericó,4,2,6,CL 17 Bis - KR 126A,3cd9bd69-209e-4dd3-b027-be1b18fac454
"-74,12137848","4,479638737",12533,100A12,Br. Centro Usme,4,2,6,KR 3 - CL 131 Sur,de5bcceb-97de-44d3-8f24-d27e82e04ce9
"-74,1612247","4,642465847",12534,459A08,Patio Bonito,4,2,6,CL 2 - KR 88 BIS,c5af7c24-4957-4f74-96b0-6551fc2fc81d
"-74,16118604","4,58078772",12535,068A10,Conjunto Residencial Los Robles I,4,2,6,CL 68F Sur - AV. J. Gaitán C.,32a1ee56-934f-4a07-914a-f678ff3742a5
"-74,1610017","4,58087385",12536,069A10,Conjunto Residencial Los Robles,4,2,6,CL 68F Sur - AV. J. Gaitán C.,d2df1467-79d3-4e1a-a511-de4645edda23
"-74,12118955","4,47975067",12537,101A12,Br. La Requilina,4,2,6,KR 3 - CL 131 Sur,36469247-84db-4b51-b507-f0dd18a47b16
"-74,1202193","4,487970104",12538,104A12,El pedregal-La Lira,4,2,6,KR 2A - CL 124 Sur,d5a2ea8c-fd53-46c9-a96e-4f7c41437e08
"-74,15989221","4,591451553",12539,218A10,Br. Madelena,4,2,6,CL 61 Sur - 69A,3dbe6892-ceaf-4902-bb5d-007d553571bc
"-74,15964464","4,609052005",12540,370A09,COL Kennedy,4,2,6,KR 74 - CL 43A Sur,f406e46f-5857-4ef7-9e15-7c545e9101d7
"-74,15963161","4,640702634",12541,449A08,Patio Bonito,4,2,6,CL 2 - KR 87,64a96c97-ed94-4bbb-8e13-2a06a7c01202
"-74,15890903","4,648982192",12542,139A07,Br. Tintala,4,2,6,KR 90 - CL 6A,466ea751-232b-4c2f-b071-5509225e1291
"-74,12007478","4,48810196",12543,105A12,El pedregal-La Lira,4,2,6,KR 2A - CL 123 Sur,470bece0-01bd-4cee-9831-29a1b066ef32
"-74,11913388","4,49089412",12544,106A12,Villa Anita Usme,4,2,6,KR 2A - CL 116AS,588e0a96-4508-4158-b076-59e1728189a9
"-74,11891485","4,49124517",12545,107A12,Villa Anita Usme,4,2,6,KR 2A - CL 116AS,c3d34fe6-efa8-477e-ae8d-6bf474ad40b9
"-74,11866849","4,494658595",12546,108A12,Bosque El Limonar,4,2,6,TV 1B - CL 112 Sur,c2ac3b64-44ae-48e6-9aa8-f7b95610dd00
"-74,1185561","4,494585073",12547,109A12,Bosque El Limonar,4,2,6,TV 1B - CL 112 Sur,2ab7be2b-e3c8-4d63-8833-b2e36abf5f01
"-74,15665481","4,614539335",12548,397A09,Br. Timiza,4,2,6,TV 78 - CL 41B Sur,8661fce4-0a4c-4925-895b-e0844b90263c
"-74,15644081","4,570550752",12549,217A11,Br. Arborizadora Alta,4,2,6,CL 69D Sur - TV 42B,157d1ef2-e26e-4fbe-a22c-02a3dfd8360c
"-74,15640991","4,619275718",12550,194A08,Br. Ciudad Kennedy Supermanzana 8,4,2,6,CL 41 Sur - TV 78K,a1679c17-32b2-4acd-a664-62f7af043b0f
"-74,15640034","4,570215963",12551,214A11,Br. Arborizadora Alta Cl 69D S,4,2,6,CL 69D Sur - KR 42A,3f6b6c84-7fd0-49ea-a5d0-5f42d5020f79
"-74,15656453","4,614246643",12552,396A09,Br. Timiza B,4,2,6,TV 78 - CL 41B Sur,1c81502d-bbfc-467b-83d6-c38c2921aba3
"-74,15494","4,569917037",12553,216A11,Br. Arborizadora Alta,4,2,6,CL 69D Sur - KR 39,62eda844-1081-4597-9cbd-e4db24964765
"-74,15488821","4,569743026",12554,215A11,Br. Arborizadora Alta Cl 69D S,4,2,6,CL 69D Sur - KR 39,cf5d1a43-215f-48af-8e76-c38b52dd385e
"-74,154835","4,568828706",12555,219A11,Br. Arborizadora Alta,4,2,6,CL 68G Sur - KR 38,572ee3e1-8c37-4092-8ec6-e495c965ce6c
"-74,15401805","4,569209224",12556,220A11,Br. Arborizadora Alta Cl 68G S,4,2,6,CL 68G Sur - KR 38,20e9e4e6-82e3-4705-b307-c7b91ece1740
"-74,15315048","4,614146773",12557,399A09,Br. Timiza B,4,2,6,DG 40C Sur - KR 74,92b57b92-8fa2-439c-9c5e-49a331ec16cd
"-74,15299769","4,614316195",12558,400A09,Urb. Timiza Agrupación Tonoli,4,2,6,DG 40C Sur - KR 73D,a1793a15-fbca-41a7-b4a8-236417cd70a6
"-74,15188978","4,553842019",12559,574A11,Br. EL Triunfo Sur,4,2,6,KR 18L - CL 69I Bis Sur,7814a810-7326-4895-b8ef-7f3b81c395ef
"-74,1518267","4,552730834",12560,184A11,Br. Villa Gloria,4,2,6,KR 18L - CL 69L Sur,0ffc1111-3e37-4dc4-8d3e-c83f876634d1
"-74,05210826","4,73712322",12561,258A02,Colombo Hebreo,4,2,6,KR 50 - CL 152A,721ba9d7-27b7-4246-af14-dceeb909f003
"-74,15168191","4,552542901",12562,185A11,El Triunfo Sur,4,2,6,KR 18L - CL 69M Sur,057f2ed9-8e49-4fd8-a399-e7728cf7ca18
"-74,15161866","4,555133907",12563,186A11,Br. Cañada Honda,4,2,6,DG 69A Sur - KR 18U,b8fe2654-e733-4c34-958b-7c5137dc2909
"-74,15140825","4,555381203",12564,187A11,Br. Juan Pablo II,4,2,6,DG 69A Sur - KR 18U,ea88c2e4-d20c-4501-8789-a00cb152b0d2
"-74,15105314","4,557584563",12565,188A11,Desarrollo Marandú,4,2,6,DG 69A Sur - TV 18Z,404d0756-9b50-4fe4-ae4f-00ef35d65f79
"-74,15098337","4,557952728",12566,189A11,Sauces Hortalizas,4,2,6,DG 69A Sur - TV 18Z,341b3b28-9a33-42b5-8be8-54976c6bb40d
"-74,15056047","4,693532409",12567,292A06,Br. El Refugio,4,2,6,CL 23B - KR 121ABis,9008abc3-9e0e-4ae0-8e11-2dca94ea00a1
"-74,1478231","4,567628932",12568,463A11,Br. Candelaria La Nueva,4,2,6,CL 64 Sur - KR 23,826df1fc-0969-4e1b-a6d1-95980fa2e984
"-74,14745653","4,506976907",12569,429A11,Br. Lagunitas,4,2,6,KR 18F - CL 92 Sur,c545b491-122f-4b80-9556-778cfea7d865
"-74,14730299","4,507191545",12570,430A11,Br. Lagunitas,4,2,6,KR 18F - CL 89 Sur,0747f0ac-2c36-4a0b-93b6-ef88a832a935
"-74,1470496","4,691531084",12571,054A06,Br. El Refugio - La Zelfita,4,2,6,CL 24 - KR 118,208d3214-d006-4aea-8ee9-4ddfcd5cb647
"-74,14663257","4,541453031",12572,242A11,Br. El Tesoro,4,2,6,KR 18G - CL 76 Sur,7917b2fb-3e48-4dce-8c37-663c5511aba9
"-74,14650179","4,541834516",12573,251A11,IED Antonio García,4,2,6,KR 18G - CL 75 Sur,c2084fd1-e04e-47bd-a34a-3ca7140a3797
"-74,14646198","4,540159042",12574,250A11,Br. El Tesoro,4,2,6,CL 78 Sur - KR 18D,4b0d5091-8762-4b1a-826f-6a7e828e98e9
"-74,14644176","4,689166487",12575,255A06,Conjunto Residencial Parques de Atahualpa,4,2,6,CL 23B - KR 113,834cea0b-cf27-4a0e-8a6d-4a6ed11b4075
"-74,14642994","4,54003603",12576,249A11,Br. El Tesoro,4,2,6,CL 78 Sur - KR 18F,44d673e8-4497-45fa-8d6d-4cf1450390b0
"-74,14620099","4,679256901",12577,243A06,Br. El Jordán Sector II,4,2,6,Ak 106 - CL 20,5e270f2e-b5f7-4aa7-a748-4bab0712f9e6
"-74,14605756","4,538864605",12578,243A11,Br. El Tesoro,4,2,6,KR 18D Bis - CL 79 Sur,ac5eb02a-c6bc-4c40-8973-4eec79cb9158
"-74,14522404","4,542199751",12579,254A11,Br. Estrella del Sur,4,2,6,CL 75 Sur - KR 18B Bis B,bc40a1db-0df0-42e5-a9fb-bbc4d7286505
"-74,14488701","4,54231148",12580,255A11,Br. Estrella del Sur,4,2,6,CL 75 Sur - KR 18B,355daffe-3b94-4a91-be7b-a39653241975
"-74,14486517","4,642662728",12581,183A07,Br. Valladolid,4,2,6,DG 8A - AV. A. Mejía,d4c3051b-7d76-479e-a699-a6ee59ca5de3
"-74,14267348","4,71646004",12582,417A05,Br. Engativá Zona Urbana,4,2,6,KR 125 - CL 64,a22dd4cd-246c-4dcb-8dbf-daaf30696f43
"-74,14235138","4,64420955",12583,134A07,Br. Parque Residencial Castilla Real,4,2,6,CL 10 - KR 79-85,6c4688ab-30e0-4267-8632-c84855a34a67
"-74,14114615","4,653598393",12584,179A07,Br. Vergel Occidental,4,2,6,CL 13A - KR 83,f65c7a78-39d5-453a-b8ff-34a8fab75657
"-74,14037119","4,552872482",12585,326A11,Br. Lucero,4,2,6,KR 17G - CL 65 Sur,626af91c-618a-4349-b15c-6ac386472bf8
"-74,14030471","4,644781809",12586,193A07,Humedal de Techo,4,2,6,KR 79 - CL 10D - 59,31cf12e4-46f9-4913-a253-7c1c8cf1217c
"-74,14028162","4,552780059",12587,329A11,IED Ciudad de Montreal,4,2,6,KR 17G - CL 65 Sur,3f0559bc-3c9b-4ac1-8943-84a777c66960
"-74,13931156","4,546169975",12588,283A11,Urbanización Las Quintas,4,2,6,KR 17F - CL 71 Sur,74d9e3b8-cac7-4748-9f15-f4720c471d82
"-74,13845811","4,546910009",12589,289A11,Br. Quintas Del Sur,4,2,6,CL 70C Sur - KR 17BBis,709dc028-b8d8-4c94-ac39-991367588d33
"-74,13648546","4,643611196",12590,378A07,Iglesia Nuestra Señora del Amparo,4,2,6,CL 11A - KR 72D,a57f745b-b99f-4728-bf80-7bb1d0dbfba1
"-74,13504186","4,605274434",12591,435A09,Br. Alquería La Fragua Norte,4,2,6,KR 68D - CL 37 Sur,5efdf347-b129-46dd-8f3d-4c3cddc81655
"-74,13473058","4,605517458",12592,436A09,Br. Alquería La Fragua Norte,4,2,6,KR 68D - CL 37 Sur,ad54055d-5e9a-4275-aed1-bacbdcbd36ff
"-74,13336446","4,679664289",12593,093A06,Br. Ferrocaja,4,2,6,AK 97 - CL 23J Bis,08189c08-b544-4f5a-9b17-22d397ea9483
"-74,13300241","4,606888669",12594,467A09,Br. Alquería La Fragua Norte,4,2,6,DG 34 Sur - KR 68C,5cb240f3-d0ce-4d38-a84a-9e3915ff6c4f
"-74,13291676","4,620463482",12595,499A08,Br. Hipotecho Occidental II,4,2,6,KR 70B - CL 3 Sur,72c61a08-1105-4294-8069-68a9bf7827d8
"-74,13271617","4,606523401",12596,456A09,Br. Alquería La Fragua Norte,4,2,6,DG 34 Sur - KR 68B,144cf51b-e1c4-4b89-85a4-11cc5fd1f18b
"-74,13253383","4,623034618",12597,262A08,Br. Centro Américas,4,2,6,KR 70B - CL 1,82eb0fe6-bd27-45ac-830e-7a7063ac649a
"-74,13120596","4,604238504",12598,465A09,Br. Alquería,4,2,6,CL 37 Sur - KR 53,13572f64-a526-47ca-b346-fad5e31653d0
"-74,13002116","4,740596351",12599,244A03,Br. Santa Cecilia Rural,4,2,6,KR 160 - CL 133,c9443ae9-209c-4483-9db8-9826e5fab7cc
"-74,12974545","4,740210233",12600,121A03,Br. Santa Cecilia,4,2,6,CL 132 - KR 159,0a01b3ae-d2e5-42b1-9134-d2ae98cfbdf2
"-74,12863572","4,740692955",12601,250A03,Br. Santa Cecilia,4,2,6,CL 132D - KR 158,b9118ca7-5234-4ade-a545-2b5e0644f4a9
"-74,12522771","4,726289543",12602,396A04,Puente de Guadua,4,2,6,AC 80 - KR 119,4841f3a1-02ae-4fb6-b07c-c2a613d17fdd
"-74,12466473","4,606917647",12603,469A08,Br. San Eusebio,4,2,6,KR 52 - CL 22 Sur,a5af8e58-f7d3-4a5f-9f8f-cec6d1f87b20
"-74,12454112","4,711096069",12604,323A04,Br. Villa Amalia,4,2,6,KR 110 - CL 72B,8de5fd10-fe93-4829-9efa-60b6221888d3
"-74,1236174","4,609078878",12605,471A08,Br. San Eusebio,4,2,6,CL 19 Sur - KR 52,0ce398a2-f5b8-479a-b295-7b28b98d6dd3
"-74,12298164","4,718784285",12606,242A04,Br. Villas de Granada,4,2,6,KR 113 - CL 78,ad102844-01fc-4570-b604-d675af0e6178
"-74,12267423","4,7130295",12607,035A04,Br. Garcés Navas Sur,4,2,6,KR 110 - CL 75 B,5a1b6a3a-7eec-455d-b66b-527e14b2ab5b
"-74,12264348","4,723274748",12608,138A04,Br. El Cortijo,4,2,6,AC 80 - KR 114,5022afb4-f851-4043-8526-20296e395f11
"-74,12104073","4,641135823",12609,199A06,Br. Granjas de Techo,4,2,6,AK 68D - AV. Centenario,c285cfe9-a543-4aa8-b1e0-7f457317ba80
"-74,12035201","4,714857363",12610,033A04,Br. Villas de Granada I,4,2,6,KR 110 - CL 77C,e9e1c4b8-246f-48c4-88a8-9b2d2ea1db0f
"-74,11975436","4,719528834",12611,159A04,Villas de Granada,4,2,6,AC 80 - KR 112BIS,2d10f074-4d85-49c5-a037-b483d0247a88
"-74,11972392","4,719828121",12612,139A04,Br. Villas de Granada I,4,2,6,AC 80 - KR 112B,db76992c-bd2d-4104-afb8-2b561996e1f1
"-74,11938367","4,719332317",12613,140A04,Br. Ciudadela Colsubsidio,4,2,6,AC 80 - KR 111C,1f1e2869-0795-4670-8cf7-2cd788006969
"-74,11803873","4,620008529",12614,209A07,Br. Colón,4,2,6,KR 54 - CL 4-16,57a452f7-d395-409a-a504-cae0c09d2ebb
"-74,1178817","4,752159558",12615,290A03,Br. Bilbao II Sector,4,2,6,CL 143B - KR 147A,71f5c34c-7d44-45d6-b788-8572eca49841
"-74,11781665","4,716795345",12616,143A04,Br. Garcés Navas,4,2,6,AC 80 - KR 110,397683ee-65a9-420e-b198-fd68faf70631
"-74,11770906","4,716987884",12617,144A04,Br. Garcés Navas,4,2,6,AC 80 - KR 109A,7a353bd3-255e-4e79-ac1c-bebaaadc53a2
"-74,11768913","4,728050714",12618,134A04,Quintas de Santa Bárbara,4,2,6,KR 116A - CL 83A,70520ddb-d1d5-42f3-ab62-bcec3876ef37
"-74,11754566","4,727951673",12619,318A04,Quintas de Santa Bárbara,4,2,6,KR 116A - CL 83A,ff59157d-7d8f-48c8-bca8-3134df0d307e
"-74,11660027","4,715094138",12620,145A04,Br. Garcés Navas Oriental,4,2,6,AC 80 - TV 106,6a2961ad-50dc-49a0-9d8a-1118819c84ad
"-74,11649224","4,715288355",12621,146A04,Br. Bolivia Occidental,4,2,6,AC 80 - KR 107,8dc8fe54-4a4d-430d-96bf-74959d21002a
"-74,11602989","4,727758483",12622,135A04,Ciudadela Colsubsidio IV Sector,4,2,6,DG 89A - KR 115,063aba02-00db-4268-b5ad-f3baece132d3
"-74,11567173","4,622885701",12623,257A07,Br. Colón,4,2,6,KR 54 - CL 4G-66,3d9c3d39-3483-47a4-a360-2608f14ad7a5
"-74,11469303","4,714260084",12624,048A04,Urbanización Bolivia Sector Occidental II - III,4,2,6,KR 104 - AC 80,f01822e8-58b1-4220-b7e0-12d0bde05ba3
"-74,11460055","4,74614023",12625,284A03,Br. Berlín,4,2,6,TV 138 - CL 137,026daeab-e526-48c8-ad2a-ba5f1ebc4460
"-74,11459392","4,714020523",12626,321A04,Br. Bochica,4,2,6,TV 94L - CL 82,a06c92c6-86d2-4fd6-a114-521dd99db10a
"-74,11448016","4,746398609",12627,283A03,Br. Berlín,4,2,6,TV 138 - CL 137,cb21f680-c79e-42e4-824e-09eb6f7f5925
"-74,11428765","4,729108112",12628,136A04,Ciudadela Colsubsidio IV Sector,4,2,6,DG 89B - KR 115A,c85d77f1-7054-41bf-afad-8e764bfce33d
"-74,11418604","4,748340014",12629,285A03,Br. San Carlos de Tibabuyes,4,2,6,KR 139 - CL 142A,499476a0-3910-406b-a956-c826034049f7
"-74,11357326","4,716260345",12630,047A04,Urbanización Bolivia Sector Occidental IV - V -VI,4,2,6,KR 104 - CL 81A,f3b494d3-9802-442f-bec5-973e5545a272
"-74,11344674","4,716071262",12631,148A04,Urbanización Terraza de San Antonio,4,2,6,AK 104 - CL 80A,dbe2cb5f-c5bd-4d47-8134-f9268bf23cc2
"-74,11308552","4,750215605",12632,407A03,Br. San Carlos de Tibabuyes,4,2,6,KR 139 - CL 143,06fca13e-30ef-4f6b-a61e-42642882ad19
"-74,11193519","4,74638645",12633,076A03,IED Tibabuyes  Universal,4,2,6,CL 139 - KR 129B,ac8acfb1-c81a-4fb0-88f3-a7f43d8e71ba
"-74,11069166","4,583744408",12634,398A11,Br. Quiroga,4,2,6,CL 28 Sur - TV 22B,fb6d1dcc-e03d-4595-8f94-e6bcab07749c
"-74,11053248","4,53510837",12635,429A12,Br. La Fiscala Norte,4,2,6,CL 64 Sur - KR 2 Este,cb09dd82-59ff-4cb9-8e7d-2fe83d3c0d87
"-74,1103654","4,534968905",12636,428A12,Br. La Fiscala Norte,4,2,6,CL 64 Sur - KR 2 Este,803e6b98-bee2-4a55-82d2-aa5f227b697f
"-74,10960896","4,719800827",12637,287A04,Br. Bolivia Oriental II Etapa,4,2,6,KR 103D - CL 86,f65c0232-2aa3-49bb-babf-3a59e875e0aa
"-74,10960431","4,600640725",12638,075A08,CAI Santa Matilde,4,2,6,AC 8 Sur - KR 32D,0e8b3c47-236d-4b45-b425-1967533f13ad
"-74,10958128","4,546547076",12639,260A12,IED Colombia Viva,4,2,6,DG 49 Sur - KR 3B,714caa2f-3077-45af-adb2-602236dc35c0
"-74,10888485","4,547773413",12640,261A12,Br. Diana Turbay,4,2,6,CL 48X Sur - KR 3B,504ee799-6468-470a-80bc-d246f1a24332
"-74,10834196","4,579415803",12641,400A11,Br. Quiroga,4,2,6,CL 28 Sur - KR 16,b1b19f1a-7869-404f-bbf4-959c39ca59c2
"-74,10826321","4,689315071",12642,081A05,Br. Santa Helenita,4,2,6,CL 66A - KR 83,e70143fa-c7b3-4fc9-a760-8a6b195107f7
"-74,10796609","4,599108942",12643,109A08,CRAC,4,2,6,AC 8 Sur - AK 30,aa926af2-bda6-408c-bb40-7e287ab2c9a9
"-74,10731603","4,580121856",12644,055A11,Br. Olaya,4,2,6,CL 27 Sur - KR 16,8776f019-43ef-49ee-8ab1-24db83c6c5e7
"-74,10609319","4,597760313",12645,122A00,Br. Santa Isabel Sur,4,2,6,AC 8 Sur - KR 29C,f7da012d-db27-447a-8a27-cae58a7f5c4c
"-74,10595952","4,487054389",12646,368A12,Br. Brisas del Llano,4,2,6,CL 115 Sur - KR 6C Este,95ca54ed-9842-4f81-9d9a-5172144130e9
"-74,10578616","4,71461142",12647,293A04,Br. Bachué I y II,4,2,6,CL 86 - KR 95F,9b7ea713-ad5e-4a48-b3e8-217165032c6a
"-74,10537379","4,577729213",12648,047A12,Br. Gustavo Restrepo,4,2,6,CL 27 Sur - KR 14BisB,8e418f2f-baf3-4ef4-87f0-fce213033c8d
"-74,10530019","4,486608839",12649,074A12,Br. Brisas del Llano,4,2,6,CL 115 Sur - TV 6D Este,3c37b4d7-3e85-437a-bdeb-b18ad2ba2669
"-74,10486089","4,577616833",12650,048A12,Br. San José Sur,4,2,6,CL 27 Sur - KR 14Bis,3b11a6a6-85e2-4a9f-85a4-8da117f3f6a3
"-74,10458398","4,59656995",12651,087A00,Br. Santa Isabel Sur,4,2,6,AC 8 Sur - KR 29B,7d462815-f77d-4319-b80b-fe5c669572d5
"-74,10442635","4,596204007",12652,037A10,Br. Santa Isabel V Sector,4,2,6,AC 8 Sur - KR 29,7fcea023-d2e3-46ee-97a0-3c28b3604622
"-74,10371542","4,754191326",12653,131A03,Br. Suba Compartir,4,2,6,KR 117 - CL 150A,683a95ca-9009-4a99-84df-0ff9afd3c3d1
"-74,10348903","4,712374106",12654,292A04,Br. Bachué I y II,4,2,6,CL 86 - KR 95,5f5ea2ff-9044-4261-ace7-f5d24f6d7a61
"-74,10347696","4,486252364",12655,073A12,Br. Puerta al Llano,4,2,6,CL 115 Sur - KR 6H Este,8f834d61-e8d0-4075-a782-56af7fbf05b1
"-74,10304738","4,493347823",12656,175A12,Br. Villa Hermosa,4,2,6,DG 97A Sur - KR 6C Este,f6f71782-0614-48ec-9c7a-2eb6ebbda968
"-74,10300988","4,710659171",12657,322A04,Br. Quirigua Central,4,2,6,KR 94H - CL 84,36db67fb-3918-462b-9489-8fc8a0895a08
"-74,10261346","4,733773252",12658,304A03,Pq. Aures II,4,2,6,KR 106 - CL 130C,762a446c-0b28-49be-b256-13882e3bb45d
"-74,10250826","4,73377795",12659,305A03,Pq. Aures II,4,2,6,KR 106 - CL 130C,d0499242-c753-4df7-a889-46afa20334e2
"-74,10196335","4,496010675",12660,184A12,Br. Alfonso López Sector El Progreso,4,2,6,KR 7 Este - CL 94 Sur,0118187c-1554-4730-8f92-b5126968396a
"-74,1019053","4,75509408",12661,135A03,Br. Rincón de Santa Inés,4,2,6,KR 115 - CL 151 A,290b6aaa-fa49-4170-9545-f931c85a3c1a
"-74,10189344","4,575274752",12662,046A12,Br. San José Sur,4,2,6,CL 27 Sur - KR 12Bis,4ae8add2-695e-4f88-bf48-57e047923fa5
"-74,1015852","4,736247578",12663,309A03,Br. Aures II,4,2,6,KR 106 - CL 131B,9c7dfcb7-0a5d-429e-865c-9481484ded8e
"-74,10146263","4,736276764",12664,378A03,AC 132,4,2,6,KR 106 - CL 131B,78877691-5176-48c8-b835-ead652d173d3
"-74,10027035","4,573985245",12665,044A12,Br. Sociego Sur,4,2,6,CL 27 Sur - KR 11,3a2acb64-9155-4b35-9cc4-3b4e5b547528
"-74,09742288","4,733056567",12666,522A03,Br. Aures,4,2,6,CL 131 - KR 101A,940662b7-b0f4-4684-a233-1a0903082da8
"-74,09712523","4,730292458",12667,524A03,IED Álvaro Gómez Hurtado,4,2,6,KR 100A - CL 130,23ca48a1-aaa0-408e-a773-ec013faef9f8
"-74,09694229","4,730518249",12668,525A03,IED Álvaro Gómez Hurtado,4,2,6,KR 100A - CL 130,a2cec231-2e14-4142-8060-2c2b17eb9876
"-74,09665335","4,732837725",12669,523A03,Br. Aures,4,2,6,CL 131 - KR 100A Bis,1de78308-bbe3-415c-82d6-c21f5813f864
"-74,09422837","4,755723657",12670,567A03,Br. Pinos de Lombardía,4,2,6,AC 153 - KR 108,233f4a16-07e0-4979-84b6-0dc8c40e5157
"-74,09259551","4,602192214",12671,062A00,Br. El Progreso,4,2,6,AC 6 - KR 22,15b9a2f2-429f-475b-b4b8-73a75fc000af
"-74,09102558","4,632148372",12672,391A06,Corferias,4,2,6,AK 40 - CL 24C,6ca7bb1b-5e09-4c5f-abb6-44fe3f2cc6f9
"-74,08991327","4,600284009",12673,061A00,Br. El Progreso,4,2,6,AC 6 - KR 19,b266fcf0-99e4-4f4d-ae53-736e6d95ab23
"-74,08909485","4,595948457",12674,435A00,Br. Eduardo Santos,4,2,6,CL 3 - KR 17,86e8cea3-a9e6-40f8-8090-8df917f5c8db
"-74,08783407","4,752388545",12675,426A03,Br. El Pino,4,2,6,CL 153 - KR 100,deb5e936-37cf-4ba2-b0fe-64f7ae05fd23
"-74,086102","4,75203",12676,428A03,Br. Campanella,4,2,6,KR 97B - AC 153,85a6ceae-0a41-43ea-8567-94a18e7c0b72
"-74,08605857","4,578377539",12677,220A13,Br. Santa Ana Sur,4,2,6,AC 11 Sur - KR 5A,e1374093-7cbc-4c7e-b0eb-0134402f9f2c
"-74,08495829","4,735298559",12678,449A03,Urb. Portal de Suba,4,2,6,CL 137 - KR 90A,077ed08b-2dff-4891-aab4-e233d5bfcb9a
"-74,08410001","4,752141359",12679,017A03,Br. Campanella,4,2,6,CL 154A - KR 94,f318277e-1be5-4f6f-89c3-c3547b8f35c1
"-74,08395355","4,564589854",12680,422A13,Br. Granjas y Huertas El Ramajal,4,2,6,TV 4A Este - CL 25 Bis Sur,12834d0b-9aba-49ca-bb94-c7cd7977197c
"-74,08337787","4,566861113",12681,235A13,Br. San Blas,4,2,6,TV 5A Este - CL 22 Sur,83444088-0e5b-4041-8821-116cb8628eb0
"-74,08303323","4,575827642",12682,259A13,Br. La María,4,2,6,AC 11 Sur - KR 2,161367c1-a78e-4358-a209-1be56270595f
"-74,08294532","4,607220373",12683,467A00,Estación de La Sabana,4,2,6,AK 18 - AC 13,e960a0c5-76fe-4883-8e76-3edb1d50647a
"-74,08269051","4,568437939",12684,255A13,Br. Las Mercedes,4,2,6,KR 5A Este - CL 17 Sur,95ac4370-8456-4271-a9fd-1738320a3704
"-74,08154","4,574601",12685,534A13,Br. La María,4,2,6,AC 11 Sur - KR 3 Este,c5b1f3c4-fedd-4035-bc5d-a2c2897c6d65
"-74,08052303","4,608691408",12686,471A00,Br. La Favorita,4,2,6,KR 17 - CL 16,ab236373-2bd3-48a4-8255-70c3e1b7d483
"-74,07936852","4,572191264",12687,509A13,Br. San Cristóbal Sur,4,2,6,KR 10C E - CL 11 Sur,e776c6fb-6ed6-45e3-a10d-2f5a7153ccb0
"-74,07877172","4,574701322",12688,460A13,Br. Vitelma,4,2,6,KR 5 Este - CL 9 Sur,0c8ef000-d257-4b8e-823b-0e5bc13f6ab9
"-74,07666405","4,570236666",12689,284A13,IED Pantaleón Gaitán Pérez,4,2,6,CL 13 Sur - KR 14 Este,3806b17a-5bba-4143-8cc1-9d8f86091fa9
"-74,07587205","4,690415058",12690,222A03,Pq la Floresta,4,2,6,CL 98 - KR 68F-13,0e71d7ae-1b79-4531-baeb-d3cc330aa7be
"-74,07561915","4,69408011",12691,226A03,Br. Santa Rosa,4,2,6,AK 70 - CL 99,0f7ea8fe-2e08-4914-9d9a-7209e9d88601
"-74,07473149","4,688807876",12692,223A03,AK 68,4,2,6,CL 98 - AK 68-58,6010e66c-021c-4335-9d60-65107d3f025c
"-74,07406472","4,695736124",12693,236A03,IED SANTA ROSA,4,2,6,CL 102A - AK 70-25,e93a1d8a-cc5a-4122-8d41-3a0411eb8363
"-74,07356077","4,58950388",12694,337A13,Br. Lourdes,4,2,6,KR 1A - CL 4,d58a0f87-d6f2-4c86-a3ae-4123e8b74bff
"-74,07224408","4,570321615",12695,285A13,Br. San Critóbal Sur,4,2,6,CL 8 Sur - KR 18A Este,175e73c7-de2a-4292-b4fe-a36c3b57bb7d
"-74,0666483","4,693358264",12696,174A02,C.C. Puente Largo,4,2,6,CL 106 - TV 59,e5e834f6-92c8-45ef-af08-ebf836b88e21
"-74,06660095","4,621127717",12697,781A00,Br. La Merced,4,2,6,CL 34 - KR 6,dd150637-be05-48cd-8b1c-ebd5188bddab
"-74,06659732","4,702519315",12698,044A02,Parque Córdoba,4,2,6,AV. Córdoba - AC 116,74406e4a-8132-4b4e-80d3-68dcbc7ca4f8
"-74,06631785","4,728819417",12699,024A02,Br. Iberia,4,2,6,CL 138 - 58-25,d26cd1cb-ccb4-45ba-b63c-18324709d6b7
"-74,06516017","4,611964562",12700,658A00,Br. Bosque Izquierdo,4,2,6,KR 3 - CL 25C,10981c9e-f080-414b-9889-a3eef13b62d0
"-74,06492059","4,728314363",12701,127A02,C.C. Portoalegre,4,2,6,AC 138 - AV. Villas,6c91843d-e0c3-4e7c-9528-5207e70b12bd
"-74,06460705","4,694423001",12702,268A02,Br. Puente Largo,4,2,6,CL 106 - KR 54,91444c9e-ef67-4910-989d-12ff83fd30cd
"-74,06326113","4,694637706",12703,176A02,Br. Puente Largo,4,2,6,CL 106 - KR 53,2c8796e2-3d54-4d16-bc1d-6f63dabb91bd
"-74,06285441","4,736705246",12704,211A02,Urb. La Sirena,4,2,6,CL 152 - AK 58,c668c065-be0a-418c-9763-acc18af27558
"-74,06035052","4,726468963",12705,125A02,Parque Comercial La Colina 138,4,2,6,AC 138 - KR 55,ead215f9-7f38-4bfe-aab6-57bd997baad6
"-74,05848402","4,73599838",12706,343A02,Br. Mazurén II Sector,4,2,6,AC 152 - KR 55,f532d44f-c160-4b2a-853e-f9eb3567b915
"-74,05809119","4,725672725",12707,123A02,Br. Castañuela II,4,2,6,AC 138 - KR 54,cda625ea-09f6-41c5-959d-d90e13d5d072
"-74,0549961","4,735457067",12708,218A02,Pq. Mazurén,4,2,6,CL 152 - KR 50,ff12df3f-826f-4d44-be20-559f6d9a6200
"-74,05191329","4,673773998",12709,129A00,Br. El Chicó,4,2,6,CL 90 - KR 13A,4af7c854-02b2-4a5e-be03-1c5b693373da
"-74,04996582","4,67276261",12710,130A00,Br. El Chicó,4,2,6,CL 90 - KR 11A,2e318cb2-314d-4d84-b273-f84579ba3576
"-74,04955409","4,704683997",12711,598A01,Br. Santa Bárbara Occidental,4,2,6,CL 125 - AK 19,6e0288f9-d76d-4b41-b710-b74774f72a90
"-74,0419605","4,718348865",12712,106A01,Pq. Público Nuevo Country,4,2,6,AK 15 - CL 134A,b4047726-64e6-43e6-befb-b9d0fb80c419
"-74,04128097","4,720964102",12713,108A01,Br. Cedritos,4,2,6,AK 15 - CL 139,e789d998-ce8e-4f00-9925-1d85467a0dd0
"-74,03941962","4,690809791",12714,624A01,Parque Lineal Santa Bárbara,4,2,6,AK 11 - CL 109,b2c37911-96e8-452c-ab63-c8c50e415de6
"-74,03813641","4,742949105",12715,602A01,Br. Las Orquídeas,4,2,6,KR 16A - CL 163A,748ffb8e-ea5a-4bff-af14-e49bc7a10303
"-74,03766939","4,730661555",12716,268A01,Br. Caobos Salazar,4,2,6,CL 151 - KR 13A,0e94e49f-6be9-452f-9cfc-a08469143830
"-74,03680187","4,727532701",12717,215A01,Br. Caobos Salazar,4,2,6,AC 147 - KR 12C,92cb28c3-e299-4971-b63b-736d89234106
"-74,03600446","4,726967845",12718,214A01,Br. Caobos Salazar,4,2,6,AC 147 - KR 12,048fed4a-9994-454e-9593-01efc5761aa2
"-74,02938817","4,733680516",12719,538A01,Br. Barrancas Norte,4,2,6,KR 8A - CL 156A,9001f703-dd9f-4645-bb8f-d96f5bc31839
"-74,02760074","4,735516443",12720,533A01,Br. Barrancas Norte,4,2,6,KR 8 - CL 159B,e2535ba4-7da1-4dc7-9331-1b75e24dee0a
"-74,02696203","4,722936249",12721,209A01,Br. Los Cedros Oriental,4,2,6,AC 147 - AK 7,a0f141c8-4c75-48d6-85a2-5aa0ef7d1697
"-74,02526261","4,736378566",12722,081A01,Br. Barrancas Norte,4,2,6,AC 161 - AK 7B,e5b24159-c59f-44d7-b3f5-23975e270a61
"-74,02433228","4,767503079",12723,480A01,Br. Buenavista,4,2,6,KR 4 - CL 190,4e687c84-f98d-4985-a1ff-96f7398b983d
"-74,02415001","4,76614695",12724,522A01,Br. Buenavista,4,2,6,KR 4 - CL 189A,dba9cddf-d286-4a05-81a6-ad8146dc87c8
"-74,02414329","4,764612555",12725,450A01,Br. La Estrellita,4,2,6,KR 4 - CL 188,9c7f479e-2f4c-46ca-bc92-8cb25a8e37de
"-74,02409756","4,766231148",12726,430A01,Br. Buena Vista La Estrellita II,4,2,6,KR 4 - CL 189A,285eeb36-a170-42af-bb81-f980baaad946
"-74,0874274","4,524499767",12727,146A13,Cl 64A S,4,2,6,AV. Circunvalar - CL 64A Sur,3b57ef5a-a842-4299-a544-2d86766f60db
"-74,08605887","4,528669077",12728,150A13,Br. Chiguaza,4,2,6,AV. V/Cio - CL 62A Sur,61776c81-97b4-495a-90cf-87bb5b0ae460
"-74,1877472","4,622291094",12729,551A09,Br. Bosa Nova,4,2,6,TV 87Bis A - CL 58 D Bis Sur,5daca81a-5b91-4d1c-970c-ae24c18f148a
"-74,18805815","4,618317164",12730,289A09,Br. La Paz,4,2,6,KR 85 - CL 61 B Sur,724b4d8f-0e4a-4941-a139-31e6932b4037
"-74,15913145","4,587894087",12731,214A10,Br. Madelena,4,2,6,CL 65 Sur - KR 68C,e4083cb4-461b-4e9a-9d27-793f58aa68c1
"-74,16036613","4,589316423",12732,217A10,Br. Madelena,4,2,6,KR 70 - CL 62B BIS Sur,a67a7e6b-3788-4b2a-8bdc-ca69d84ccf2a
"-74,113551","4,570607",12733,308A12,Granjas de San Pablo,4,2,6,CL 33 BIS Sur - KR 14,430f1446-0bdb-472f-9da2-40bd37ad7cf0
"-74,10843812","4,564812944",12734,301A12,Las Lomas,4,2,6,TV 11A - DG 38G Sur,4fbc5864-a796-4ea9-87a8-9d494c5ae3f4
"-74,11061845","4,567992426",12735,291A12,Las Lomas,4,2,6,CL 37 Sur - KR 12A,ecee42f6-35d4-4cea-9962-4653d3135d58
"-74,11156588","4,569508659",12736,311A12,La Resurrección,4,2,6,DG 32C BIS A Sur - TV 12D,c74657ca-802e-47d2-9dc4-952592ceabfa
"-74,1099422","4,747748805",12737,292A03,Sabana de Tibabuyes,4,2,6,KR 128 - CL 142,8171dfaa-0a06-41f8-b2a2-5d81cc428631
"-74,1546801","4,591355183",12738,227A10,Br. Santa Rosa Sur,4,2,6,CL 62D Sur - KR 63B,8b248370-d948-43de-a8ef-91d55289f150
"-74,1539658","4,589825848",12739,224A10,Br. Isla del Sol,4,2,6,KR 64 - CL 65 Sur,1b44cb62-d274-48b2-a19e-40e154a51540
"-74,139901","4,589073",12740,250A10,Br. Venecia,4,2,6,TV 44 - CL 51B Sur,5a7a3cca-bc1b-44a4-b4d6-cd50e4eb5d0a
"-74,15386403","4,589815254",12741,225A10,Br. Isla del Sol,4,2,6,KR 64 - CL 65 Sur,41ef0dff-5275-4bc4-b2b0-c25e78115d49
"-74,15423966","4,591470376",12742,226A10,Br. Santa Rosa Sur,4,2,6,CL 62D Sur - KR 63B,24e86504-f869-4fc5-8c77-3f46e232cc0c
"-74,16902651","4,584801666",12743,188A10,Urb. Ismael Perdomo,4,2,6,CL 65 Sur - KR 73C,2660d67e-6770-42fb-8f45-924f8356396e
"-74,11048213","4,58671718",12744,412A11,Br. Santiago Pérez,4,2,6,KR 26 - CL 27 Sur,301b66e6-6fda-4e9f-985c-bc354fe885a3
"-74,12534952","4,583087447",12745,161A10,Policlínico Comunitario Inglés,4,2,6,CL 42 Sur - KR 26A-26,bd063c9c-32f4-4298-a3da-dadcfe24192e
"-74,11298047","4,748210144",12746,372A03,San Carlos de Tibabuyes,4,2,6,KR 136A - CL 142A,5527636a-7c65-4fc4-a610-a61f1e2edfbe
"-74,11153263","4,749312251",12747,402A03,Sabana de Tibabuyes,4,2,6,CL 143 - KR 129A,4fc6917d-e7bb-464a-a93c-2d85ace41b4c
"-74,10755456","4,749618522",12748,064A03,Br. San Andrés Afidro,4,2,6,CL 143A - KR 127C,62d82767-b6b2-4354-ae1d-e7450cb9bd94
"-74,12325072","4,585915805",12749,322A10,Br. Inglés,4,2,6,TV 23 - KR 28A,08c8aef4-68b9-43e4-99a0-2ecc10d2387d
"-74,11171206","4,565358037",12750,392A12,El Triunfo,4,2,6,DG 43 Sur - KR 12A Bis,779082a9-10d7-461c-88b4-feb08e4db80e
"-74,11075344","4,563910798",12751,287A12,Carmen del Sol,4,2,6,CL 43A Sur - TV 12 Bis,a7292b28-0d5c-4f2c-bfd8-c468a599ea98
"-74,1088305","4,563675699",12752,299A12,AV. Darío Echandía,4,2,6,CL 43A Sur - KR 11,ba18d507-ab7a-4769-a716-f98f868d5422
"-74,10880553","4,563750856",12753,298A12,CED Misael Pastrana Borrero,4,2,6,CL 43A Sur - KR 11,e0380e42-c946-4dab-b163-ce79e681bfee
"-74,11092294","4,564103963",12754,288A12,La Resurrección,4,2,6,CL 43A Sur - KR 12,573a79a9-1bfc-47e3-a1e5-af8a6e89e7fd
"-74,11167326","4,565488292",12755,391A12,El Triunfo,4,2,6,DG 43 Sur - KR 12A Bis A,2e9c35c0-f334-4a4b-8d7e-ed855b2a4215
"-74,12350208","4,570190466",12756,138A12,Marco Fidel Suárez,4,2,6,DG 45F Sur - TV 16J,16152aca-4d7d-4a3a-be9d-2a2298d54325
"-74,09687019","4,600281495",12757,431A00,Santa Isabel,4,2,6,KR 26 - 2C,9eb2d46b-f8b5-4e20-bb92-56b33cbc341b
"-74,09565421","4,602146209",12758,801A00,Br. El Progreso,4,2,6,KR 26 - CL 5,7fe56dfd-d683-4817-8481-21ffff5091c1
"-74,07302657","4,636408673",12759,529A00,Br. Palermo,4,2,6,DG 45D - TV 19,cbfa073c-6e54-4cd8-ab65-d8cc5c011480
"-74,092335","4,68618",12760,208A04,Bonanza,4,2,6,KR 70F - KR 72A,315ecba0-b745-4e22-9bff-c96a65629f8b
"-74,09297493","4,688206935",12761,201A04,Bonanza,4,2,6,CL 73A - KR 71D,8fdcbc24-8909-4765-bd0c-927fa27e3c5f
"-74,11146349","4,749423553",12762,403A03,Sabana de Tibabuyes,4,2,6,Cl143 - KR 129A,19cf6490-cae6-41c7-87c0-2d79d9e55acb
"-74,05982053","4,737650355",12763,348A02,Br. Mazurén,4,2,6,KR 56 - CL 152,8fc02eb8-bc11-41d6-a718-53f4c14ec9b1
"-74,0855021","4,6292963",12764,274A06,KR 33,4,2,6,CL 25B - KR 33,07d79ad8-03d6-4a2b-95c1-dc15fbb2fa8f
"-74,08737182","4,632141512",12765,275A06,KR 38,4,2,6,CL 25B - KR 38,fb08541f-0913-4393-9f66-02405fedcb9c
"-74,15394487","4,598028056",12766,352A09,Br. Guadalupe,4,2,6,KR 63 - Auto Sur,a5c589da-68db-44f6-aad5-ab07227bb256
"-74,09894694","4,627500813",12767,272A06,Br. Ortezal,4,2,6,KR 43A - CL 18,609e57b4-df86-4cc3-8a75-ebace5a62771
"-74,09667909","4,628995248",12768,273A06,Calle 21,4,2,6,CL 21 - KR 42,d7d8db1a-bffa-4e05-9518-ff0a90c111a1
"-74,08996474","4,632037283",12769,120A06,Br. Centro Nariño,4,2,6,CL 25 - KR 39,9fe32292-1bc7-4ab5-952f-561c5415bdaa
"-74,05578783","4,645947198",12770,842A00,Br. María Cristina,4,2,6,CL 64 - KR 2,cb51dcd8-aa5e-4975-99ad-d5b9d2a952ad
"-74,14701908","4,508986721",12771,582A11,Br. Lagunitas,4,2,6,KR 18F - CL 91ABis Sur,47f05127-e4b2-427d-8fe2-65d9ad750873
"-74,14688662","4,509202599",12772,581A11,Br. Lagunitas,4,2,6,KR 18F - CL 91A Sur,8ed3291f-fdd7-466d-825f-22f41937c23f
"-74,09485869","4,568675482",12773,538A13,Parroquia Divino Niño,4,2,6,KR 5A - CL 27A Sur,b762e26f-a549-4b13-9471-ce47594cf0f5
"-74,06304431","4,727433295",12774,358A02,Urb. Colina Campestre II Sector,4,2,6,AC 138 - KR 57A,78c4501a-2cf7-4496-8ea3-595b5a222833
"-74,07600787","4,587280625",12775,542A13,Br. Atanasio Girardot,4,2,6,CL 2A - KR 2A,6bc356d5-1004-464f-971c-adfda875f13c
"-74,07570921","4,58445836",12776,476A13,Br. Ramírez,4,2,6,KR 1A Este - CL 1C,6b12216f-be82-4345-98b1-2ca2d0d62b58
"-74,07446929","4,588236736",12777,540A13,Br. Lourdes III,4,2,6,KR 1A - CL 3,e68e7f6b-c21e-4dbd-a892-4816103cb2b4
"-74,07347258","4,589545346",12778,541A13,Br. Lourdes,4,2,6,KR 1A - CL 3C,23042e12-1b7b-46e4-8125-143b06e94b24
"-74,12387609","4,618338844",12779,550A08,Br. Galán,4,2,6,TV 60 - CL 1,230630bf-d763-4463-8064-30cbea6521fc
"-74,12050261","4,618750405",12780,631A08,Br. Galán,4,2,6,KR 56 - CL 2B,35bdd4a3-5815-4ad1-a5a7-c13d99036d49
"-74,137727","4,546709",12781,578A11,Br. Sotavento,4,2,6,KR 17A - CL 70C Sur,dcc3d4e3-24b1-418e-a356-3860becf5830
"-74,13760094","4,546189894",12782,577A11,Br. Sotavento,4,2,6,KR 17A - CL 71Bis Sur,61476245-72b1-4747-a4e5-65967e4d9c7b
"-74,05429764","4,64775339",12783,569A00,Br. Granada,4,2,6,KR 1A - CL 66,0ecad4a3-1025-488d-8852-97a7f606bfcd
"-74,05427633","4,646378687",12784,570A00,Kr 1,4,2,6,CL 65A - KR 1,78f9df16-ef53-4f33-8be2-3b26c850d9f8
"-74,05372018","4,646784276",12785,571A00,Colegio Rosario Santo Domingo,4,2,6,KR 1 - CL 66,e46fd844-d203-4c7d-b722-bbc028a2c472
"-74,18605335","4,627771554",12786,284A08,Br. Brasilia III Sector,4,2,6,DG 55 Sur - KR 88B,ae6ff0a4-32f9-40ba-8911-e186cd07cd6a
"-74,18591786","4,627533973",12787,283A08,Parroquia San Juan Nepomuceno,4,2,6,DG 55 Sur - KR 87K,b84050c6-6f64-4d8e-8976-d4828bfe175f
"-74,17751783","4,622796941",12788,331A08,Br. Amaruc,4,2,6,CL 52A - KR 84,918a4390-e038-42e1-af50-257c466febc5
"-74,17891786","4,62091835",12789,323A08,Br. Villas de Kennedy,4,2,6,KR 82B - CL 54A Sur,8c05e897-90dd-4fe0-b6a5-5136aebe927b
"-74,17935169","4,619132805",12790,321A08,Br. Danubio Azul,4,2,6,KR 81I - CL 55 Sur,8061b4aa-0486-4311-97ad-ade748929ef0
"-74,0997779","4,487912242",12791,212A12,Br. Puerta al Llano,4,2,6,KR 8A Este - CL 114 Sur,c8b697a3-2daf-44f3-8e38-ed0146cd7d78
"-74,10826056","4,499489771",12792,179A12,Br. Charalá,4,2,6,CL 91 Sur - KR 2A,0e92294a-9c20-4b26-ad45-30a3422d639c
"-74,11054298","4,501189026",12793,163A12,Pq. El Virrey,4,2,6,TV 2B Este - DG 92H Sur,fe79e281-5725-41b4-b6c2-bc7786e1e51b
"-74,03026616","4,765864284",12794,462A01,Br. Tibabita,4,2,6,CL 189 - KR 8C,f27b5d59-6dd3-4723-a521-bc2978362fd3
"-74,10987954","4,501254874",12795,162A12,Pq. El Virrey,4,2,6,KR 5 - CL 91B,35a8d14e-4645-4ff5-8de6-4a973e8473e5
"-74,10790882","4,498927279",12796,178A12,IED Los Comuneros,4,2,6,CL 91 Sur - KR 2,76810b73-fa00-44e8-ae53-b885d4d79213
"-74,09983375","4,488334127",12797,213A12,Br. Puerta al Llano,4,2,6,KR 8A Este - CL 113A Sur,fdba6a27-add6-4633-a9f4-ca87fbcb71ad
"-74,11144786","4,486444765",12798,364A12,Br. El Tuno,4,2,6,KR 4F E - CL 117B Sur,66e08feb-5787-4fec-af68-a3ca43ebc6c8
"-74,11471563","4,489213432",12799,146A12,El Rancho y El Ranchito,4,2,6,KR 3C E - CL 113S,2512f6a5-c380-450f-b684-a1100298d49b
"-74,11411911","4,497956278",12800,367A12,Br. El Tesoro Pozo Azul,4,2,6,CL 100B Sur - KR 2F E,8741d229-b34a-480f-b3b1-3cc4fda7ae79
"-74,11531486","4,493084572",12801,366A12,Br. Antonio José de Sucre,4,2,6,CL 106B Sur - KR 2E,78f6436b-3053-44d2-82f4-da20cb73a6a0
"-74,11437986","4,492693602",12802,153A12,Br. Antonio José de Sucre,4,2,6,KR 3C E - CL 107 Sur,76aab3b9-f8b5-42a3-9811-1cc31549f604
"-74,11483504","4,48904702",12803,151A12,Nuevo San Luis,4,2,6,KR 3C E - CL 113S,62ac162a-2d2c-4d0a-82bc-8533d71f924e
"-74,11155027","4,48671775",12804,363A12,Br. El Tuno,4,2,6,KR 4F E - CL 117A Sur,6fb6dfd7-914e-4446-a0b9-c846c912ce9e
"-74,16624108","4,607050083",12805,361A09,Br. Juan Pablo II,4,2,6,CL 49 Sur - KR 77M,a663087f-0808-4442-ada4-e867796e6e9b
"-74,16613267","4,603583313",12806,357A09,Br. Nuevo Chile,4,2,6,CL 55 Sur - KR 72G,ffaa3100-0aae-494f-82cb-103692ad2237
"-74,16654183","4,601428488",12807,356A09,Br. Nuevo Chile,4,2,6,KR 72D - CL 56D Sur,877a7e6a-a1f5-4c7e-9695-e81480b67111
"-74,16402592","4,599439414",12808,559A09,Urb. Olarte,4,2,6,CL 57B Sur - KR 71D,3919d75f-2591-4ef3-aca6-2dfc59882c57
"-74,14374649","4,608852621",12809,423A09,Colegio Distrital Alfonso López,4,2,6,KR 72H - CL 39 Sur,973d6131-a36b-4163-b357-0b5021653f96
"-74,16364571","4,599710471",12810,558A09,Br. Olarte,4,2,6,CL 57B Sur - KR 71D,45e9eee8-62bf-4324-8cd6-77964e0b418c
"-74,16668429","4,600839421",12811,346A09,Br. Olarte,4,2,6,KR 72D - CL 57 Sur,fd35891d-ecc5-42cd-8242-e39f5698ec90
"-74,16618257","4,603739951",12812,358A09,Br. Nuevo Chile,4,2,6,CL 55 Sur - KR 72G,e92efe72-0c22-4988-9812-88deb9fed258
"-74,166162","4,60681",12813,362A09,Br. Perpetuo Socorro II,4,2,6,CL 49 Sur - KR 77L,f52ab3b8-989c-4d9e-b936-9987a75575f3
"-74,16674207","4,607815893",12814,364A09,Br. Catalina,4,2,6,CL 50 Sur - KR 77P Bis A,fda1544d-7dd8-481f-ad4e-bb8e98082fca
"-74,13220931","4,70713351",12815,415A05,Porvenir,4,2,6,KR 112 - CL 69,21228988-c245-4043-a22b-7b1a978099fb
"-74,11734675","4,561871721",12816,388A12,Br. Providencia Alta,4,2,6,CL 48 I Bis A Sur - KR 10 C,ce65beb6-10a0-4712-aff2-69c8be772d59
"-74,11725919","4,561498344",12817,387A12,Br. Providencia Alta,4,2,6,CL 48 I Bis A Sur - KR 10,56937f08-3199-4955-a2b7-b8a659d9f95d
"-74,1405137","4,71458849",12818,247A05,Br. La Esperanza II,4,2,6,KR 121 - CL 64D,a424e144-50b0-4774-987e-85820e953f1f
"-74,04171061","4,72052979",12819,107A01,Br. El Contador,4,2,6,AK 15 - CL 136,174df35e-37a6-45bc-bbc8-3a40b97834b5
"-74,11996556","4,583507743",12820,164A10,Br. Bravo Paez,4,2,6,DG 36 Sur -KR 25,ffd803d5-695a-4d29-9b57-0b29baa5a679
"-74,04756866","4,742199359",12821,546A01,Estación Cardio Infantil,4,2,6,Auto Norte - AC 161,8e2cf985-355c-436e-8fd8-3d6869fb7d14
"-74,0680152","4,620246022",12822,185A00,Br. Samper,4,2,6,CL 33 - AK 7,2cb2af80-744f-475a-b4ac-bbe5c1d50f61
"-74,09200965","4,510872257",12823,116A13,Br. Doña Liliana,4,2,6,KR 13D Este - CL 78 Sur,6e5cae5b-bf2c-4ff8-8832-d212cbd42ad0
"-74,09225859","4,512116621",12824,118A13,Br. La Flora,4,2,6,KR 13D Este - CL 76D Sur,207f41b0-c780-42fa-856b-37771101bc46
"-74,09113449","4,512406932",12825,122A13,Br. La Flora,4,2,6,CL 76D Sur - KR 13D Este,0425d3f8-0932-4c82-bec3-ccd8753ce521
"-74,09097862","4,513928851",12826,120A13,Br. La Flora,4,2,6,KR 13F Este- CL 76 Sur,7fa4bbea-8d2b-4395-82ef-48da8602193a
"-74,0892253","4,514243019",12827,130A13,Br. La Flora,4,2,6,CL 76 Sur - KR 14D Este,57aa26bb-f81a-4ddc-83b4-457799620e06
"-74,10789689","4,549334247",12828,332A12,Br. Diana Turbay,4,2,6,CL 48R Sur - KR 3B,0f75ae05-b975-4208-816b-136f1f55b102
"-74,12872911","4,564284717",12829,042A11,Br. San Carlos,4,2,6,KR 16B - CL 54 Sur,6c394b3d-f51d-4153-86e0-9874fb531d55
"-74,13595505","4,715892771",12830,406A05,Br. La Faena,4,2,6,CL 70A Bis A - KR 117A,1e5e02d2-2fdc-4678-9c82-f34f72e4923e
"-74,13609098","4,715913346",12831,407A05,Br. La Faena,4,2,6,CL 70A Bis A - KR 117A,303cc760-2924-4057-82a5-a0b6644925c9
"-74,13494936","4,714674675",12832,226A05,Parque Villa Teresita,4,2,6,CL 70A Bis A - KR 116B,9f57bb8d-7421-4360-9a1e-e2b9c308d07b
"-74,13580039","4,712894795",12833,215A05,Br. Villa Teresita,4,2,6,KR 115D - CL 69A,f0a76232-1fae-4d07-822c-1b56c05fb104
"-74,13715813","4,71303508",12834,224A05,Br. La Cabaña,4,2,6,CL 67 - KR 116B,66f6dd3a-6de6-4ca1-a74c-3fd49b06d42a
"-74,13945706","4,711575245",12835,219A05,Br. Linterama,4,2,6,KR 116C - CL 64B,57d6c9a2-8741-477a-b383-7a112a428f26
"-74,08942349","4,514285345",12836,131A13,Br. La Flora,4,2,6,CL 76 Sur - KR 14D Este,3e51c27c-e7a7-4fdc-b13a-de46d4586e85
"-74,0911218","4,514121436",12837,125A13,Br. La Flora,4,2,6,CL 76 Sur - KR 13C Este,6ba42e60-5191-4fea-9e95-ba47f3ae4261
"-74,09178751","4,512582217",12838,119A13,Br. La Flora,4,2,6,KR 13F Este - CL 76B Sur,8ae2823c-b4f0-4ffd-bcc7-107516021457
"-74,09208617","4,510990596",12839,115A13,Br. Doña Liliana,4,2,6,KR 13D Este - CL 78 Sur,f8a3bca6-9248-4773-9bd4-f827f1ed0b94
"-74,1776586","4,599540847",12840,109B09,Cementerio Jardines del Apogeo,4,2,6,CL 59 Sur - KR 97K,2a642db9-72ee-4385-9824-eb7907c213da
"-74,18564776","4,611065096",12841,608A09,Br. El Limonar,4,2,6,KR 80K - CL 63 Sur,c40a52b1-5694-41dc-b989-e629d32d6f5a
"-74,18829509","4,607594147",12842,481A09,Br. Jiménez de Quesada,4,2,6,TV 80G - CL 65F Sur,39cb5b0f-d0b9-4826-9092-9a991a13c552
"-74,18799515","4,609884102",12843,613A09,Br. Jiménez de Quesada II Sector,4,2,6,KR 81 - DG 65A Sur,76951b8b-511c-4ef8-a929-0f55b8dcaf34
"-74,18390947","4,609845371",12844,227A09,Parque Central de Bosa,4,2,6,KR 80H - CL 60 Sur,551c5038-4eea-4aa4-837a-0e0d68fb4ea6
"-74,09403747","4,585317923",12845,437A12,Br. Ciudad Berna,4,2,6,AC 11 Sur - KR 12C,1c5ce573-a085-4d6c-92c4-f768477cc6cf
"-74,09941877","4,586666012",12846,566A11,Br. El Restrepo,4,2,6,DG 12 Sur - KR 18,95d9b43e-f1c6-4e79-b243-a7c90e9c5403
"-74,17529136","4,592107292",12847,275A10,Br. La Estancia,4,2,6,KR 75 - CL 59A Sur,0669d465-015f-46ea-82cf-35f252a680b7
"-74,17538321","4,592369853",12848,272A10,Br. La Estancia,4,2,6,KR 75 - CL 59A Sur,99c65f47-20ac-4377-aa02-44421022bbab
"-74,17343942","4,591885419",12849,181A10,Br. La Estancia,4,2,6,CL 60 Sur - KR 74,d76acb90-81c7-4951-b3e2-8b3f14d5f0f4
"-74,09513462","4,586044381",12850,408A11,Avenida Caracas,4,2,6,AC 11 Sur - AV. Caracas,5f3aac7b-7603-4eb9-87ee-d533aefea4a7
"-74,09364901","4,584642133",12851,436A12,Br. Caracas,4,2,6,AC 11 Sur - KR 12B,a267b67b-50ba-4477-968b-659abcc56df7
"-74,11699816","4,694539494",12852,418A05,Urb. Álamos IV Sector,4,2,6,CL 66A - KR 95,687e9295-d068-4cc9-af8a-4bf733980de2
"-74,12530972","4,683949147",12853,104A06,Br. Puerta de Teja,4,2,6,AK 96 - AC 26,9900204a-b049-4bfc-bbc0-2599ee7182be
"-74,12734451","4,681134063",12854,106A06,Industria Nacional de gaseosas,4,2,6,AK 96 - CL 24C,74e88458-b030-4880-950f-8ed200d01506
"-74,12918111","4,68126688",12855,332A06,Centro empresarial Muelle Industrial,4,2,6,DG 24 C - AK 96,a4a6b764-aff1-486f-97a9-c1bc0fb731dd
"-74,14760134","4,601428353",12856,405A09,Br. San Andres II Sector,4,2,6,TV 72D - CL 43 A Sur,3833b60e-1b77-4b1b-928d-121b836872db
"-74,098038","4,545432",12857,388A13,Br. Canadá La Guira,4,2,6,CL 47 Sur - KR 2 A Este,92926d03-cff8-4ef6-bab5-e68b8b082e8c
"-74,09879007","4,544769525",12858,156A13,Br. Canadá La Guira,4,2,6,KR 2 E - CL 47B Sur,3e9d8b4a-5e21-45e4-953a-87dc29d7c5da
"-74,127032","4,743547",12859,142A03,Br. Santa Rita de Suba,4,2,6,TV 156 A - CL 136 A - 44,c71bfd31-4c4a-43ee-8535-2cbd0840fc77
"-74,16356689","4,609616386",12860,375A09,Br. Jaqueline,4,2,6,CL 46 B Sur - KR 77V-21,67c12c0b-2511-4635-9627-2a3f595b90dc
"-74,16225872","4,61119915",12861,380A09,Br. Jaqueline,4,2,6,CL 45 Sur - KR 77Y-60,c3410b3b-6ba3-4212-9ba8-27cc5ebb6f66
"-74,16196367","4,611585309",12862,381A09,Lagos de Timiza II,4,2,6,KR 78 - CL 43A Sur,b3d85b81-20e2-4049-a0fb-d1152de9e4f3
"-74,16059198","4,619322907",12863,226A08,Ciudad Kennedy Sur,4,2,6,CL 42 Sur - KR 78P,57a47825-37ec-49fd-93e0-788a4ad0a488
"-74,0940959","4,696790153",12864,256A04,IED La Palestina Sede A,4,2,6,KR 76 - CL 78-29,70c62e94-426b-482d-9961-e89f91375eb7
"-74,09521415","4,695339982",12865,205A04,Humedal Santamaría del Lago,4,2,6,KR 76 - CL 76-47,4754ef67-b43d-43d8-80a6-34b1494b9e01
"-74,09644332","4,69214601",12866,204A04,Br. Santamaría I y II Sector,4,2,6,CL 74A - KR 75,b29571ee-b602-4f0c-afc5-fe96bd505811
"-74,093959","4,691769",12867,206A04,IED TABORA SEDE B,4,2,6,CL 75 - KR 73,405292c4-a812-4b78-a1b3-da2badf040e2
"-74,10223271","4,619788677",12868,276A07,MONSERRATE,4,2,6,TV 42 - CL 11A,c4090890-bee4-4c08-9b9f-f28377e2bac1
"-74,13316109","4,596627359",12869,442A09,JAC Barrio Muzú,4,2,6,CL 42 Sur - KR 51F,4dbc0687-d7e5-429d-9ebf-6b06548706cc
"-74,14892681","4,588445151",12870,240A10,Br. Nuevo Muzú,4,2,6,DG 51A Sur - KR 59A,44ac3ab5-fd21-47d1-b545-45a90491fecb
"-74,08481883","4,742316183",12871,529A03,CAMI Suba,4,2,6,KR 92 - CL 147B Bis,e8866c00-3839-4b88-ba06-c34f19023078
"-74,0853249","4,739771078",12872,592A03,Br. Las Flores,4,2,6,KR 92 - CL 146,c8b060c4-dc25-46bf-8590-d116b49735ba
"-74,09116578","4,718096426",12873,354A03,CARRERA 90C,4,2,6,CL 127B - KR 90C,2529e18c-e228-4c22-af94-20893b0aeaa4
"-74,0498346","4,678899578",12874,284A00,Kr 14,4,2,6,CL 94 - KR 14,21d3dc59-8c41-4254-9836-b17848dcdd7a
"-74,04720981","4,677552755",12875,285A00,Br. Chicó Norte,4,2,6,CL 94 - KR 11A,2e7b48cf-8770-48c7-8a49-fc90eba48651
"-74,058739","4,662635",12876,298A00,Embajada de Paz de Colombia,4,2,6,CL 76 - KR 12,9263c840-bb4f-4639-8087-8877242d6236
"-74,09048372","4,718049195",12877,355A03,Cl 127 B,4,2,6,CL 127B - KR 89,8714b07f-fbe4-4735-944a-939332f587c3
"-74,08147403","4,755886712",12878,532A03,Br. Salitre Suba,4,2,6,CL 158 - KR 95,41b57e2f-a6d8-47d6-ba4f-6a3f9653df16
"-74,06330405","4,622122534",12879,808A00,Teatro El Parque,4,2,6,KR 5 - CL 35,35d815ad-56c9-47ea-b8c8-b8b57e42405b
"-74,09862332","4,729762162",12880,340A03,Lago de Suba,4,2,6,CL 129C - 101A 11,d90cdd6d-9a4c-49b7-a280-fdc0109b2beb
"-74,09531668","4,728160698",12881,343A03,Br. San Cayetano,4,2,6,KR 96A - CL 129,b26bde54-792e-443d-ab68-3b7891e3c9ca
"-74,08428321","4,747046613",12882,039A03,Br. Bosques de San Jorge,4,2,6,KR 92 - CL 151,0804d22b-20ac-4593-b141-5e15233ef4a3
"-74,09334504","4,726101292",12883,366A03,UPA Rincón,4,2,6,CL 129B - KR 94B,fd91b0af-80fc-41df-ae75-5a5a7aba9346
"-74,09837861","4,729742818",12884,341A03,Lago de Suba,4,2,6,CL 129C - KR 101A - 16,f45f5d73-fe19-41e8-a5ee-2a1031f23d07
"-74,10606014","4,753484784",12885,371A03,Conjunto Residencial  Catigua,4,2,6,DG 146 - KR 128,944f58cb-feab-4656-bf1b-f5f5ecdf1215
"-74,10613974","4,753753111",12886,417A03,Conjunto Residencial Catigua,4,2,6,DG 146 - KR 128,bacce5e6-9438-4712-a394-0007930a1e2c
"-74,16723723","4,697447942",12887,216A06,Br. Puente Grande,4,2,6,CL 17F - KR 136,7526e8e8-79ee-4ce3-9e9b-63734cf43283
"-74,167315","4,695245",12888,210A06,Br. Puente Grande,4,2,6,KR 135 - CL 17C,4bdc8a07-a12b-460f-9c04-e7abf00363eb
"-74,14871551","4,558698538",12889,534A11,Br. Las Delicias del Sur,4,2,6,KR 19 Bis - CL 67D Sur,036b3b20-016b-4a08-b2f3-ffa70c9dbffb
"-74,14986785","4,55754788",12890,535A11,Br. Las Delicias del Sur,4,2,6,CL 68C Sur - KR 18-,55e84183-33ea-4b43-8545-862781bf5568
"-74,07187058","4,634026577",12891,146A00,Br. Palermo,4,2,6,AK 19 - CL 45A,98bd1c2e-636f-4e6f-9f22-c192ef2c5a00
"-74,03735196","4,762387925",12892,432A01,Br. El Refugio de San Antonio,4,2,6,KR 16 - CL 185,b0cca780-e8ee-49b4-af5f-cdc05d804600
"-74,15640785","4,670725173",12893,405A00,CAI Sabana Grande,4,2,6,KR 106 - DG 15 A,6c2dcb5b-42e5-4d0d-873f-9e51b9a37a35
"-74,1546298","4,667244705",12894,226A07,Urb. Pq Empresarial Santa Helena,4,2,6,DG 15A - KR 98A,dd853cb1-ba86-4f2c-95a0-573c0f3ed13a
"-74,1551924","4,669162814",12895,296A07,Br. Cundinamarca Dg 15,4,2,6,DG 15A - KR 104,5cb2cc7e-3417-4e99-9445-7eebed98f592
"-74,15024286","4,672093124",12896,365A06,Br. La Laguna Fontibón,4,2,6,CL 16F - KR 103B,82c60d2b-9c5b-40f6-bdbe-e68a2e56f467
"-74,14840612","4,671081955",12897,238A06,Br. La Laguna Fontibón,4,2,6,KR 100 - CL 16F,1ad4c193-65ab-49d9-826b-9f4fd88548bf
"-74,08948916","4,629074186",12898,186A06,Corferias,4,2,6,KR 37 - AV. Esperanza,56de3f85-d5e1-4630-9bc5-fde9b246ebee
"-74,14677104","4,672350844",12899,239A06,IED Pablo Neruda,4,2,6,KR 100 - CL 16I,06edd069-c16c-420a-afb2-b85b45fe4055
"-74,14855032","4,671084226",12900,237A06,Br. La Laguna Fontibón,4,2,6,KR 100 - CL 16F,75f8dcd9-2aaf-4f93-9959-e6463310053d
"-74,15052217","4,669494849",12901,208A06,Br. La Laguna Fontibón,4,2,6,KR 100 - DG 16A,1f1f22cf-52a8-4508-9308-cd598207d759
"-74,17810518","4,629547622",12902,556A08,Brasilia I Sector,4,2,6,KR 87D - CL 49 Sur,e96a138b-36e8-4fb2-b0a1-caae3a64b6db
"-74,17960398","4,62856399",12903,557A08,Brasilia I Sector,4,2,6,KR 87D - CL 50 Sur,fa561a4f-c35a-4cf9-84ca-fd592925aa1e
"-74,15678643","4,643155403",12904,133A07,C.C. Tintal Plaza,4,2,6,KR 87A - CL 6,6a01f1d3-0273-442c-ad94-896c2ade902a
"-74,18417076","4,620375764",12905,264A08,KR 85A,4,2,6,CL 57 B Sur - KR 85-15,68c93a81-e508-424a-8206-e29e1c3ace72
"-74,17397587","4,637131505",12906,357A08,Br. Las Vegas,4,2,6,KR 89C - CL 42F Sur,b5793eef-9967-4ec9-8fd7-6ef5b05329a7
"-74,16424328","4,601734296",12907,603A09,Urb. Olarte,4,2,6,KR 72A - CL 55B Sur,0653e4a0-d44e-4215-9174-4c56ce63693c
"-74,15877254","4,6489167",12908,138A07,Parque El Tintal,4,2,6,KR 90 - CL 6D,e5280a9a-e1b1-40f2-99cd-8542a3ec68bb
"-74,128385","4,468373",12909,090A12,Usme Rural,4,2,6,KR 3 - CL 139 Sur,47cc6d58-024f-49a7-afff-e0977620661b
"-74,128194","4,46841",12910,091A12,Usme Rural,4,2,6,KR 3 - CL 139 Sur,777fd25a-fe16-4115-b82e-31196bacbce1
"-74,06285627","4,746416616",12911,314A02,Br. Gilmar,4,2,6,KR 62 - CL 162A,95a61fff-d60e-425c-91a1-7643df31a516
"-74,05863174","4,741453018",12912,298A02,Urb. Carimagua,4,2,6,CL 159 - KR 55,44ccb6a5-9c52-464a-bd1c-314a306754bc
"-74,05807781","4,741433163",12913,299A02,Br. Cantalejo,4,2,6,CL 159 - KR 55,35ee17b9-5a68-4cdd-8a5b-cbe0d75232c7
"-74,04418208","4,668958256",12914,798A00,Br. El Refugio,4,2,6,TV 5 - CL 88,48983c72-6a52-4543-b934-f2a2e140aebc
"-74,03884827","4,670107633",12915,768A00,Br. Bosques de Karon,4,2,6,KR 2 - CL 91A,1e983ebd-f071-4c5c-8a46-937314f8d209
"-74,19845285","4,620389029",12916,498A09,Br. El Paradero,4,2,6,KR 87C - CL 71B Sur,50eb8131-edc4-4a29-8f86-f4da1e6d8055
"-74,19698936","4,615122237",12917,512A09,Br. Islandia,4,2,6,DG 73 BIS Sur - KR 83A-57,aeb7a2f9-0ebc-4644-9b3a-d22fabe19bd8
"-74,19684113","4,614960831",12918,513A09,Br. Islandia,4,2,6,DG 73 BIS Sur - KR 83A-57,8118b8ad-f046-4f53-96a3-38d1d909d908
"-74,17363711","4,604069316",12919,528A09,Urbanización La Unidad,4,2,6,KR 77H - CL 57 I Sur,a48b6d37-3fe9-4770-9714-17ef7efc64f5
"-74,17130937","4,608084557",12920,326A09,IED Class,4,2,6,KR 78 - CL 56B Sur,e397a73a-64e1-4206-92c2-f6cfb9c0b129
"-74,17004822","4,608979697",12921,339A09,Br. Roma II,4,2,6,DG 54A - KR 77V,c6c694a2-0831-4dc9-95a0-eac99e1c3689
"-74,1688415","4,64510869",12922,412A08,Urbanización Riveras de Occidente,4,2,6,CL 34A Sur - KR 92B,a9706f9f-3ff3-4972-b052-c23e50b87b9c
"-74,16739348","4,643801788",12923,416A08,Calandaima,4,2,6,CL 34A Sur - KR 91,1ca19a2d-5e07-493a-bf25-dc91fb0a43d1
"-74,16728149","4,643538461",12924,411A08,Br. Calandaima,4,2,6,CL 34A Sur - KR 90A,1781d925-1ceb-4937-b57d-583de029ef7d
"-74,16562252","4,6416718",12925,436A08,Gerona Del Tintal,4,2,6,CL 34A Sur - KR 89,262d5098-27b2-457d-a7c5-6c13bce089b6
"-74,15949864","4,652968813",12926,215A07,La Magdalena,4,2,6,CL 6D - KR 94,adf8b170-a433-4f4f-867e-ab06101737f8
"-74,15807374","4,569826233",12927,210A11,Br. Arborizadora Alta,4,2,6,CL 69J BIS Sur - KR 43,3fef5756-57d3-416d-a099-2fcda9b57018
"-74,15788676","4,569799861",12928,211A11,Br. Arborizadora Alta,4,2,6,CL 69J BIS Sur - KR 43,d8f966a3-5b4d-44e2-a56b-f635208fb5c4
"-74,156831","4,56674",12929,192A11,Br. Arborizadora Alta,4,2,6,CL 69J Sur - KR 32,94decdb6-c2fd-4403-b42f-9caaa983f515
"-74,156762","4,566879",12930,193A11,Br. Arborizadora Alta,4,2,6,CL 69J Sur - KR 32,20e2ff6d-29eb-4e11-921c-af596dc565fe
"-74,15414146","4,684281842",12931,227A06,FUENGIROLA,4,2,6,KR 116 - CL 17D,80076c0b-d83c-48b5-9424-084091ba895f
"-74,15218384","4,685499196",12932,229A06,Urb. Batavia,4,2,6,AK 116 - CL 19,4811665c-64b6-4e19-b087-1d8a26c2d4fa
"-74,1519629","4,685789571",12933,230A06,Urb. Batavia,4,2,6,KR 116 - CL 19,77594594-991e-409c-a4d4-a05bf45fe455
"-74,14996572","4,614761225",12934,531A09,Br. Timiza,4,2,6,KR 73 - CL 39 Sur,dda6c950-7191-4c5d-ae55-3ff8beccb6e3
"-74,14528137","4,640291741",12935,167A07,Urb. Villa Mariana,4,2,6,AV. A. Mejía - CL 8 BIS,56b90e75-432e-4875-b079-9541f009dce8
"-74,14445745","4,642322176",12936,334A07,Br. Castilla,4,2,6,AV. A. Mejía - CL 8C,099c71ba-12d8-414d-88cf-7f0296dd81f6
"-74,14354343","4,598157952",12937,407A09,Parque San Andrés,4,2,6,CL 44 Sur - TV 68G-94,e2a9fd6e-add9-464f-8b35-03d7c8683bf6
"-74,14347482","4,537106714",12938,553A11,Desarrollo Minuto de María,4,2,6,CL 80A Sur - KR 18A Bis B,f29659b5-af04-4602-8f8b-c52e9b9681cf
"-74,14331984","4,537225342",12939,554A11,Br. Los Urapanes,4,2,6,CL 80A Sur - KR 18A Bis A,29c9d364-752b-4a27-bd84-2c62caf8af7f
"-74,14308","4,638741",12940,168A07,Br. Castilla,4,2,6,AC 8 - KR 78C,49866142-ed86-4946-9daf-37a5cf576d77
"-74,1426917","4,715030193",12941,214A05,Colegio Rembrandt,4,2,6,TV 123 - CL 63L,cf097684-9a1a-4b63-851d-47230002bfd1
"-74,14248112","4,535907161",12942,555A11,Br. El Minuto de María,4,2,6,DG 81 Sur - KR 17F,13781659-d56c-4d48-b529-ecb4c531810b
"-74,14218557","4,53547485",12943,556A11,Br. San Joaquín El Vaticano,4,2,6,DG 81 Sur - KR 17C,06c6b239-e07a-4338-846a-0751a6d3bea6
"-74,14076573","4,596054991",12944,410A09,Br. Las Delicias,4,2,6,CL 44 Sur - KR 68A,0ed1af8f-ab9c-4b05-b3d8-f137af286451
"-74,13840514","4,651378081",12945,234A07,Br. La Pampa,4,2,6,CL 13 - KR 80D,0f20f3b9-298a-4d10-bd21-74c58b84203d
"-74,13770393","4,642790319",12946,200A07,LICEO MAYOR ANDINO,4,2,6,KR 73B - CL 10 B,7b80dffa-f56f-4af7-b26f-88d7ddfaff37
"-74,12317549","4,617866102",12947,506A08,Br. Galán,4,2,6,DG 2 - KR 57A,b88caa63-799a-4911-8560-42dee82652af
"-74,12213262","4,616857401",12948,475A08,Urbanización Chamicera,4,2,6,KR 56 - CL 2,42727581-844d-4856-ab8b-d5ab96b9c05a
"-74,11766086","4,62201858",12949,252A07,Br. San Gabriel,4,2,6,KR 56 - CL 4B,ed8c36c0-ad2f-4ab5-b799-d4b9ef4be117
"-74,11672584","4,622485284",12950,253A07,Urb. Arboleda,4,2,6,CL 4D - KR 55,01c7ed16-2340-48f1-b732-51f11cd0d4c2
"-74,11478017","4,621429405",12951,256A07,Br. Colón,4,2,6,CL 4F - KR 53D,e6ee4e88-2244-4505-ac34-cb01bf1499d6
"-74,11337856","4,621995604",12952,261A07,Br. San Rafael,4,2,6,CL 5A - KR 53C,4b80dea5-4a37-4765-bfb8-ed1ffd0dcf99
"-74,11315581","4,619683424",12953,260A07,IED Sorrento,4,2,6,CL 4F - KR 53,ccc65c5a-f623-42c1-bd1f-2ea27f27b167
"-74,11225653","4,537600497",12954,235A12,Br. Danubio II,4,2,6,DG 57 Sur - TV 3D,5e2b9727-aa06-423a-8d38-472448210b6e
"-74,11185639","4,620738278",12955,262A07,Liceo Avenida las Américas,4,2,6,CL 5A - AK50,e36bfbb3-ab34-4500-ae3c-dc88d27ba203
"-74,10927197","4,618693233",12956,268A07,Campo Deportivo La 43,4,2,6,CL 5A - KR 42C,781929c0-94a9-4111-b9c1-8e613729a898
"-74,10783039","4,619993185",12957,271A07,Centro Cultural La Francia,4,2,6,TV 43B - DG 5F,2d33352c-b74c-4c17-98c3-ef9639fb1baf
"-74,10096555","4,547073609",12958,507A13,Br. La Peninsula El Paraíso,4,2,6,KR 1 - CL 48 Sur,85083418-e012-4fe0-aad7-329d8cde5d0d
"-74,09896573","4,617350141",12959,247A07,Br. Los Ejidos,4,2,6,CL 12 - KR 37,67ffb3e6-ec3d-464e-95a2-0260bc3d0278
"-74,098231","4,557401",12960,184A13,Urb. Las Guacamayas,4,2,6,CL 37A Sur - KR 2C,e5cc06e8-60b8-4284-bc50-6d8dc05cf2ac
"-74,0978585","4,556975663",12961,185A13,Urb. Las Guacamayas,4,2,6,CL 37A Sur - KR 2C - 10,5f26d584-56b5-4187-9ded-f9e1d2629b70
"-74,09228788","4,616722006",12962,288A07,SENA,4,2,6,KR 32 - CL 15,30dbfa9b-2e7c-4bfc-8cf8-fc8e65798c75
"-74,08729267","4,673419504",12963,293A05,CARRERA 66,4,2,6,CL 67B - KR 66,06dfcd6d-e20b-429d-9f2c-e06ff2854fbc
"-74,08477536","4,673155229",12964,349A05,Br. José Joaquín Vargas,4,2,6,KR 65 - CL 67D,9d8171f3-9ac2-4f1b-af89-ceae027dd748
"-74,07945202","4,577688302",12965,521A13,Br. Buenos Aires,4,2,6,KR 2 Este - Dg 6C Sur,842a20c3-fe25-4c87-98d5-e40693c9ca8f
"-74,07875138","4,576258638",12966,520A13,Br. Buenos Aires,4,2,6,DG 7 Sur - TV 2A Este,3c61d71a-38b7-4fe6-92f4-90ee22dee6b1
"-74,07727543","4,62722829",12967,512A00,Parroquia San Alfonso,4,2,6,AK 28 - CL 37,a74f3a62-1bf5-49ac-80fd-2578aa9c641a
"-74,07374293","4,612080975",12968,112A00,Estación Calle 22,4,2,6,CL 24 - KR 13A,38631ff6-be3e-407e-959e-261a148c5a4f
"-74,07284494","4,58025875",12969,292A13,Parroquia Beato Alberto Hurtado,4,2,6,CL 1A BIS - KR 7B Este,8b877b2a-20b0-443b-941f-cffc839c81e0
"-74,07271069","4,580175136",12970,291A13,Parroquia Beato Alberto Hurtado,4,2,6,CL 1A BIS - KR 7B Este,9b4e5bb7-8824-4ae0-bea1-60a96692017f
"-74,07209438","4,58208682",12971,296A13,Cl 1 B Bis,4,2,6,KR 7 E - CL 1B Bis,9861eb53-9eb7-46a8-b52a-0119bc52cbf8
"-74,07202217","4,582069703",12972,295A13,Cl 1 B Bis,4,2,6,KR 7 E - CL 1B Bis,e609bcec-60c1-4b60-b905-216edc7caa31
"-74,07160757","4,583661244",12973,302A13,Hospital Centro Oriental GSG,4,2,6,CL 2 E - KR 5B Este,1092e654-5435-46b1-8a62-dddd6f872f60
"-74,0713798","4,58732665",12974,348A13,IED Jorge Soto del Corral,4,2,6,TV 3A E - DG 2D,7c894425-5683-4831-8b99-30c60376b1cb
"-74,07136152","4,583544155",12975,301A13,Hospital Centro Oriental GSG,4,2,6,CL 2 - KR 5B Este,7a53b250-89f9-470c-a9d5-985d4b0be476
"-74,07133136","4,587243728",12976,349A13,IED Jorge Soto del Corral,4,2,6,TV 3A E - CL 3,e831a2bf-646d-4dc9-836f-4227c951b589
"-74,0710907","4,580696283",12977,298A13,IED Aulas Colombianas San Luis,4,2,6,KR 11 E - CL 1A,fcd1d7e8-814e-41f2-8a93-50662101813f
"-74,06224942","4,652160341",12978,650A00,SENA,4,2,6,CL 66 - AK 11,1b7e1e5d-1d2f-4d32-b715-0538e3736fd6
"-74,06038848","4,736037906",12979,214A02,Carrera 56,4,2,6,CL 152 - KR 56,ed485c5a-9bc6-4d1f-9070-10ea82ce2802
"-74,05938665","4,651504328",12980,584A00,Cámara de Comercio Cl 67,4,2,6,CL 67 - KR 8,08b2df92-756d-4016-92ef-6e8806b761a6
"-74,05727762","4,649378993",12981,565A00,CED Simón Bolívar SedeB,4,2,6,KR 5 - CL 66,8be244e2-3685-4d30-8e10-da0d7073a037
"-74,05672209","4,647207556",12982,564A00,CAI Granada,4,2,6,KR 4 - CL 64,3b589d4b-2bbb-45b1-8e59-1926a35300cd
"-74,05363182","4,738636461",12983,009A02,Colegio Colombo Hebreo,4,2,6,AC 153 - KR 50,eed29a2f-d2a7-4c2e-9645-6e7aa33b8ccc
"-74,04605213","4,664895622",12984,599A00,Cl 85,4,2,6,KR 5 - CL 85,af1656a2-8200-494d-906a-a8977b0521bf
"-74,04525788","4,722950135",12985,087A01,Urbanización Nueva Autopista,4,2,6,CL 140 - KR 18,b50d0959-91bc-4006-b401-df40c7bd44e5
"-74,04466419","4,666687714",12986,600A00,Cl 86 A,4,2,6,KR 5 - CL 86A,7b6a808a-19f2-4b7c-a407-80ce959d2589
"-74,04403765","4,66759312",12987,601A00,Br. el Refugio,4,2,6,TV 4A - KR 87,ceb5ec2b-2aba-4fbf-aa3e-e8115b893ab5
"-74,04341453","4,722167169",12988,088A01,Parque Contador,4,2,6,CL 140 - KR 16A,bfbab906-c9d9-4c60-a245-d7a3af07356d
"-74,04109841","4,669363347",12989,602A00,Kr 4,4,2,6,DG 91 - KR 4,2a39fb01-f6e2-42e5-8e53-c93aecd559c8
"-74,04095349","4,721148771",12990,090A01,urbanización Cedritos,4,2,6,CL 140 - KR 13,85d1494a-2ea1-482b-9e78-2caf4dceda6e
"-74,04078288","4,669130626",12991,603A00,Kr 4,4,2,6,DG 91 - KR 4,cbf99740-8f4d-4911-942d-5c512d906547
"-74,0407641","4,721175712",12992,089A01,Agrupación el Palomar,4,2,6,CL 140 - KR 13,b40455d1-b721-497b-b288-17e8fd919bc8
"-74,03807061","4,719960465",12993,092A01,Clínica Norte,4,2,6,CL 140 - KR 12,e1688f29-76be-400b-93a8-c40fd0c61e9b
"-74,0370558","4,674083059",12994,352A01,Seminario mayor de San José,4,2,6,Vía la Calera - DG 97,a0dace93-0e09-4f20-911a-09bc12136688
"-74,03625511","4,719310706",12995,091A01,Centro Comercial Futuro 140,4,2,6,CL 140 - KR 11,ac9a1334-c971-4fd8-b074-0481449f77da
"-74,03306178","4,717872207",12996,094A01,Br. Lisboa,4,2,6,Cl140 - KR 9,5be67d59-ba3d-44b0-838b-9c7bbba54c04
"-74,03198542","4,717526282",12997,093A01,Agrupación Verbenal,4,2,6,CL 140 - KR 7C,54de4334-8fba-401a-b19a-f0fea3a3810c
"-74,02971004","4,716567288",12998,322A01,Br. Verbenal,4,2,6,CL 140 - KR 7A,0123d28f-e77b-4762-a330-787e9fe603b3
"-74,02878265","4,675460338",12999,359A01,CED Julio Antonio Galán,4,2,6,Vía la Calera - KR 1A,98dfc38d-6237-4700-ae67-2692e57d3848
"-74,02878142","4,675367473",13000,541A01,Bosques de Bella Vista,4,2,6,Vía la Calera - KR 1A,78c76244-bbc6-4f38-86b9-c2950ecb88ac
"-74,02317605","4,675278693",13001,364A01,Cl 103,4,2,6,Vía la Calera - KR 2B E,2f89d2a0-94f3-4e9e-8560-772cbf28ba07
"-74,02108789","4,674272282",13002,355A01,Kr 4 E,4,2,6,"Vía la Calera Km 4,5 ",7084b8dc-4152-42d7-900b-41cdd526dda9
"-74,02101192","4,674349805",13003,365A01,Kr 4 E,4,2,6,"Vía la Calera Km 4,5 ",d9a87c8e-a342-480a-8fe7-20200bc6242b
"-74,01761163","4,668089873",13004,515A01,Tv  12A,4,2,6,CL 100A - TV 12A Este,94edf767-9df9-4cf6-a058-6864c493d99f
"-74,01696277","4,669527546",13005,362A01,CL 102,4,2,6,CL 102 - KR 11 E,de96dff9-555c-4439-9efc-016869a5081d
"-74,01629335","4,670832188",13006,363A01,Iglesia Sta. Ma. del Monte,4,2,6,Vìa La Calera - KR 11 E,83794b9a-57de-4a87-b7ee-a06f8a030252
"-74,09385897","4,720919362",13007,109B03,Br. Japón,4,2,6,KR 93 - CL 127CBisA,fa529328-d9f1-418e-b086-a72e77e8c83d
"-74,09130644","4,724465965",13008,062B03,Br. Rincón de Suba,4,2,6,KR 93 - CL 129,f9eb15e6-3123-47c0-83aa-cd2aa4b8372d
"-74,09120198","4,559420781",13009,484A13,Br. Atenas,4,2,6,KR 3A E - CL 31C Sur,ca694d6d-29e5-49f4-8089-c83f8b8fec46
"-74,09766241","4,569142853",13010,428A13,Br. La Serafina,4,2,6,CL 30A Sur - KR 7A,975f9be6-d8b1-4ae3-b579-2cd7e815da38
"-74,08057397","4,585286425",13011,326A13,Br. Las Cruces,4,2,6,AC 1 - KR 5A,b3fdc8d2-981e-4a19-951c-1177758fabc4
"-74,18289324","4,633624424",13012,080B08,Villa de los Comuneros,4,2,6,AV. Tintal - CL 51 Sur,cb89177b-4454-4e69-8580-b4aa11a32cdd
"-74,17922176","4,634751334",13013,079B08,Villa de los Comuneros,4,2,6,AV. Tintal - CL 48 Sur,6ae35a6d-5682-49c6-ac5b-a738004762ea
"-74,087959","4,532684",13014,154A13,Los Libertadores Sector San Ignacio,4,2,6,CL 56 Sur - KR 14D Bis E,a45f6752-7094-44fa-98bd-7846248d82c0
"-74,0892117","4,532143145",13015,152A13,Br. Los Libertadores,4,2,6,TV 14A E - DG 57 Sur,37f0ea54-1d55-4b77-9dae-43806dc7b53b
"-74,08998323","4,530607886",13016,506A13,Br. Los Libertadores,4,2,6,KR 11B E - DG 60A Sur,e15c25cf-76a4-4ad4-b5fe-20f3790584c9
"-74,08882465","4,55673811",13017,436A13,CED San Vicente,4,2,6,TV 6 Este - DG 32C Sur,9de3c480-5b70-4fa6-8894-d3a6642f2da8
"-74,08704338","4,558919138",13018,204A13,Br. Santa Inés Sur,4,2,6,KR 7 E -CL 31 Sur,da6fde90-9667-4260-9a23-b90f7cdadcf7
"-74,08884316","4,5564953",13019,435A13,CED San Vicente,4,2,6,TV 6 Este - CL 33 Sur,73d2974a-920b-4499-ab41-946ce225d0b7
"-74,08987407","4,53057333",13020,505A13,Br. Nueva Delly,4,2,6,KR 11B E - DG 60A Sur,32919418-457f-4f82-aab0-20fc750fa413
"-74,08862373","4,532354755",13021,151A13,Br. Los Libertadores,4,2,6,DG 57 - TV 14A E,efe051d7-2a11-4428-ab7b-197510c04b6e
"-74,08664808","4,532571274",13022,153A13,Pq. Los Libertadores,4,2,6,CL 56 Sur - KR 14D Bis E,3df0fe3e-90bc-4a2b-b007-12637f45cc21
"-74,11400948","4,560315817",13023,395A12,Br. Zarazota I,4,2,6,KR 9 - CL 48D Sur,e13a6558-65b6-4425-9f9c-f1b69f4caa64
"-74,11675082","4,553907902",13024,398A12,Br. Marruecos,4,2,6,CL 49C Sur - KR 5P,04e17914-1eb3-444c-a4ee-6757b9097e54
"-74,10377364","4,716975217",13025,334A04,Ciudad Bachué I Etapa,4,2,6,KR 95G - CL 88,c8e869d6-a845-4058-bc30-ed9d2e1db6be
"-74,11685166","4,725211835",13026,333A04,El Cortijo,4,2,6,CL 83A - AK 114,7a2f34d6-8b33-43a4-9089-f311e241a299
"-74,11697932","4,725068024",13027,328A04,El Cortijo,4,2,6,CL 83A - AK 114,38eeec15-f6fe-4f70-98a2-da3bebf82483
"-74,10909355","4,719290535",13028,330A04,Br. Bolivia Oriental,4,2,6,DG 86A - KR 103C,853d6647-11c0-4eee-9de5-45b56d0580fa
"-74,10823175","4,717604272",13029,331A04,Bochica IV Etapa,4,2,6,DG 86A - KR 101,0afc5a45-a7ee-4856-91b7-8c3578ada21c
"-74,089606","4,688664",13030,183A04,PARQUE BONANZA,4,2,6,CL 75 - KR 70C,9379205f-df67-4017-976f-579bf9452bb9
"-74,11478838","4,56096701",13031,282A12,Br. Zarazota I,4,2,6,TV 9A - CL 48F Bis Sur,d2928f7a-51b0-44d8-9143-4d83d831387f
"-74,11378809","4,561172601",13032,397A12,Br. Zarazota I,4,2,6,CL 48D Sur - KR 9 Bis A,0a0e43fb-e5f7-4f6f-99c6-23bbf4033e46
"-74,10685628","4,55622666",13033,296A12,Br. Príncipe de Bochica,4,2,6,TV 3 - CL 48I BIS Sur,8c1976a5-535c-48c5-ae8a-39c7eecc9638
"-74,10812684","4,555619503",13034,294A12,Br. Los Molinos I Sector,4,2,6,TV 5A - CL 48K Sur,87fa2b38-b16d-47f2-bec7-6664c554e99b
"-74,07568056","4,73987954",13035,472A03,Casablanca I,4,2,6,KR 80 - CL 146F,3d6f6ddb-d8dc-42e0-ab30-d00da5f4bbb3
"-74,10662228","4,556237659",13036,297A12,Br. Cerros de Occidente,4,2,6,TV 3 - 48I Bis Sur,55d6511e-4caa-4427-a146-0fccacf35291
"-74,13888598","4,579153142",13037,330A10,Br. San Vicente Ferrer,4,2,6,KR 28 - CL 53BS,a2a665d8-4ee4-42dc-aea2-b4aab400b21a
"-74,09394346","4,689822753",13038,202A04,Centro Médico CRUZ BLANCA,4,2,6,CL 74 - AV. Boyacá,00b2544e-3ddd-4bbe-8e79-f742e4fcc7e1
"-74,0796169","4,56970577",13039,264A13,IED San Cristóbal Sur,4,2,6,KR 10D Este - CL 17 B Sur,758e3133-6bfd-495e-af0c-74f9ae275f67
"-74,08422711","4,56838181",13040,430A13,Barrio San Blas,4,2,6,CL 20 Sur - KR 3 D E,1f8a9763-a858-41dd-bec0-22404d88775d
"-74,207319","4,622926",13041,548A09,Colegio Kimy Pernía Domicó,4,2,6,KR 89B - CL 82 Sur,f00c9bf9-0fc6-4cbb-a256-ce1650732e00
"-74,205925","4,622504",13042,549A09,Br. San Bernardino Potreritos,4,2,6,CL 80 Sur - KR 89Bis,fb364671-9cf5-4c71-bc7f-d3a4d755d12a
"-74,20589395","4,62219502",13043,550A09,Br. San Bernardino Potreritos,4,2,6,CL 80 Sur - KR 88J,a427cde7-9108-4027-a8fe-0d51bba192fa
"-74,197791","4,623399",13044,257A09,Br. El Rincón de Bosa,4,2,6,KR 88C - CL 71ABis Sur,b572c570-7637-4586-92ad-9ec08f311b42
"-74,19739874","4,603731323",13045,484A09,Br. José María Carbonell,4,2,6,KR 78C - CL 72 Sur,5cf733e4-76f6-4323-8ee7-f3f70375f52f
"-74,19732015","4,603624484",13046,485A09,Br. José María Carbonell,4,2,6,KR 78C - CL 72 Sur,3a53a7e0-efce-4c75-a8fc-bc121dd85b0e
"-74,19666727","4,622401114",13047,264A09,Br. Diamante Sur,4,2,6,CL 70 Sur - KR 87K,130ecd1f-ceb3-4cbe-af48-906710bfe1ce
"-74,19619695","4,612238565",13048,197A09,Br. Humberlo Valencia II Sector,4,2,6,CL 72A Sur - KR 81H,5d927f71-4412-4d8f-959d-2947ad3088c3
"-74,19616096","4,610613551",13049,195A09,Br. Humberto Valencia,4,2,6,DG 72 Sur - KR 81,60ea99d6-7116-4556-ac4d-e58548e3b365
"-74,19612495","4,612293565",13050,198A09,Br. Humberlo Valencia II Sector,4,2,6,CL 72A Sur - KR 81H,7ae7d319-df68-4dd1-8c09-80ced96d3bd5
"-74,19608795","4,61053455",13051,196A09,Br. Humberto Valencia,4,2,6,DG 72 Sur - KR 81,62949c27-f3aa-45f7-b466-9f26fe778f4f
"-74,19498058","4,601988711",13052,482A09,Br. José María Carbonell,4,2,6,CL 71A Sur - KR 78A,83a8371b-e31f-455b-8f5c-b092b8417d53
"-74,19475802","4,612806811",13053,201A09,Br. La Palestina I,4,2,6,KR 82 A - CL 70B Sur,9734739f-37e7-4048-b041-e6ea2831a3ea
"-74,19466012","4,610756427",13054,199A09,Br. Humberto Valencia,4,2,6,CL 71A Sur - KR 81B,2e4d5e47-5e41-437f-b263-a7400544a4b4
"-74,18926194","4,637294105",13055,145A08,Br. Villa Esmeralda,4,2,6,KR 95A - CL 54 Sur,fd239d3b-008e-4a13-921f-dba550b4556f
"-74,18904655","4,637183302",13056,146A08,Br. Villa Esmeralda,4,2,6,KR 95A - CL 54 Sur,7a2ad656-24f3-42fe-86db-cd09e2328ff7
"-74,188185","4,626901",13057,277A08,Br. Holanda Sector Caminito,4,2,6,CL 57 Sur - KR 87K,c9cd17af-0e85-4f03-9731-626435e12f76
"-74,187679","4,6264",13058,278A08,Br. Hortelanos de Escocia,4,2,6,CL 57 Sur - KR 87J,a02a784f-0da0-4b8b-8725-920b49f2587a
"-74,18802627","4,642828582",13059,572A08,Parcela El Porvenir,4,2,6,CL 52 Sur - KR 99,692ca849-0d61-4078-aeb7-b5c30721791d
"-74,18750071","4,619752981",13060,291A09,Br. Bosalinda - Hildebrando Olarte,4,2,6,CL 59B Sur - KR 86,968a969d-8513-4164-8fd4-edb8cfe244bd
"-74,18664629","4,640065958",13061,578A08,Parcela El Porvenir,4,2,6,CL 52 Sur - KR 97,e394c838-49c3-4bdb-9bcc-8df01fbda69c
"-74,186449","4,624755",13062,368A08,Br. Villa Nora II,4,2,6,CL 57 Sur - KR 87D,eea6a948-bce1-4bc7-bbe4-b6a0f4bf67f1
"-74,18640944","4,638732298",13063,087A08,Br. Parcela El Porvenir,4,2,6,KR 95A - CL 52 Sur,b8a1c2ca-10b0-4eed-9e8c-7c16ee40b40f
"-74,18607644","4,643089394",13064,518A08,Br. Porvenir Reservado,4,2,6,CL 50 Sur - KR 98B,cbd3729d-f025-4cb3-a6a8-767ffd77ab6c
"-74,18582305","4,638204163",13065,604A08,Condominios del Porvenir,4,2,6,CL 52 Sur - KR 93D,1f7d8fcf-7022-4a31-8688-628a90cf69dd
"-74,18574321","4,638855886",13066,088A08,Br. Osorio X,4,2,6,KR 95A - CL 50B Sur,f3ce0a03-aeae-4367-bd23-e1238b4517bb
"-74,18509667","4,641120377",13067,300A08,Br. Osorio Diez,4,2,6,CL 50 Sur - KR 97,d44f48f2-3b7b-4622-bda6-a77bae047aac
"-74,18502247","4,641620634",13068,301A08,Br. Osorio Diez,4,2,6,KR 97C - CL 50 Sur,5aece13c-be6d-4a82-b31d-5de173cd6613
"-74,18479826","4,636157552",13069,295A08,Parcela El Porvenir,4,2,6,CL 52 Sur - KR 92A,bd091928-c00e-4c66-90f3-d6e55df02e3c
"-74,18399348","4,63985538",13070,086A08,Br. Osorio X,4,2,6,KR 95A - CL 49C Sur,33922e21-10c4-487d-b631-239f083f43e7
"-74,18292032","4,640857894",13071,365A08,Pq. Metropolitano el Porvenir,4,2,6,CL 49 Sur - KR 95A,7b27baea-3502-40fa-8122-55f14ea98a76
"-74,17945274","4,578877862",13072,207A10,Br. Santo Domingo,4,2,6,CL 68B Sur - KR 77B,51badd24-4c85-409f-a483-4f138a977dec
"-74,17637681","4,609248982",13073,298A09,Br. El Rubí de Kennedy,4,2,6,KR 79 - CL 57I Sur,1f0cb2c4-5cce-40ed-9ffe-5e8ca0f6c732
"-74,17550355","4,607726754",13074,297A09,Br. El Rubí II,4,2,6,CL 58 Sur - KR 78J,f9fee367-dc05-455e-8848-1b02339b9e18
"-74,17408908","4,59446856",13075,372A10,Br. La Estancia,4,2,6,DG 57 Sur - KR 74D,08de75da-a617-4dfd-abbb-e4f52757dfc9
"-74,17332609","4,611072231",13076,335A09,Br. Roma - Bertha Hernández de Ospina,4,2,6,CL 56A Sur - KR 78N,0239c37d-eeb5-41fe-b785-52bbbe4b2825
"-74,17305219","4,639643576",13077,389A08,Br. Las Brisas,4,2,6,CL 42A Sur - KR 90D,fbd48db2-fb17-44d4-8bfc-84e10b626d38
"-74,17302636","4,608471451",13078,316A09,Br. Roma,4,2,6,KR 78H - CL 57B-20 Sur,ff036c70-de1c-4271-8dff-a804ff9a039d
"-74,17277713","4,622290539",13079,239A08,Hsp. del Sur Britalia,4,2,6,CL 49 Sur - KR 81D Sur,08e9face-a261-466b-8c78-8fad41e30846
"-74,17272546","4,593445998",13080,385A10,Br. La Estancia,4,2,6,KR 74 - CL 58C Sur,918adfe8-b0ba-4221-9ab7-268b58e33a72
"-74,17266219","4,608358419",13081,321A09,Br. Roma,4,2,6,CL 57A Sur - KR 78F,45a26be5-216f-4cd3-9478-328f02da8a39
"-74,17266087","4,62225418",13082,238A08,Hsp. del Sur Britalia,4,2,6,CL 49 Sur - KR 81D,0b45c33d-7141-4dc7-a4d9-fa9f724d01eb
"-74,17223628","4,58771424",13083,178A10,Br. Rincón de Galicia Dg 62H Sur,4,2,6,TV 73J - DG 62H Sur,80444b7b-7979-4b6b-9474-460c21055794
"-74,17191422","4,651712176",13084,602A08,Br. Tierra Buena I,4,2,6,KR 99A - CL 26 Sur,709c9e9e-3571-4fa1-9d47-401fce35da67
"-74,17185937","4,651901613",13085,601A08,Br. Tierra Buena I,4,2,6,KR 99A - CL 26 Sur,cccd9a90-f76d-4c9e-8100-6b310b984ea0
"-74,17179899","4,64961063",13086,510A08,Tierra Buena,4,2,6,KR 97F - CL 34 Bis Sur,4bad322e-5e38-493f-a244-477cb20e96d4
"-74,17161285","4,623857792",13087,340A08,Br. Gran Britalia,4,2,6,KR 81H - CL 46 Sur,a4e41b90-c322-47b2-90cf-f2e219ed2ce1
"-74,17152139","4,638211869",13088,391A08,Br. Las Brisas,4,2,6,KR 89C - CL 42 Sur,c36263c4-5723-4d4b-87f8-71a4f2cf1f7c
"-74,17150943","4,641235854",13089,528A08,Ciudad de Cali,4,2,6,KR 91A - CL 40A Sur,fd56b997-c518-49e5-8a8e-a2efaa75f8ca
"-74,17118607","4,591672097",13090,381A10,Br. Galicia,4,2,6,CL 60 Sur - KR 73F,3ed1cb8d-29f8-4a01-bde0-e63cdea9c8e4
"-74,17117605","4,624431064",13091,347A08,CAI Britalia,4,2,6,KR 81H - CL 45 Bis Sur,692e0bf6-d596-4606-9caf-0c4b0187924d
"-74,1704204","4,591644755",13092,384A10,Br. Galicia,4,2,6,CL 60 A Sur - KR 73,c5ac8f50-7645-461b-af3d-06e8c4a3d9db
"-74,17041853","4,587256159",13093,186A10,Pq. Perdomo,4,2,6,DG 62G Sur - KR 73,69d669a9-e256-4ea7-8945-985d698620f2
"-74,17041158","4,63466502",13094,360A08,Br. Dindalito I Etapa,4,2,6,CL 42A Sur - KR 87D,79fa2c28-94f9-46ba-9b0a-c60c9bafe6fa
"-74,17038286","4,604458711",13095,325A09,Br. Catalina II,4,2,6,KR 77H - CL 54D Sur,dbbf773f-b441-43e6-9bc1-74ef6e7a064b
"-74,17027493","4,648118749",13096,418A08,Br. Los Pantanos,4,2,6,CL 34A Bis Sur - KR 95A,95c87c2b-3527-436f-85a5-1264dc9530ea
"-74,17024195","4,604608931",13097,324A09,Br. Catalina II,4,2,6,KR 77H - CL 45D Sur,e30f40cd-3e7e-4e30-b6ea-178356e617a9
"-74,17020595","4,642722702",13098,530A08,Br. el Paraíso,4,2,6,CL 38C Sur - KR 91C,92c4a4e7-db1c-4da8-b52a-d82f82c42979
"-74,16970264","4,649941623",13099,303A08,Br. Osorio,4,2,6,CL 26 Sur - KR 95A,d3da94fb-5fa5-4a7a-af2f-9c326faf3546
"-74,16965909","4,648198616",13100,419A08,Urb. Los Condominios,4,2,6,CL 34 Bis Sur - KR 95A,ce902983-a354-4bb6-97a8-5699ba48dc6f
"-74,1690857","4,565432563",13101,155A11,Br. Arborizadora Alta,4,2,6,CL 79 Sur - TV 35A,bc5e5a66-e60b-4139-ab53-bf709853b2b9
"-74,16858994","4,639895248",13102,397A08,Br. El Paraíso Bosa,4,2,6,KR 89C - CL 38B Sur,152b4d12-301d-4f7d-8702-51af6c7afa7c
"-74,16856735","4,567063576",13103,161A11,Br. Jerusalén Potosí,4,2,6,KR 40 - CL 78 BIS Sur,26d10ad5-fa73-40f3-99d9-17c95bfafee5
"-74,16832116","4,630927729",13104,335A08,C.C. Milenio Plaza,4,2,6,CL 42A Sur - AV. C. de Cali,fb222267-d649-49cc-b33a-0d55c5ba4c19
"-74,16787644","4,640259423",13105,398A08,IEDIT Rodrigo de Triana,4,2,6,KR 89C - CL 38B Sur,a743dfb1-ffbf-41bd-a2cb-1ffcea420d55
"-74,16773775","4,611041787",13106,344A09,Br. Catalina,4,2,6,KR 78G - CL 51 Bis Sur,e8d611cc-633d-4fbc-88b0-05e3ad2f2ba2
"-74,16734419","4,564514764",13107,158A11,Br. Arborizadora Alta,4,2,6,TV 34 - CL 75 A Sur,ee482206-505e-4a21-a4f8-0089f0b4c4d9
"-74,16725722","4,69631447",13108,214A06,Prados de la Alameda,4,2,6,CL 17D - KR 135,a7863111-a356-40d4-8a1d-080cd67df2a8
"-74,16686222","4,567427714",13109,163A11,Br. Jerusalén las Brisas,4,2,6,KR 40 - CL 76 Sur,7a848b03-9f83-408a-a9ca-f5adaa283cfb
"-74,16613539","4,608546186",13110,372A09,Br. Perpetuo Socorro,4,2,6,CL 49 Sur - KR 77T,063abc23-396c-446c-b4c8-628d43a8ddff
"-74,16611767","4,611564503",13111,374A09,IED Villa Rica Sede B,4,2,6,CL 49S - KR 78,c23af4d6-813b-48af-8c06-4eb10a0a4115
"-74,1656279","4,616856364",13112,315A08,Br. El Descanso Nuevo Kennedy,4,2,6,CL 45 Sur - KR 78N Bis,ab2d8bf8-18dd-49b2-aa9a-afcb30c579db
"-74,16562757","4,617061186",13113,316A08,SENA,4,2,6,CL 45 Sur - KR 78P,f17a68fe-b1c1-473d-80bf-8be8c1076533
"-74,16478464","4,567509487",13114,178A11,Br. Arborizadora Alta,4,2,6,DG 74A Sur - TV 36B,285dc8ff-2f55-4904-aef7-85990fbd988c
"-74,16472559","4,683381609",13115,292A07,Urb. La Estancia,4,2,6,KR 123 - CL 15,f6009e36-bf60-48b5-802d-b2f9ef01a521
"-74,16465266","4,564957139",13116,177A11,Br. Arborizadora Alta,4,2,6,DG 73 BIS Sur - TV 36B,1f63d431-a512-42a5-9c10-ba50d0bd48b2
"-74,16442255","4,643297889",13117,455A08,Colegio Calandaima,4,2,6,CL 26 Sur - KR 89C-39,6f0434e5-7b87-436f-ba36-d0d6587d6e80
"-74,16422714","4,613863402",13118,377A09,Br. Pastranita II Sector,4,2,6,CL 45 Sur - KR 78G,6387afcb-a670-4284-baa4-0d4f65d71304
"-74,16418337","4,613938865",13119,378A09,Br. Vasconia II,4,2,6,CL 45 Sur - KR 78G,acc0b04b-c273-40c4-b0c9-0e25d5036441
"-74,1641302","4,549159872",13120,123A11,Br. El Paraíso,4,2,6,DG 72A Sur - KR 27P,228e8966-52f1-4002-8825-3b7de47ade25
"-74,16397348","4,639105649",13121,433A08,Liceo San Juan Gabriel Perboyre,4,2,6,KR 87I - CL 37 Sur,612629c8-8933-4eca-b55a-8dc1e03af5d5
"-74,16381646","4,642177833",13122,060A08,Campo Hermoso,4,2,6,AV. Tintal - CL 26 Sur,4176e9af-163b-425e-81c8-6572482cbf5c
"-74,16334424","4,641986809",13123,304A08,Br. El Patio III Sector,4,2,6,CL 26 Sur - KR 88F Bis,f0107965-51c4-47b7-aad1-bb2e5d399c80
"-74,16318433","4,650570595",13124,357A07,Altos de Tintalá II,4,2,6,KR 93D - CL 6,30087ac8-6d70-40be-bdac-9fb025d20d97
"-74,16303929","4,64066297",13125,438A08,Liceo Jefferson,4,2,6,KR 87I - CL 33 Sur,f63ef7a5-aa2c-4a82-9f49-a7c291c4a143
"-74,16260521","4,636910641",13126,443A08,Patio Bonito,4,2,6,KR 86F - CL 35B Sur,ad9bbce9-733f-4762-a856-0c1faae01e59
"-74,16256847","4,651040539",13127,358A07,Ciudad Tintal II Etapa 5,4,2,6,KR 93D - CL 6,e097bbc3-ff49-43fb-913d-a58c186df20a
"-74,16252573","4,634448484",13128,067A08,Br. El Saucedal,4,2,6,DG 38 Sur - KR 85,d58e68f5-0851-4348-b754-5993bbfb4e28
"-74,16251981","4,642340114",13129,458A08,Colegio Darío Echandía,4,2,6,CL 5A Sur - KR 88D,865ba2be-7165-4dde-b146-c81036f40dee
"-74,16244576","4,636917954",13130,442A08,Patio Bonito,4,2,6,KR 86F - CL 34A Sur,c94d2e39-86a4-44e6-8b25-68aa58b56e62
"-74,16217184","4,608859014",13131,521A09,Lago Timiza II Etapa,4,2,6,KR 77 Q - CL 46 Sur,1fdae97a-2411-41dc-a1fd-41a68be8d629
"-74,16206661","4,608948222",13132,502A09,Br. Timiza B,4,2,6,CL 45 Sur - KR 77Q,38f24470-8e8a-4e2d-b119-b910c281956a
"-74,16104785","4,640563743",13133,447A08,IED Patio Bonito I,4,2,6,CL 5A Sur - KR 87D,bedade79-9289-4238-bf20-e0c09df4252c
"-74,1610211","4,548456851",13134,127A11,Br. Nueva Esperanza,4,2,6,CL 71P Sur - KR 27B Sur,6e82c676-412c-490a-9950-fb43fd7cd47a
"-74,16100609","4,548536852",13135,128A11,Br. El Mirador,4,2,6,CL 71P Sur - KR 27B,2ba662f0-7b8f-4ca6-9ea5-83d28148cea1
"-74,16081302","4,639127524",13136,445A08,CAI Patio Bonito,4,2,6,KR 87 - CL 6 Sur,95d33d0a-b266-4ce2-a5c4-851e6c15f5bc
"-74,16075684","4,639074284",13137,448A08,CAI Patio Bonito,4,2,6,KR 87 - CL 6 Sur,c867621d-669c-4f0b-b8a3-12106aaa43e1
"-74,16010915","4,686608874",13138,230A07,Br.  El Charco,4,2,6,KR 123 - AV. Centenario,ef4dc1a2-7466-48b2-a1b4-983223ef0991
"-74,15926182","4,572074188",13139,124A10,Br. Jerusalén Bellavista,4,2,6,KR 46A - CL 69I Sur,72fa0860-1dc7-4219-b6b0-82add1b4c008
"-74,15921889","4,571982919",13140,125A10,Br. Manuela Beltrán,4,2,6,KR 46A - CL 69GBis Sur,45a97278-8378-4b58-bd3f-441b73c9edf1
"-74,15855653","4,618331119",13141,425A08,SENA Kennedy Centro de Desarrollo,4,2,6,TV 78J - CL 41C Sur,911657d4-b3de-4c7f-a1b5-c0ca7b5d0d0d
"-74,15826776","4,570837851",13142,212A11,Br. Manuela Beltrán,4,2,6,KR 45 - CL 69I Sur,a769a1cc-7f61-45c7-b4ec-b60f62c658fb
"-74,15823416","4,570687546",13143,213A11,Br. Arborizadora Alta Kr 45,4,2,6,KR 45 - CL 69I Sur,a7559fc4-33b6-474b-937c-ebb2089c6db1
"-74,15760286","4,592181392",13144,231A10,Br. Madelena,4,2,6,KR 67 - CL 60A-18 Sur,f560e1cf-33a1-4889-955e-9343cdb65370
"-74,158234","4,651178",13145,151A07,Br. Tintala,4,2,6,CL 6D X AK 89,a6336d92-d40e-4089-86d9-985e2e161dd9
"-74,15615198","4,591628897",13146,306A10,Br. Madelena,4,2,6,CL 61 Sur - KR 65,2f71ca04-7988-4efa-ae26-a554e437ffa8
"-74,1560223","4,594848595",13147,308A10,Br. Madelena,4,2,6,CL 58 Sur - KR 65,98cb7578-5c00-423b-bf8b-9dc7a8a0b95a
"-74,15598024","4,545767496",13148,141A11,Br. Brisas Del Volador,4,2,6,TV 23A - CL 74 Sur,2be668ae-eb1d-4c66-bbb4-c377f057679e
"-74,15596466","4,621034653",13149,193A08,Br. Ciudad Kennedy Supermanzana 8,4,2,6,KR 78K - CL 40 Sur,54ab764b-aeab-4ad0-939b-502221c74ec2
"-74,15596214","4,616871168",13150,546A08,IED Tom Adams,4,2,6,CL 41 Sur - TV 74F,8c5528ce-f43c-423b-a925-d37f42b10042
"-74,15592394","4,545952806",13151,142A11,Br. Brisas Del Volador,4,2,6,TV 23A - CL 70I Bis Sur,c2a2f2d9-5e31-4db6-ad59-99a6d97bd6af
"-74,15588173","4,592955306",13152,307A10,Br. Madelena,4,2,6,KR 65 - CL 60 Sur,331837db-9f6f-45a7-b25d-4224ddb0f8d4
"-74,15573397","4,539060746",13153,133A11,Br. Cordillera del Sur,4,2,6,DG 77 Sur - KR 25,66a14b85-4119-4527-9328-3ed7aa786478
"-74,15571499","4,541705948",13154,135A11,Br. Los Alpes Sur,4,2,6,KR 26 - CL 75Bis Sur,2b08171e-a7da-45b0-bc9f-18366bc43bc8
"-74,15563396","4,539189747",13155,134A11,Br. Cordillera del Sur,4,2,6,DG 77 Sur - KR 25A,36bb8c79-4b02-4415-a226-09d135c81d7f
"-74,15561987","4,541982745",13156,136A11,Br. Los Alpes Sur,4,2,6,KR 26 - CL 74C Sur,6bac6515-2a33-4c7b-9064-ddfb0e40562d
"-74,15559747","4,543975613",13157,576A11,Br. Tabor Altaloma,4,2,6,KR 26 - CL 71 A Sur,6fa1ce7f-bf97-40e1-991e-06e840ac52b5
"-74,1553901","4,543690591",13158,575A11,Br. Los Alpes,4,2,6,KR 26 - CL 73 Sur,93af095f-0c6d-4674-b462-a5dc75352681
"-74,15155722","4,675631488",13159,359A06,Urb Portal Del Centenario Tv  107 A,4,2,6,TV 107A - DG 16B,979c53bb-e893-427a-aa54-5732b8ef1014
"-74,15117743","4,689994063",13160,410A06,Br. Brisas Aldea,4,2,6,CL 22G - KR 119,f053a088-bcdf-47f2-a2e9-2bfc35c0db88
"-74,15072102","4,611389552",13161,398A09,Br. Timiza A,4,2,6,CL 40C Sur - KR 72P Bis,3faae1df-24e1-436e-89d8-b2a8f9289b92
"-74,19233242","4,599600912",13162,159A09,Br. Pablo VI,4,2,6,KR 77J - CL 70B Sur,2bb1b431-cf85-4a47-a156-5a94bedd45b5
"-74,18998402","4,599063634",13163,273A09,Br. La Estación,4,2,6,KR 77J - CL 69B Sur,e7d117b6-5cf9-4d66-973f-176de9cbe52b
"-74,1848339","4,59824818",13164,163A09,Br. San Pablo II Sector,4,2,6,KR 77J - CL 65G Sur,2f06c36a-0ba6-488d-850b-60b07b52f47c
"-74,15003178","4,677496751",13165,358A06,El Carmen Fontibón,4,2,6,KR 107A - CL 17,aa5504ac-6a68-431a-89a4-7eadf10b430f
"-74,149976","4,569096",13166,343A11,Br. Candelaria La Nueva,4,2,6,CL 64 Sur - KR 29,36fe63a7-b221-4289-a28e-ab616c17fc56
"-74,149705","4,569036",13167,344A11,Br. Candelaria La Nueva,4,2,6,CL 64 Sur - KR 29,ed758bda-f78f-4495-9ef1-6185e4d55794
"-74,172696","4,645011",13168,531A08,CED Cafam Bellavista,4,2,6,KR 94C - CL 39 Sur,8443cae4-4941-47f5-a5a9-0d7fb0860643
"-74,16051638","4,693963097",13169,056A06,Brisas Aldea Fontibon,4,2,6,AK 129 - CL 18A,0e77a800-51a2-4765-ab21-edcd259ca53a
"-74,14957127","4,675070354",13170,372A06,Br. El Carmen Fontibón,4,2,6,KR 105 - CL 16I,55616e34-44df-4cb1-8fa0-60f60e3472d9
"-74,14898812","4,691893788",13171,253A06,Br. El Refugio - La Zelfita,4,2,6,CL 23B - KR 119,56de2044-8de4-4b76-982e-bd751d259999
"-74,16044738","4,693840096",13172,057A06,Br. Brisas Aldea Fontibon,4,2,6,AK 129 - CL 18A,773e11a5-6656-435c-9f21-1373dd8abdcb
"-74,14874746","4,603775449",13173,540A09,Br. La Alejandra,4,2,6,KR 72I - CL 42F Sur,842fd921-5022-448a-8f6d-2b1a2441c4a7
"-74,148661","4,538317248",13174,232A11,Br. El Tesoro,4,2,6,KR 18I - CL 78C Sur,a8cf6fed-724d-4a21-8f41-9a4d9ffaec51
"-74,14861504","4,538383381",13175,235A11,Br. El Tesoro,4,2,6,KR 18I - CL 78C Sur,72c1b6a7-9774-481b-9302-909f670c4a50
"-74,14832976","4,677453605",13176,241A06,Br. Belén Fontibón,4,2,6,AK 106 - CL 17B,5487e4b8-312b-4694-82ec-63977805ab9c
"-74,14822747","4,540016296",13177,239A11,Br. Naciones Unidas,4,2,6,TV 18H - DG 77A Sur,75fbe6c5-04bd-43b2-a3d0-982094586694
"-74,14816166","4,540020935",13178,238A11,Br. El Tesoro,4,2,6,TV 18H - DG 77A Sur,43486b2f-a9d3-4635-b759-4e938fee5da4
"-74,14736007","4,684174895",13179,083A06,Br. Versalles Fontibón,4,2,6,KR 111A - CL 22D BIS,cf1c2803-0e80-4ef7-8ad0-66e11d6dbb5e
"-74,14766019","4,629061918",13180,486A08,Gimnasio Militar Fuerza Aérea Colombiana,4,2,6,CL 3 - KR 78 K,828c1abc-9f49-4813-9d02-ce6e5a4b1a82
"-74,14752174","4,536441905",13181,233A11,Br. El Tesoro,4,2,6,KR 18H - CL 80B Sur,398c3884-e5b3-4931-8f86-f7365829de2c
"-74,1474911","4,69031353",13182,293A06,Br. El Refugio - La Zelfita,4,2,6,CL 23B - KR 116C,5c70cdc4-4f3a-484e-8765-1791e5be1cce
"-74,14720651","4,685883062",13183,302A06,Br. Atahualpa,4,2,6,CL 22I - KR 112A,3761c9e5-00bc-46e9-8a6f-d7aaf079cd5b
"-74,14721052","4,536050342",13184,234A11,Br. Arabia,4,2,6,KR 18H - CL 80B Sur,b7393f9b-a2ed-42fd-80fb-b9271becf4a1
"-74,14705113","4,533537837",13185,229A11,Br. Arabia,4,2,6,KR 18G - CL 81G,0c265b97-1b52-40e3-b51f-eb80fcbb3027
"-74,1502002","4,68862758",13186,250A06,Br. LA ALDEA,4,2,6,CL 22G - KR 117A,ad520bbf-8da3-49ea-929c-d4a805631e6c
"-74,14692207","4,53331935",13187,228A11,Br. Arabia,4,2,6,KR 18G - CL 81G,6ad61f69-d119-4e3e-80de-a8f792d01518
"-74,14691752","4,676842895",13188,309A06,SANTA ANA,4,2,6,CL 18 - Kr104B,5ab74f09-284c-4e15-9701-38ce82e45f36
"-74,14663273","4,689231519",13189,294A06,Parque Zonal Atahualpa,4,2,6,CL 23B - KR 114A,2e171510-bb71-4d02-a3ee-ef95ab25b533
"-74,14657436","4,604615261",13190,539A09,Br. Renania Urapanes,4,2,6,CL 42B Sur - KR 72G,a3f7a14d-6098-4a4b-86b3-47dea874ab99
"-74,1464596","4,514216274",13191,484A11,Cerámicas Granito,4,2,6,"Vía Mochuelo Bajo - Km 4,3",7b354b07-15b5-4356-9380-2f6aeee4551d
"-74,1464103","4,514238421",13192,485A11,Cerámicas Granito,4,2,6,"Vía Mochuelo Bajo - Km 4,3",2d8d075f-7b50-4225-bee9-24835b02a4a5
"-74,14639563","4,627752679",13193,488A08,Urbanización Techo,4,2,6,CL 3 - KR 78 B,e8561cdd-71e5-4850-9c6d-7a9f4fad367d
"-74,14621198","4,681922539",13194,082A06,Br. Belén Fontibón,4,2,6,AC 22 - KR 108,21b88b66-045b-43e7-95df-9e7303b7e6df
"-74,14618571","4,561076846",13195,531A11,Br. San Francisco II Sector,4,2,6,CL 65 Sur - KR 19D,a51b6b37-b2f0-4df7-8050-510bcb52724f
"-74,14615918","4,639568559",13196,166A07,Parque Castilla,4,2,6,AV. A. Mejía - CL 7C,12d13b30-87bc-49fe-8021-9a7bad98eea2
"-74,14608383","4,608723277",13197,590A09,Br. Carimagua I Sector,4,2,6,CL 39B Sur - KR 72I,cc668971-81a3-4875-b5e6-c6a842e44849
"-74,14607369","4,615011913",13198,586A09,Br. Lucerna,4,2,6,CL 38 Sur - KR 72N,6f4ceef2-909c-4c11-bc61-738c6e526d8f
"-74,14601098","4,6792869",13199,244A06,Urb. Boston,4,2,6,AK 106 - CL 20,2ce5cdc6-579d-45d1-b845-e12b3232c00e
"-74,14589629","4,675523146",13200,310A06,Registraduría Auxiliar Fontibón,4,2,6,CL 18 - KR 103,9ed32861-df47-4c06-b789-47c207bdf987
"-74,1455917","4,520118058",13201,483A11,Ladrillera La Pirámide,4,2,6,"Vía Mochuelo Bajo - Km 3,5",79491357-32ae-4f25-ad9a-8d88bdccce93
"-74,14555624","4,569163598",13202,348A11,Br. Protecho Bogotá II,4,2,6,KR 22G - CL 60A Sur,75e46dff-a205-4cec-a792-c9082fd16585
"-74,14553619","4,519878952",13203,486A11,Ladrillera La Pirámide,4,2,6,"Vía Mochuelo Bajo - Km 3,5",3488b6ed-6398-4147-89c6-779b0814cf61
"-74,1451241","4,539091733",13204,548A11,Br. Cedritos del Sur II,4,2,6,DG 77A Sur - KR 18C,210daf32-6593-40f8-920d-ca09a8adfb0e
"-74,14510774","4,637698392",13205,202A07,Parque Castilla,4,2,6,CL 7A Bis C - KR 78G,0959ac38-541e-4926-b1ba-69651f3231f0
"-74,14505806","4,688146949",13206,219A06,Br. Versalles,4,2,6,KR 113 - CL 23C,a308175f-32fd-4f71-ab34-f6e40237d83a
"-74,14493744","4,538704366",13207,246A11,Br. El Tesoro,4,2,6,KR 18C - 78A Sur,928875fa-3a61-4c89-af3f-f9af9604e8eb
"-74,14492594","4,680299903",13208,312A06,Br. El Jordán Sector II,4,2,6,AK 106 - CL 22,7bdaa77b-5d83-49d0-994d-0631ec615f62
"-74,14489394","4,680231903",13209,313A06,Br. Boston,4,2,6,AK 106 - CL 21,3f79db35-ddb7-468c-9af6-c7aa47662e4d
"-74,14473322","4,68261457",13210,245A06,Br. Versalles Fontibón,4,2,6,KR 108 - CL 22I,11d310bc-4f10-4d42-92db-f191d4ff4235
"-74,14459186","4,570750574",13211,350A11,Br. Protecho Bogotá II,4,2,6,KR 22G - CL 58B Sur,8318684d-8c91-4e96-aad3-36ec058a24cf
"-74,14436175","4,570890934",13212,349A11,Br. Protecho Bogotá II,4,2,6,KR 22G - CL 58A Sur,af255ecc-6e07-4888-8366-d1e30d6e0b1a
"-74,14427045","4,681798027",13213,246A06,Br. La Giralda,4,2,6,KR 107 - CL 22H,acf36fac-0356-4ecf-ab50-6967158369f3
"-74,14401408","4,645230597",13214,185A07,Br. Valladolid,4,2,6,KR 80C - CL 9,98ffa5fc-9133-4e7f-971d-e2bc6a23fede
"-74,14399182","4,612453603",13215,587A09,Br. Carvajal II,4,2,6,CL 38 Sur - KR 72J,dfd27c1a-1d62-40d8-a8a8-abeb33c5e723
"-74,13492","4,576543",13216,366A11,Br. Tunal Oriental,4,2,6,CL 52F Sur - KR 24A,c6b11224-9611-4b84-9d40-81565695a945
"-74,143701","4,544012915",13217,274A11,Br. Estrella del Sur,4,2,6,CL 73A Sur - KR 18A Bis,8e6109f8-9c21-4fd4-9095-ab642c35bb99
"-74,14367365","4,599959815",13218,408A09,Br. San Andrés,4,2,6,KR 68I - CL 43C Sur,8e8e412f-a7ed-4633-9327-58c46b913172
"-74,14325911","4,717571174",13219,072A05,Br. La Tortigua,4,2,6,CL 64 - KR 126A,b8f14464-b1da-4758-acc2-5359959ca69e
"-74,143157","4,717452",13220,073A05,Col. Tomas Alva Edison,4,2,6,CL 64 - KR 126A-34,e164375e-e0d3-4ff4-b296-f0166cb266f0
"-74,14310568","4,601184764",13221,594A09,Br. San Andrés,4,2,6,KR 68I - CL 43A Sur,a67a26af-9693-4621-8c95-a85038cc6ee3
"-74,14273474","4,522504245",13222,482A11,Ladrillera Los Mochuelos,4,2,6,Vía Mochuelo Bajo - Km 3,7a68566e-6838-45b8-af08-ca6778c67f92
"-74,1338203","4,668970558",13223,088A06,Br. El Tintal Central,4,2,6,AC 22 - KR 93,afd52b97-14c8-43dd-86e5-e2532e941b68
"-74,14261225","4,522477419",13224,487A11,Ladrillera Los Mochuelos,4,2,6,Vía Mochuelo Bajo - Km 3,f3d2e8c8-a709-4562-a104-964721a476b5
"-74,1426093","4,644632411",13225,188A07,Br. Castilla Real Ciudad Urbisa,4,2,6,CL 10 - KR 79,6016191a-d03d-46f7-aa0b-f9ad65ac97da
"-74,14249739","4,601670815",13226,622A09,Br. Providencia,4,2,6,CL 40 Sur - KR 68H Bis,00e0d9a7-d449-4ddd-a9cd-82acfe8acdf7
"-74,14246834","4,610584959",13227,588A09,Br. Carvajal II,4,2,6,CL 38 Sur - KR 72H,6e112ab5-8fb3-486b-a6ba-333b94cec54e
"-74,14238549","4,683642624",13228,259A06,Br. Versalles,4,2,6,KR 107 - CL 23,15e9a98e-d42f-443e-b539-fc13f687b7de
"-74,1421687","4,551643911",13229,522A11,Br. Lucero Sur Bajo,4,2,6,KR 17M - CL 66A Sur,96e43cee-5257-47d5-a356-4fcfb4606d90
"-74,14214365","4,53100334",13230,481A11,Ladrillos Sur,4,2,6,Vía Mochuelo Bajo - Km 2,724acbf3-37bc-4a2e-8d18-801b0c92af5d
"-74,14209887","4,551616492",13231,521A11,Br. Lucero Sur Bajo,4,2,6,KR 17M - CL 66A Sur,7bdc173e-c2f8-488b-8970-9cd77093a340
"-74,14198882","4,685424933",13232,316A06,Br. Versalles Fontibón,4,2,6,CL 23D - KR 108,26325b04-0f3a-400c-ad9e-d6df9abae50f
"-74,13359884","4,669416968",13233,089A06,Servisalud Capellanía,4,2,6,AC 22 - KR 92,5e48fa47-4285-4b27-a897-aed64d6a3e3b
"-74,14196993","4,530810693",13234,488A11,Ladrillos Sur,4,2,6,Vía Mochuelo Bajo - Km 2,87ef338e-e43b-43bb-8990-962f3e3cec6c
"-74,14181321","4,602741525",13235,425A09,Br. Villa Nueva,4,2,6,KR 68I - CL 39G Sur,bfc2caa7-766a-49f6-a87a-d01a6e571c62
"-74,12867226","4,664333804",13236,087A06,C.C. Baleares,4,2,6,AC 22 - KR 82,e27efbeb-6707-4ac7-a53b-56039075ef0c
"-74,14155045","4,549957772",13237,286A11,Br. Lucero Sur Bajo,4,2,6,DG 69 Sur - KR 17J,e10e7e8b-997a-4033-82ab-61518fdd4429
"-74,14150045","4,54975977",13238,285A11,Br. Lucero Sur Bajo,4,2,6,DG 69 Sur - KR 17J,b6baeff0-b0e4-43f0-a2f9-e78b890149f9
"-74,14125169","4,60104059",13239,411A09,Br. Villa Nueva,4,2,6,KR 68G - CL 39H Sur,6408e136-e4af-4098-80c2-8a5cadf3d161
"-74,12826277","4,663709113",13240,180A06,Br. Ciudad Hayuelos,4,2,6,AC 22 - KR 81,ffb8a1ee-d6d4-48bf-9518-bf952d53717c
"-74,12749864","4,66500831",13241,353A06,Br. Modelia Occidental,4,2,6,KR 82 - CL 22A Bis,9ef1bc69-fcd9-413e-b8bb-530b4a15be5e
"-74,14107298","4,642485067",13242,135A07,Br. Castilla Real,4,2,6,CL 10 - KR 79,6c91a174-67fd-4b57-a038-c816c8e20970
"-74,14045014","4,64444402",13243,194A07,Br. Castilla Real,4,2,6,KR 79 - CL 10,bf4fb76b-9b5d-4878-8d8d-0755dc16c1fd
"-74,14038767","4,675786269",13244,078A06,Centro Fontibón,4,2,6,AC 22 - KR 97B,1ec593d9-771e-4003-8797-a573c5567eb7
"-74,140375","4,641605",13245,191A07,Br. Bavaria Techo III,4,2,6,CL 9 - KR 78-31,e0f12c63-0d3c-45be-8278-1e852a7dff6a
"-74,13978926","4,60258841",13246,427A09,Br. Talavera,4,2,6,KR 68G  -  CL 39C Bis Sur,926725fa-0e9b-44c2-8dfd-5ea23a58b1bd
"-74,13961112","4,642562554",13247,379A07,Br. Villa Alsacia,4,2,6,KR 78 - CL 10,14921b92-0096-4872-a9bd-5164db80bafb
"-74,13958587","4,6029453",13248,426A09,Br. Villa Nueva,4,2,6,KR 68G - CL 39C Sur,b68bf4cd-777c-4227-bfe5-a7f70f181e03
"-74,13918325","4,646360306",13249,198A07,Br. Parques de Castilla 6,4,2,6,KR 79A- CL 11A,62fabae8-e44e-4a26-bad6-168971844895
"-74,13891739","4,646474004",13250,199A07,Br. Parques de Castilla 7,4,2,6,KR 79A - CL 11A,413059ce-45b1-4394-ad21-ac6f52aa3c98
"-74,126963","4,46954",13251,092A12,Centro Usme,4,2,6,KR 3 - CL 138A Sur,496fdbb7-4973-45b6-8ba4-a54855919b56
"-74,12633933","4,469735023",13252,093A12,Centro Usme,4,2,6,KR 3 - CL 138B Sur,0ce5dcf8-7169-466f-a310-95adbb5f7356
"-74,12554604","4,666759586",13253,352A06,Br. Modelia Occidental,4,2,6,KR 82 - CL 23B,bb2d6cc3-d235-45c1-9b17-d2580915260d
"-74,13816041","4,60225807",13254,430A09,Br. Alquería La Fragua,4,2,6,CL 39 Sur - KR 68D Bis,42d44e1c-a0cc-41b3-b471-33693fb52d21
"-74,13808112","4,60192009",13255,428A09,Br. Talavera,4,2,6,CL 39 Sur - KR 68D Bis,240d6186-0ff1-4b4f-8304-8e1a97647008
"-74,12553476","4,661961665",13256,354A06,Br. Capellanía,4,2,6,KR 80A BIS - CL 22A,0d4c60ff-5230-4061-913d-0e131f1cb683
"-74,12409913","4,663251765",13257,247A06,Br. Capellanía,4,2,6,KR 80ABIS - CL 22D,b2e0c2eb-ce5c-4fac-9738-4d5718aa3f56
"-74,12409838","4,471800847",13258,095A12,Plaza Central de Usme,4,2,6,KR 3 - CL 137 Sur,5cc2e7db-8344-4b49-8461-26d77d5e1883
"-74,12337428","4,668704763",13259,351A06,Br. Modelia Occidental,4,2,6,KR 82 - CL 23F,b76cb60d-8670-4e45-b9cf-82f915b66c12
"-74,1218275","4,664230618",13260,355A06,Br. Capellanía,4,2,6,KR 75 - CL 23B-62,72f1d182-cdff-45e3-b4f6-c97518aefeb1
"-74,13723382","4,648091935",13261,204A07,Br. Castilla Real,4,2,6,KR 79A - CL 11B Bis A,7b1a73c4-9b72-4217-bcbc-2f3559e3d3ad
"-74,12039103","4,66551497",13262,356A06,Br. Capellanía,4,2,6,KR 75 - CL 23G,f5797e18-fdbb-4aa1-b0f0-aaddb8feb4c2
"-74,13691307","4,672295343",13263,076A06,Br. Villemar,4,2,6,AC 22 - KR 96 C,a43f8067-cc9c-41ff-95d1-591da1579048
"-74,13675439","4,64865741",13264,203A07,Parque Industrial Alsacia,4,2,6,KR 79A - CL 11B Bis,146477f5-2a42-4b24-9acf-80b448376a21
"-74,13666632","4,603002259",13265,432A09,Br. Alquería La Fragua,4,2,6,KR 68 D - CL 38A Sur,e2290961-b4d2-4134-bfb6-534b1329e9d8
"-74,13633135","4,603618602",13266,431A09,Br. Salvador Allende,4,2,6,KR 68D - CL 38A Sur,221b9d7b-9b9d-4c6a-a4d4-de8a1fe6b382
"-74,1360913","4,671898791",13267,077A06,Subestación Eléctrica de Fontibón,4,2,6,AC 22 - KR 96A,8230879e-4d98-432c-b0be-3cb2fced9ed7
"-74,120135","4,622479",13268,210A07,Br. La Trinidad,4,2,6,KR 60 - CL 4C,e35e7382-f4d9-423f-a056-2049553d1309
"-74,13563555","4,650067611",13269,205A07,Ciudad Favidi,4,2,6,CL 13 - KR 79A,79b9f063-09ae-43bf-a789-daa4ef1e51cc
"-74,11892746","4,541979175",13270,124A12,Br. Danubio Azul,4,2,6,CL 56 Sur - KR 4P,0097fe91-9aaf-47ec-90ee-213cdfcfe388
"-74,11706176","4,640696721",13271,262A06,COLSUBSIDIO,4,2,6,AC 17 - AK 68,25d8e0bb-43bc-4326-b604-39cf3fdedc82
"-74,11676058","4,625015722",13272,255A07,Br. San Gabriel,4,2,6,CL 5A - KR 57,a6d2f077-a80a-4c50-be7f-be546ff1a676
"-74,11556386","4,623954439",13273,258A07,Colegio Nuestra Señora de la Salette,4,2,6,CL 5A - KR 55,25749a16-dfef-4a87-b96c-ccb587f27e3a
"-74,13291514","4,703748108",13274,240A05,Br. San Antonio Urbano,4,2,6,CL 64D - KR 111B,5e9dbbc4-beaa-47af-8d7e-9a6ac7c540fc
"-74,11495282","4,537974698",13275,328A12,Br. Danubio Azul,4,2,6,CL 56 Sur - KR 3B,0fd15cf8-e990-49f2-9665-342ef5523334
"-74,11361036","4,534503162",13276,331A12,Ciudadela Nuevo Milenio,4,2,6,CL 65 Sur - KR 1D Este,b4b5fa11-07c0-4101-9665-272482819644
"-74,13172649","4,622089695",13277,263A08,Br. Hipotecho Occidental II,4,2,6,CL 1 - KR 69F Bis,0a036a4d-9005-4519-8244-16082d2eda3c
"-74,11336104","4,534341548",13278,330A12,Br. Fiscala Alta,4,2,6,CL 65 Sur - KR 1F Este,e05dc1a2-1371-4cfb-8da3-fc7e16875cec
"-74,10994774","4,690956824",13279,305A05,PINAR DE LOS ALAMOS II,4,2,6,KR 87 - CL 67,dde06387-12d9-4122-8036-527a5f96e4ba
"-74,1083358","4,694279595",13280,339A05,Br. La Florida,4,2,6,CL 70A - KR 87,d6e787ae-50e5-402b-bfa6-9b1864857fb3
"-74,13070621","4,619820259",13281,607A08,Br. Hipotecho Occidental II,4,2,6,CL 3 Sur - KR 69C,35690846-73a3-4243-a632-feaa50bf084d
"-74,130417","4,741933",13282,246A03,Br. Santa Cecilia Rural,4,2,6,KR 160 - CL 136,c1550a32-f8a8-4e9a-ab0c-09665d031829
"-74,13051205","4,701884605",13283,237A05,Br. San Antonio Engativá,4,2,6,CL 64D - KR 110,ff75620a-5def-4f12-ad82-5caf066b6cd7
"-74,13049777","4,561967555",13284,355A11,Br. Tunjuelito,4,2,6,AK 16B - CL 57-22 / 38 Sur,3caf644d-32e5-43ef-aa39-1c5330513bef
"-74,13025893","4,70164813",13285,236A05,Br. San Antonio,4,2,6,CL 64D - KR 110,d4c61011-0b68-4394-becb-b75fc99d45bd
"-74,130392","4,741295",13286,245A03,Br. Santa Cecilia II,4,2,6,KR 160 - CL 134,86850580-495d-4236-b79a-6eb13f5d95b0
"-74,10541495","4,56908708",13287,314A12,Colegio Carmen Teresiano,4,2,6,KR 12 Bis - CL 34 Sur,8da66890-d71c-4d65-8487-417b4aaf523c
"-74,10505164","4,690013578",13288,333A05,PARQUE LA CLARITA,4,2,6,CL 69A - KR 81,f95f86c8-36ab-4c64-8c5c-c3976ec5ab12
"-74,12962581","4,602476162",13289,457A09,UPA 26 Alcalá Muzu,4,2,6,CL 37 Sur - KR 52,368fb0c4-b9b7-41b6-9676-f291e302aa04
"-74,12954081","4,602519936",13290,458A09,UPA 26 Alcalá Muzu,4,2,6,CL 37 Sur - KR 52,72ebc050-9542-4169-b538-c2e0ec994f29
"-74,12945806","4,740233668",13291,122A03,Br. Santa Cecilia I,4,2,6,CL 132D - KR 159,3c843e64-f0b4-4f5f-9199-cb62dc1d126d
"-74,12936984","4,621527763",13292,606A08,Br. Hipotecho Occidental II,4,2,6,KR 69A - CL 1 Sur,4d22027f-a34c-43ba-b6f1-60eb40766988
"-74,12920098","4,604776343",13293,461A09,Br. El Tejar,4,2,6,CL 33 Sur - KR 52A,8516d178-171a-4e06-91fe-c1aa9818e7a7
"-74,1291866","4,603627161",13294,459A09,Br. Alcalá,4,2,6,KR 52A - CL 34 Sur,8164ba9c-e814-43f0-8471-3bbda98e2142
"-74,12916804","4,604616912",13295,454A09,Br. El Tejar,4,2,6,CL 33 Sur - KR 52B,debdc90b-d53f-4cd8-a25d-59ad5e6eae80
"-74,12911511","4,742894367",13296,138A03,Br. Villa Cindy,4,2,6,KR 158 B - CL 136 D,ff9d33c7-228b-4a09-b51a-ca0d1d569dee
"-74,10325184","4,688572446",13297,335A05,IED CARLOS LLERAS,4,2,6,CL 69A - KR 77C,bafdbcfd-207b-4bef-81cf-8031916dc82a
"-74,12815646","4,576088288",13298,367A11,Tunal Sector I,4,2,6,DG 44 Sur - TV 23A,aa2b7990-b041-4f02-8b94-1be28b4bb714
"-74,12853771","4,715480565",13299,044A04,Villas de Alcalá,4,2,6,CL 72F - KR 113A,f91ba2f5-5944-4882-9dea-fae9f0402e89
"-74,12831987","4,740732038",13300,249A03,Br. Santa Cecilia I,4,2,6,CL 132D - KR 158-23,42c61386-7f0c-40db-9c67-fa50a3bc92b3
"-74,1281068","4,715326886",13301,045A04,Villas de Granada,4,2,6,CL 72F - KR 113A,ee668a8d-a665-4eae-ab03-4d9c93e06286
"-74,12796732","4,596448896",13302,447A09,Br. Autopista Sur,4,2,6,CL 39A Sur - KR 50A,47a6930f-3797-41e4-8fa0-271e8c58a02a
"-74,12757982","4,605197922",13303,466A09,Br. Alcalá,4,2,6,KR 52A - CL 29 Sur,079c14c0-7217-472e-a10f-824d8f86b383
"-74,12750396","4,596208443",13304,448A09,Br. Autopista Sur,4,2,6,CL 39A Sur - KR 50A,f3fae8a0-d6dc-48a4-8dd9-2d418512d2b9
"-74,12673038","4,734651962",13305,337A04,Planta Tratamiento Salitre,4,2,6,TV 130 - CL 80A,7d018ab6-a71e-4597-a735-f27ac8258e65
"-74,12665015","4,734222185",13306,338A04,Planta Tratamiento Salitre,4,2,6,TV 130 - CL 80A,e934ecda-8d95-4c8a-a8c2-89ad28ae9c76
"-74,12642128","4,601778916",13307,462A09,Br. Alcalá,4,2,6,CL 33 Sur - KR 51A,dfa96cad-fde6-491f-8c9c-1b34350ef353
"-74,12631343","4,575850511",13308,371A11,Br. Santa Lucía,4,2,6,DG 44 Sur - KR 22A,c7e8dcc8-b6a0-42d4-a1c0-252b9e1b7d91
"-74,12613944","4,601612012",13309,463A09,Br. Alcalá,4,2,6,CL 33 Sur - KR 51A,6cbde22e-7c01-4d19-92cd-7ac48f086eca
"-74,12612699","4,573748219",13310,369A11,Br. Tunal Oriental,4,2,6,CL 46 Sur - KR 21,e0cb7573-bb78-4b5d-83a4-6258c8c02e1b
"-74,07324723","4,605895892",13311,653A00,Avenida Carrera 19,4,2,6,KR 9 - CL 18,f644f82a-6b5a-4076-ab40-89f227b389df
"-74,07268691","4,603821368",13312,652A00,Br. Veracruz,4,2,6,CL 17 - KR 7,0cccd3ef-7821-40dd-b924-9f34ecb4d839
"-74,125207","4,572711",13313,376A11,Br. Santa Lucía,4,2,6,KR 20 - DG 45A Sur,34af0e55-ed9d-4fe6-ac7d-7ccf5fae1e70
"-74,12510228","4,600593584",13314,561A09,Br. Autopista Sur,4,2,6,CL 33 Sur - KR 50A,e0340526-4a7e-4446-87e3-c2877613194a
"-74,1249964","4,60036468",13315,560A09,Br. Autopista Sur,4,2,6,CL 33 Sur - KR 50A,690e03e8-eadc-480a-a7f4-a4171b6af1c8
"-74,12449754","4,712304186",13316,167A04,Br. El Mortiño,4,2,6,CL 73 - KR 110C,96a016fe-2f5a-497e-9a9b-fb3f833cf044
"-74,124466","4,574687",13317,377A11,Br. Santa Lucía,4,2,6,KR 20 - DG 45 Sur,82f0d977-a4e9-4293-b876-88dab388af7e
"-74,066012","4,716996",13318,066A02,Urb. Iberia Sector III,4,2,6,CL 129 - KR 57B,ce5011b4-1514-4eab-896d-60e516813286
"-74,06688246","4,656414827",13319,618A00,Br. Rafael Uribe,4,2,6,KR 19 - CL 67,f72beb0b-9d4b-4d60-8835-ab28e1c74c14
"-74,06558993","4,658401093",13320,617A00,Br. Colombia,4,2,6,KR 19 - CL 70,7390e0dd-ddd7-4ffc-9cce-f2064fd81a8d
"-74,12360751","4,611183047",13321,472A08,Br. San Eusebio,4,2,6,TV 53 - CL 17 Bis Sur,ff4d031d-2feb-45fb-8611-0659b1de3aea
"-74,12348349","4,571229439",13322,136A12,Br. San Jorge Sur,4,2,6,DG 45B Sur - TV 18-20,8e57c579-19d3-4f48-b093-587ddc66e4e5
"-74,0640557","4,716661899",13323,081A02,Br. Prado Veraniego,4,2,6,CL 129 - KR 55,2ae46655-ac7c-4907-8504-febef8bed954
"-74,06397038","4,716764166",13324,080A02,Urb. Iberia Sector III,4,2,6,CL 129 - KR 55,3caecb2b-c354-44ce-b1da-85155c9c3fb1
"-74,0618458","4,754551994",13325,293A02,Barrio Portales del Norte,4,2,6,CL 169 B - KR 65,4bbd774d-cbf7-40b0-a767-a218e0357496
"-74,12215359","4,722996092",13326,137A04,Br. El Cortijo,4,2,6,AC 80 - KR 114,2bd7b7a9-5d5e-4f08-b8c5-5e10c1414036
"-74,0603597","4,716396304",13327,064A02,Br. Prado Veraniego,4,2,6,CL 129 - KR 53A,fa57fd4a-f9b7-4d6f-850c-6425533d8453
"-74,12197423","4,725503721",13328,316A04,Iglesia Santa Ángela Merici,4,2,6,KR 116B - AC 80,887c2b6b-449b-45a2-90ab-66c348045adf
"-74,12185713","4,717186069",13329,241A04,Pq. Público Villas de Granada,4,2,6,CL 78 - KR 111D Bis,a9d1c0bd-5e67-49a6-99fa-06d49b64d885
"-74,06035802","4,752444746",13330,245A02,LICEO MODERNO CAMPESTRE,4,2,6,KR 62 - CL 168A,19ebe704-8491-42ae-b493-8f99e135c296
"-74,06029172","4,716240956",13331,065A02,Kr 53A,4,2,6,CL 129 - KR 53A,5f4b29f6-a656-449b-981e-b9661dd0abc4
"-74,12153671","4,525285301",13332,474A12,Br. La Aurora,4,2,6,TV 3H - CL 69B Sur,a54a69e0-d4f8-402f-b698-0e6fdd218b13
"-74,05657855","4,716020108",13333,062A02,Br. Prado Veraniego,4,2,6,CL 129 - KR 49A,6d9868d9-b5cc-4b58-96ac-990c325de2b1
"-74,12115361","4,612598625",13334,476A08,Br. La Camelia,4,2,6,TV 53 - CL 1,a02dc8a1-349a-4ccf-a371-cd798c2b18a2
"-74,121101","4,571023",13335,140A12,Br. San Jorge Sur,4,2,6,DG 45B Sur - TV 16B,142bd262-eca6-42be-88b1-3f1c428948f9
"-74,12110375","4,709298888",13336,168A04,Br. Garcés Navas,4,2,6,TV 106 - CL 73,bb733076-693e-43d3-87cd-90f23e346406
"-74,12093399","4,709045148",13337,158A04,Br. Garcés Navas,4,2,6,TV 106 - CL 73,53bb9ebc-da4f-4f4c-aa6a-d2349761083e
"-74,12087777","4,643991127",13338,203A06,INVIMA,4,2,6,CL 17 - AK 68D-72,584f5492-1fc4-4916-a85f-3c26756f3591
"-74,12086613","4,612240477",13339,527A08,Br. La Ponderosa,4,2,6,TV 53 - CL 1,c9cecf85-31d8-43a9-9391-90bb38531b4b
"-74,038719","4,758784",13340,428A01,Tarbes de San Jose,4,2,6,KR 17B - CL 181C,388424c5-841e-45da-a82e-9835b54e4fc9
"-74,12030238","4,523553762",13341,475A12,Br. Cartagena,4,2,6,KR 3 - CL 69D Sur,8897608c-4d27-49c1-aeb4-3b0fa5fc226c
"-74,08872768","4,506706755",13342,113A13,Br. Liliana,4,2,6,AV. Circunvalar - CL 81 Sur,38772209-fa2e-4382-9b6e-aeef4b811c30
"-74,12018072","4,715398539",13343,175A04,Urb. Rincón de San Ignacio,4,2,6,CL 78 - KR 110,77754753-1462-41da-9497-8e50f779bd5b
"-74,08623622","4,501508556",13344,107A13,Br. Villa Diana,4,2,6,AV. Circunvalar - CL 86 Sur,763b44af-e773-4db1-948a-f7f2803cff37
"-74,11936171","4,710776283",13345,169A04,Br. Garcés Navas,4,2,6,TV 106 - CL 75C,8bc8e677-94c9-4c99-a8b6-764617edc7aa
"-74,11929419","4,629293092",13346,313A07,Estación Pradera,4,2,6,KR 65 - AV. Américas,510627fd-592a-4cb9-9957-1a8597b44e0f
"-74,08848333","4,512569172",13347,129A13,Cl 77A S,4,2,6,AV. Circunvalar - CL 77A Sur,31795436-2bdd-4599-a86e-26fcf82db14a
"-74,1189576","4,693649052",13348,057A05,Los Álamos Sector Industrial,4,2,6,KR 96 - CL 65,d1fcbed6-ab75-4ced-9f90-5b6f499b66f9
"-74,11879922","4,715983706",13349,031A04,Br. Villas de Granada I,4,2,6,AK 110 - CL 78F,4d7a8525-8a5b-4a99-b231-9f0ab17dfa98
"-74,118645","4,570281",13350,141A12,Br. San Jorge Sur,4,2,6,CL 43 Sur - TV 15A,7b46c1e3-0795-4ac0-85b8-7c365dd2f656
"-74,11863727","4,525805856",13351,029B12,Br. Nuevo San Andrés,4,2,6,AV. Caracas - DG 68B Sur,55107f63-46c6-430e-8d04-5234546163e6
"-74,11843425","4,525783743",13352,030B12,Br. Santa Marta,4,2,6,AV. Caracas - DG 68B Sur,ee605c60-8936-478d-b61a-f563ad1fe830
"-74,1183495","4,707033569",13353,052A04,Br. Garcés Navas,4,2,6,KR 104 - CL 73,083aed51-105e-412f-a006-80558aadb147
"-74,11807091","4,752294458",13354,390A03,Br. Bilbao II Sector,4,2,6,CL 143B - KR 147A,c5c2af1f-fdb0-438a-a155-ff2307101300
"-74,11797172","4,707538238",13355,053A04,Br. Molinos del Viento,4,2,6,KR 104 - CL 74A,68d2e9e0-d086-4c9a-a7ae-69908acdf642
"-74,11778974","4,713859741",13356,147A04,Br. Garcés Navas,4,2,6,KR 107 - CL 78C,6a09da68-95cb-47f0-90e5-31ed8ae2dd79
"-74,11766858","4,712645871",13357,407A04,Br. Garcés Navas,4,2,6,TV 106 - CL 77D,df24ea19-7c78-4d3c-807b-c96887e275b9
"-74,11741964","4,708849152",13358,050A04,Br. Garcés Navas,4,2,6,KR 104 - CL 75C,b66f31e5-3d7f-426b-9ead-d2d7183afe99
"-74,11712782","4,63166793",13359,266A07,Br. Salazar Gómez,4,2,6,KR 65 - CL 11,cfbae45c-d4a8-42a8-aee2-2ffc40adc581
"-74,117089","4,56908",13360,307A12,Br. San Jorge Sur,4,2,6,CL 43 Sur - TV 14,d2eb7b2b-ad02-47ad-9410-30be586102db
"-74,11644314","4,502088904",13361,062B12,IED Monteblanco,4,2,6,AV. Caracas - CL 95 Sur,d6352538-659c-4962-bd69-7c99c01f72aa
"-74,116432","4,751948",13362,399A03,Br. Bilbao I Sector,4,2,6,CL 143B - KR 144,d2a7a8d8-587d-4a66-a730-1c4147ef993e
"-74,11618823","4,500429945",13363,497A12,Br. El Virrey,4,2,6,DG 97 Sur - KR 1,9a965e16-42d0-450f-9467-e6832d6f6d13
"-74,11610158","4,49532089",13364,155A12,Br. Lorenzo Alcantuz,4,2,6,KR 7 - CL 102B Sur,92952efe-7972-4c58-8a93-c24c12114a7c
"-74,11600629","4,514087142",13365,499A12,C.C. Santa Librada,4,2,6,AV. Caracas - CL 75 Sur,91ef4b51-1988-44d0-a4d7-a108d129f600
"-74,11597038","4,50252365",13366,498A12,Br. El Virrey,4,2,6,AV. Caracas - CL 94A Sur,3fc23510-e99a-4223-a28e-ee9ad3d84d7c
"-74,11592497","4,711802327",13367,345A04,Br. Garcés Navas,4,2,6,KR 104 - CL 78B,a64cd841-7386-49a7-94f0-755d0aed2489
"-74,11586448","4,51414483",13368,038B12,C.C. Santa Librada,4,2,6,AV. Caracas - CL 75 Sur,7782596c-528b-4cbe-adc0-0b304e79a33d
"-74,11551635","4,633836428",13369,310A07,C.C. Zona In,4,2,6,KR 65 - CL 12,65c57d2e-d774-43d3-96cb-d03ff394da43
"-74,11577643","4,696445689",13370,389B05,Br. Florida Blanca,4,2,6,KR 96 - CL 68A,19fa6b13-ffc7-4079-a962-f3e4205e81ad
"-74,11518605","4,75896822",13371,601A03,Br. Fonatanar del río,4,2,6,TV 142 - DG 150,ef6ec42a-9d47-4f48-9f9c-5c3b8b093ba9
"-74,11515306","4,741460099",13372,280A03,Br. Santa Rita,4,2,6,CL 132 - KR 132A,bf3d21aa-e174-4e88-9d48-57a13cf37e47
"-74,11509106","4,758985833",13373,602A03,Br. Fonatanar del río,4,2,6,TV 142 - DG 150,ae311028-fc35-4532-a5da-596efaf81ad2
"-74,11495585","4,553345387",13374,517A12,Br. Marruecos,4,2,6,KR 5I - CL 49 Sur,72ecd175-c8af-4ab1-9d41-d97117e8970e
"-74,11495557","4,655206148",13375,171A06,Terminal de Transporte,4,2,6,CL 22C - KR 68F,48486d4f-c2fb-462d-89e8-0c8c9eabfa8d
"-74,11491757","4,638960754",13376,281A06,Br. Centro Industrial,4,2,6,AC 17 - KR 65B,7a5daef1-ab50-4c43-90e1-97a408b072fe
"-74,11487994","4,496701535",13377,496A12,Br. Serranías I,4,2,6,TV 6B - DG 101A Sur,fd877724-4e15-44a6-866e-0c5e38d84d28
"-74,11431385","4,748223239",13378,286A03,Br. San Carlos de Tibabuyes,4,2,6,KR 139 - 142 Bis A,5401b9bb-c5c9-4fcd-a069-80856a6485d2
"-74,11428646","4,496995439",13379,495A12,Desarrollo Brazuelos I,4,2,6,KR 6 - DG 100A Sur,f77397e9-f6b3-435c-a09d-a62d806cd6b9
"-74,11403757","4,554983447",13380,271A12,Br. Marruecos II Sector,4,2,6,TV 5N Bis - KR 48U,3053e1f2-7f92-4fb5-acf8-27f8dccb6848
"-74,11340014","4,652558611",13381,170A06,Terminal del Transportes,4,2,6,CL 22C - KR 68F-37,d021dc10-0635-4711-a1f6-dbd12ce63d2a
"-74,1131735","4,697334244",13382,321A05,IED Florida Blanca,4,2,6,CL 70A - KR 92A,a6bf8743-510e-4159-85c3-07cc306e932e
"-74,11308763","4,750373313",13383,406A03,Br. San Carlos de Tibabuyes,4,2,6,KR 139 - CL 143,47477b75-85b2-4c8f-ab10-c34c032d2e48
"-74,11299778","4,537463218",13384,427A12,Br. Danubio Azul,4,2,6,Dg 59 Sur - KR 2,359026d2-bc49-496d-a25c-316d6567f182
"-74,1127586","4,554760353",13385,516A12,Br. Marruecos II Sector,4,2,6,KR 5M - CL 48R Sur,801927ba-831f-44ab-b122-e35538f21b80
"-74,11265374","4,744721559",13386,247A03,IED Jose Maria Veláz,4,2,6,AK 131 - 134-44,632605b0-fc21-4673-8f23-8dbdbc9e009a
"-74,11233701","4,649379937",13387,288A06,Salitre Club Residencial,4,2,6,DG 22A - KR 68B,42d3c4cf-e149-4cb9-bb4d-c754bb3fa3e7
"-74,11127428","4,718086097",13388,196A04,Br. Bolivia Oriental II Etapa,4,2,6,KR 103D - CL 83,bd9b19f0-0404-4db0-8c60-f5c14a43be7e
"-74,11123867","4,749030801",13389,409A03,Br. Sabana de Tibabuyes,4,2,6,KR 129A - CL 142D,2ee3020f-3ec9-485a-8603-5da4886f92f2
"-74,11103838","4,751841963",13390,534A03,Urb. Las Margaritas,4,2,6,KR 136A - CL 144,9478d785-2b8b-4990-a783-9a228392666a
"-74,11084914","4,555685057",13391,280A12,Br. Los Molinos I Sector,4,2,6,CL 48I Sur - KR 5F,685d73d0-e344-4e7c-b500-8c936bfc2c0b
"-74,11081882","4,543673026",13392,340A12,Br. Palermo Sur,4,2,6,KR 3 - CL 50 Sur,580d6815-0a99-4622-a052-cf3c85eec8e9
"-74,1108068","4,702073719",13393,271A04,Br. Santa Rosita,4,2,6,KR 94 - CL 73A,5ea568e2-5edf-4e91-8b04-8f16ef3874c6
"-74,11069552","4,695831814",13394,329A05,Br. Florida Blanca,4,2,6,CL 70A - KR 90,5ef265a2-8b8f-42cb-ba59-83ee9367d09f
"-74,11066166","4,557086287",13395,471A12,Br. Puerto Rico,4,2,6,CL 48 J Sur - KR 5G,100d2ec6-1584-4739-bf48-5af9a500cd7f
"-74,11058681","4,541889816",13396,465A12,Br. Palermo Sur,4,2,6,CL 52 Sur - KR 1 Este,a2203064-bfb2-46ce-9100-ccf99db47e8a
"-74,11011978","4,686805691",13397,316A05,Br. Villa Luz,4,2,6,TV 85 - CL 64 I,fec4e5d1-8b81-4c89-ba57-82b2f1f24798
"-74,11019272","4,690670913",13398,317A05,Br. Pinar de los Álamos,4,2,6,KR 87 - CL 67,e5bafca3-23df-47ba-85bd-1781b477f5b5
"-74,10999497","4,753582389",13399,533A03,CAI Fontanar,4,2,6,CL 145 - KR 128,b1dfe59c-097c-4fc6-acb9-3960face5302
"-74,10979349","4,703171439",13400,272A04,SANTA ROSITA,4,2,6,CL 75 - KR 93A,7c62d58c-d117-42c7-bdf8-5946fd7c817f
"-74,10975104","4,542989044",13401,241A12,IED Palermo Sur,4,2,6,TV 2B - CL 51 Sur,898f48e4-794b-437c-9c0a-f297170237f6
"-74,10966069","4,533387878",13402,223A12,Br. La Fiscala Sector Centro,4,2,6,CL 65 Sur - TV 3A Este,fb4b475a-ebf9-4b86-93f4-9ba11c6cc6da
"-74,10954074","4,746501985",13403,317A03,Br. Sabana de Tibabuyes,4,2,6,DG 139ABis - TV 127CBis,59a9a75f-e83f-4f45-9a51-c437a30360d6
"-74,10922807","4,489623844",13404,075A12,Br. Puerta al Llano Rural,4,2,6,Autopista al Llano - CL 111A Sur,de94d9ee-7942-4bcf-b2c4-4e162d65054f
"-74,10914153","4,604764802",13405,515A08,Av. Cundinamarca,4,2,6,CL 1F - KR 35B,71b68b81-722d-4ee9-ba92-b0713558a1b4
"-74,10946396","4,647538801",13406,287A06,Br. Salitre Occidental,4,2,6,DG 22A - AK 68,72128e59-f414-477b-a560-e0d549739883
"-74,10896888","4,489770305",13407,076A12,Br. Puerta al Llano Rural,4,2,6,Autopista al Llano - CL 111A Sur,bfcf2452-4be8-42d6-b5fc-2d920682277d
"-74,1089396","4,534559403",13408,226A12,Br. Fiscala II La Fortuna,4,2,6,CL 63 Sur - KR 5B Este,c663d28d-9218-41e4-941a-1bf39a8b1e0e
"-74,10890218","4,746035185",13409,316A03,Br. Sabana de Tibabuyes,4,2,6,DG 139ABis - TV 127ABis,6ffa04bc-49ec-4b41-86a5-c2bd5cb973b4
"-74,10857044","4,534503485",13410,227A12,Br. La Fiscala II La Fortuna,4,2,6,CL 63 Sur - KR 5C Este,0398fcc6-970e-4c5c-b0e2-a656955138e1
"-74,10854485","4,755071191",13411,610A03,Urb. Rodesia I Etapa,4,2,6,KR 136A - CL 145,d48fc6a3-5d42-483f-8adb-69020ec5f8c5
"-74,1085241","4,493938874",13412,054A12,Br. La Esperanza de Usme,4,2,6,Autopista al Llano - DG 97 Bis Sur,8b3cd0cb-da65-4e3f-ad8e-d93ce49659a9
"-74,10831041","4,556919949",13413,470A12,Br. Los Molinos I Sector,4,2,6,CL 48J Sur - KR 5C Bis,14fa2c62-3cfc-44a0-9293-c6517434ce36
"-74,10818236","4,755483462",13414,605A03,Urb. Rodesia I Etapa,4,2,6,KR 136A - CL 145,8227cf60-84a4-4307-82f3-41f9ba522127
"-74,10816391","4,694282452",13415,340A05,Br. Florida Blanca,4,2,6,CL 70A - KR 87,1608a2a7-163f-4574-943f-beac2331f3fc
"-74,1080607","4,493904669",13416,055A12,Br. Puerta al Llano Rural,4,2,6,Autopista al Llano - CL 100 Bis Sur,c458205a-7710-4fb7-9f1a-1d60f96f2981
"-74,10671606","4,602954056",13417,516A08,IED Marco Antonio Carreño Silva,4,2,6,CL 1F - KR 32B,97c28ca1-ec41-4684-a4fd-f7bbdacfe1e0
"-74,10662883","4,747742574",13418,323A03,Br. Sabana de Tibabuyes,4,2,6,AK 118 - CL 143,c728d91b-e873-4ad1-9367-70d890204590
"-74,10653839","4,74416309",13419,312A03,Plaza de Mercado La Gaitana,4,2,6,AK 118 - CL 138,8ab5d417-63f8-4517-92c5-04040cd84bd3
"-74,10647584","4,708286583",13420,303A04,Br. Quirigua,4,2,6,KR 94J - CL 80C,69214508-e083-47c7-8d03-b979e5b96332
"-74,10645249","4,744276316",13421,313A03,Plaza de Mercado La Gaitana,4,2,6,AK 118 - CL 138,68bf1cb1-8712-46a6-aebe-ecfe563ad875
"-74,10644357","4,747871572",13422,324A03,Br. Sabana de Tibabuyes,4,2,6,TV 118 - CL 143,d2aaae51-4054-44a4-9ce8-428ab4b5a0c5
"-74,10628185","4,75730757",13423,604A03,Urb. Hato Chico,4,2,6,KR 136A - DG 151B,3852866b-3f24-458f-9b47-5a68dd745382
"-74,10619472","4,73336553",13424,295A03,C.C. Laguna,4,2,6,CL 129D - KR 121,f149507e-7897-4f18-a0cb-0146ec686670
"-74,10602197","4,741107315",13425,310A03,Br. Villa María I Sector,4,2,6,AK 118 - CL 135,084d802b-b705-415b-8825-512fdb0570a8
"-74,10595174","4,741226034",13426,311A03,Br. Villa María I Sector,4,2,6,AK 118 - CL 135,83b19cce-4d7e-43f8-8afe-281ac5972d4b
"-74,10586797","4,500335688",13427,469A12,Br. La Reforma,4,2,6,CL 90 Sur - KR 5C Bis Este,6d0dca09-5b53-4d2b-9708-6b13a048ad7c
"-74,10663515","4,733805552",13428,296A03,C.C. Laguna,4,2,6,CL 129D - KR 121C,46c826da-9253-47c0-947d-253def21a38c
"-74,10581199","4,533589261",13429,422A12,Br. La Fiscala Alta,4,2,6,CL 63 Sur - KR 5B Este,f09d6be9-f9cb-456c-9f04-8ff558531cff
"-74,10566861","4,73894895",13430,303A03,Br. Villa María I Sector,4,2,6,AK 118 - CL 132B,178c0cb4-72b0-4842-b8e9-0cb8bc248f5d
"-74,10563648","4,572047346",13431,357A12,Fundación Hospital San Carlos,4,2,6,CL 31A Sur - KR 12B,1da8b1ba-2764-43d2-b4a4-3f62a6099156
"-74,10561862","4,739223691",13432,306A03,Br. Villa María I Sector,4,2,6,AK 118 - CL 132C,72c788b5-fc82-487c-9064-2df9d0ae41b5
"-74,10551828","4,749475911",13433,415A03,Ciudadela Cafam,4,2,6,AK 118 - CL 143A,01ba60c9-eb34-46fa-aacb-6917274b2a33
"-74,10532673","4,749516245",13434,416A03,Ciudadela Cafam,4,2,6,AK 118 - CL 143,d9e08682-c4ba-4683-b40a-0247e9c4f93b
"-74,10475557","4,500127124",13435,469B12,Br. La Reforma,4,2,6,CL 90 Sur - KR 2B Este,2492b1b0-145c-4eb8-8202-55f2deccac3c
"-74,10473278","4,732540657",13436,275A03,Br.  Nueva Tibabuyes,4,2,6,CL 129D - KR 120,608d58f5-222e-41f3-ad66-bd110c862df9
"-74,10464647","4,732409831",13437,274A03,Br.  Nueva Tibabuyes,4,2,6,CL 129D - KR 118,9747d6be-afd9-41ad-8c5f-a754758de45e
"-74,10442034","4,597909111",13438,412A00,Br. Santa Isabel Sur,4,2,6,KR 29B - CL 1A,70d9a45e-50d8-4943-b1fa-be5039874512
"-74,10421516","4,60116204",13439,517A08,Estación Santa Isabel,4,2,6,CL 1F - KR 31,d26bc6cd-cf7d-4694-9da7-57f4244febb9
"-74,10390814","4,755772727",13440,117A03,Br. Compartir Suba,4,2,6,CL 151 B - KR 117,841f89e8-726e-4e5f-9c1f-d33024196033
"-74,10367206","4,755827166",13441,116A03,Br. Compartir Suba,4,2,6,CL 151 B - KR 117,4bbafeee-5d0b-431b-b46c-c98422093068
"-74,10358293","4,499918497",13442,373A12,Br. La Reforma,4,2,6,CL 90 Sur - KR 5H Bis Este,c1d8a169-3a4c-413e-ad84-a30840fcb11c
"-74,1035415","4,487381065",13443,164A12,IED Ciudad de Villavicencio,4,2,6,KR 6H Este - CL 113A Sur,fd63f614-12e2-46cb-8b48-5aae65e09581
"-74,10323915","4,48694935",13444,167A12,IED Ciudad de Villavicencio,4,2,6,KR 6H Este - CL 114A Sur,1a92afad-10f5-41b3-82cb-f3c7d746d511
"-74,10254936","4,585667661",13445,064A11,Br. Restrepo,4,2,6,KR 20 - CL 18 Sur,0b3c9be0-2d31-4095-b230-7170cf3ab696
"-74,10246438","4,499762479",13446,466B12,Br. El Progreso,4,2,6,CL 90 Sur - KR 6 Este,03a7252c-d832-4963-a597-07baba9f42bd
"-74,10237684","4,485487037",13447,369A12,Br. El Uval II Sector,4,2,6,CL 115 Sur - KR 6B Este,87610486-5df5-436b-8180-36b39cef5fcf
"-74,10207849","4,716047469",13448,295A04,CAI Bachué,4,2,6,CL 89 - KR 95D,5d3d5d47-5170-4e89-ae23-8a11cf5a6118
"-74,10191289","4,742842832",13449,544B03,Br. Tibabuyes II,4,2,6,CL 139 - KR 110,3755b9d1-f5c3-4a75-b9a4-3a9eef8a874c
"-74,10184453","4,499515669",13450,467A12,Br. El Progreso,4,2,6,CL 90 Sur - KR 6F Este,c890f4a5-bcff-4ac6-8163-a6b633e9de99
"-74,10172973","4,499628375",13451,466A12,Br. El Progreso,4,2,6,CL 90 Sur - KR 6F Este,153fcb68-7f75-4323-ba31-d3c0d10a23d4
"-74,10166378","4,486019792",13452,143A12,Br. Puerta al Llano,4,2,6,CL 109 Sur - 7A Este,7fb74165-1e6b-4996-910c-959ebace8e9c
"-74,10159858","4,498106176",13453,452A12,Br. Alfonso López,4,2,6,KR 7 Este - CL 93 Sur,5f608f09-3087-4c29-85d1-41f5183e98d0
"-74,10137178","4,486647381",13454,142A12,Br. Puerta al Llano,4,2,6,CL 114B Sur - KR 7A,a55ab9cc-fdf5-4ed4-ae80-26c1ea95ae4e
"-74,10031478","4,690390925",13455,436A05,Br. Boyacá,4,2,6,KR 77A - CL 71A,31201665-7fe6-4412-b1fb-ac30f3d453ec
"-74,09996649","4,600594835",13456,421A00,Br. Santa Isabel,4,2,6,CL 2 - KR 27A,70a91c65-b9c5-468e-bb2d-e55687de7469
"-74,09874812","4,572767355",13457,321A12,Urb. Fucha,4,2,6,CL 27 Sur - KR 10A,de99d5f4-b1b3-476b-927a-4716b3568855
"-74,09737243","4,646521382",13458,390A05,Estacion CAN,4,2,6,KR 59 - CL 26,5de6dded-aec1-4456-b3f3-b97bb810c875
"-74,09736687","4,735663357",13459,379A03,Br. Costa Azul III Etapa,4,2,6,KR 102A - CL 132,42d6ac8c-8790-4c68-8c19-225a76720d2d
"-74,09698066","4,669440241",13460,280A05,Br. Bosque Popular,4,2,6,KR 69 - CL 63A-13,3c219e06-bc32-4a00-82d0-199f0464dce0
"-74,09685379","4,756136391",13461,021A03,Portal de la Fontana,4,2,6,KR 111 A - 152 C - 15,8ffbb5d0-f54c-4feb-b34f-2fdae8644e46
"-74,0964031","4,683961935",13462,344A05,Urbanización Acapulco,4,2,6,CL 69B - KR 71B-49,a501b6cd-f54f-4653-a6b1-ff41b55bb60e
"-74,09604408","4,724483398",13463,595A03,Br. El Rincón,4,2,6,KR 95A - CL 128BIS,f0d61038-fe96-4761-a45b-5da7e65f4837
"-74,09565043","4,689798766",13464,198A04,Humedal Santa María del Lago,4,2,6,KR 73A - CL 72A,6f005b8c-5d40-4ada-81ff-cdbd6d758a35
"-74,09526467","4,756486208",13465,565A03,Portal de las Mercedes,4,2,6,CL 153 - KR 109G,ff4a0679-f8b2-41f6-b692-6f853ecc2220
"-74,09507957","4,738748726",13466,383A03,Br. Costa Azul I Etapa,4,2,6,KR 101B - CL 136A,7eae9f18-2cba-40f3-a7cc-f70b921df75f
"-74,09494526","4,649671417",13467,108A05,CAN,4,2,6,CL 44 - 59-74 (AL LADO),092fcb4c-b2a6-4a34-b406-a67282ad54b3
"-74,09491948","4,737800428",13468,382A03,Br. Urb. Potrerillos de Suba,4,2,6,CL 136 - KR 100A,0ac94fad-f463-477b-b7e7-2578feec5560
"-74,09468967","4,683511237",13469,347A05,Br. Palo Blanco,4,2,6,KR 70G - CL 69B-81,7de380ee-32dd-40ce-ba48-cc199d38519e
"-74,09455098","4,725014268",13470,347A03,Br. San Cayetano,4,2,6,TV 94 - CL 128C Bis,274fb03b-246f-4d66-bf8b-642d39df547b
"-74,09346385","4,738967427",13471,385A03,Urb. La Trinitaria,4,2,6,KR 100 - CL 137B,af9b61a2-cfcf-40c4-b88f-55a4979c45ff
"-74,0918463","4,723449004",13472,598A03,Br. El Rubí,4,2,6,KR 93 - CL 128BBisA,2503b0d8-311c-446d-9a14-a75a66f9ee55
"-74,09044934","4,564585028",13473,451A13,Córdoba,4,2,6,KR 1 Este - CL 27B Sur,250df12f-da06-4fb8-a7eb-44b1a1388374
"-74,0900569","4,595136921",13474,201A00,Br. Eduardo Santos,4,2,6,DG 1H - KR 18,98ca2be3-1595-41c5-906b-f9c75ee1b19e
"-74,08950472","4,557915998",13475,200A13,San Vicente,4,2,6,DG 31C Sur - 5 Este,17ed8770-95da-40d8-9529-2b8331f928bd
"-74,08871702","4,564907873",13476,457A13,Montebello,4,2,6,CL 27A Sur - KR 1A Este,b8ae1e4a-b8f6-4b75-9e00-72a1879ef32a
"-74,08818721","4,594271527",13477,438A00,Hospital de la Misericordia,4,2,6,DG 2 - AV. Caracas,3d051129-bffa-454f-9ebe-9eac8e813bd6
"-74,08789035","4,661630763",13478,198A05,Museo de los Niños,4,2,6,AK 60 - AC 63,a7e27791-5854-4dfa-a0dc-92379f0432d2
"-74,08742257","4,661543075",13479,049A05,Pq. Distrital Salitre,4,2,6,AK 60 - AC 63,a2c0c006-c782-49e5-878a-a69ebb66d454
"-74,08663979","4,582592509",13480,513A13,Br. Nariño Sur,4,2,6,KR 8 - CL 7 Sur,9b3ba63b-e15a-4734-858f-5db99e7cefb0
"-74,08661858","4,609338894",13481,830A00,Br. La Sabana,4,2,6,AC 13 - KR 21,ab2b89cd-1479-4578-b62c-4d68d2ad41e1
"-74,08643109","4,663734149",13482,199A05,Plaza de los Artesanos,4,2,6,AK 60 - CL 63A,331e9442-7ffb-4090-a62f-ffe2f5ab3dce
"-74,08627535","4,593066641",13483,433A00,Instituto San Bernardo De La Salle,4,2,6,CL 2 - KR 12A,0ed36c01-856f-456e-84f0-95a98eb850d4
"-74,08602951","4,75540794",13484,431A03,Br. Orquídeas II Sector,4,2,6,KR 99 - CL 156,dc4bdd0a-dd9b-4be9-95d7-c0949130d15e
"-74,0859291","4,556838234",13485,455A13,Urb. Sidel,4,2,6,CL 32B Sur - KR 9 Este,e5f5fd55-6987-410a-ad13-b0cbc566c6af
"-74,08582126","4,665856248",13486,200A05,Pq. Deportivo Salitre,4,2,6,AK 60 - AC 64,84be44bb-c378-4600-a045-e23377716ee3
"-74,08526732","4,584525578",13487,322A13,Br. Modelo Sur,4,2,6,KR 8 - CL 2A Sur,6724b990-a4d1-4524-ae2b-9b11b788bae8
"-74,08484632","4,558919023",13488,503A13,Urbanización Sidel,4,2,6,KR 9 Este - CL 30 Sur,01dc5ac9-fe15-47eb-b4fe-380dad4095a0
"-74,08473238","4,756442801",13489,432A03,Br. Orquídeas,4,2,6,CL 157A - KR 98,f338b50c-de25-4610-a4f3-ce514b3b949f
"-74,0847198","4,667028112",13490,433A05,Br. Popular Modelo,4,2,6,AK 60 - AC 64,118e9f42-bc1c-441c-b4d6-209750fd0655
"-74,0845706","4,591825617",13491,605A00,Br. San Bernardo,4,2,6,CL 2 - KR 11,fe4f72f4-0438-42c8-a652-c4f7cfd5ad50
"-74,08434739","4,66822823",13492,434A05,Aldeas Infantiles SOS Colombia,4,2,6,AK 60 - AC 64,e8fd6025-2e93-4e3f-b807-ef031b7c51d4
"-74,08427403","4,558620255",13493,502A13,Urbanización Sidel,4,2,6,TV 3B Este - CL 31 Sur,e12b6124-7f54-43c3-a4d7-8800f08aa7b6
"-74,08364421","4,586756114",13494,515A13,Hospital Universitario La Samaritana,4,2,6,KR 8 - CL 0 Sur,93c19af6-c258-4185-a2e6-7926e2f0da4a
"-74,08265197","4,670612179",13495,047A05,Br. J.J. Vargas,4,2,6,KR 60 - CL 67B,e77b2c12-43ac-4e38-aa8d-9835fcf2f5aa
"-74,08237294","4,670184512",13496,048A05,Pq. J.J. Vargas,4,2,6,AK 60 - CL 67B,feda6994-dfba-4b89-a5c4-277e597aecb2
"-74,08187293","4,606652",13497,469A00,Instituto Técnico Central de Bogotá,4,2,6,KR 17 - CL 13,3d466e5b-a772-4833-8fd7-ad67767f8763
"-74,08097229","4,580821182",13498,277A13,Ciudad Marbella,4,2,6,KR 3 - CL 5B Sur,227f2332-3ca4-40b5-bda3-e9309b888c46
"-74,08049792","4,56878702",13499,263A13,Las Mercedes,4,2,6,CL 16 Sur - KR 7 E,f3b62f40-9750-41e0-9397-56577db0ff78
"-74,08029762","4,567128508",13500,244A13,Br. El Sociego,4,2,6,CL 17 Sur - KR 6,7d213e2a-a54e-4713-a7cd-73bdba50bb18
"-74,079921","4,566956606",13501,243A13,Br. La Castaña,4,2,6,KR 7C E - CL 16ABis Sur,e86bbf67-8861-4880-b417-eb4805c7a68b
"-74,07975005","4,609591486",13502,832A00,Br. La Favorita,4,2,6,KR 17 - CL 17A,500c749c-732f-43b2-869f-47197dff2612
"-74,07973148","4,564409475",13503,238A13,Br. La Castaña,4,2,6,AV. Los Cerros - CL 21 Sur,cc2ef31a-ae62-4dd1-a702-291d99399bb9
"-74,07940395","4,564459251",13504,239A13,Br. La Castaña,4,2,6,AV. Circunvalar - CL 20 Sur,f4987849-3cbc-4ae5-b424-56c2ad0c6e78
"-74,07908791","4,569227515",13505,504A13,Br. San Cristóbal Sur,4,2,6,KR 11A Este - CL 17 Sur,57788be7-3c54-42fa-b09d-058a37817cf7
"-74,07884886","4,610874496",13506,473A00,Br. La Favorita,4,2,6,KR 17 - AC 19,982072aa-c381-41f9-8b10-5cc3a5b26705
"-74,07872647","4,575823885",13507,461A13,Br. Buenos Aires,4,2,6,KR 4E - DG 8 Sur,438bb661-08e7-4954-ab54-0e9c05bcac3e
"-74,07856203","4,577341034",13508,270A13,Br. Buenos Aires,4,2,6,KR 3E - DG 6C Sur,db9206b1-ba85-457f-b15a-aa45c43a209c
"-74,07835766","4,577809391",13509,271A13,Br. Vitelma,4,2,6,KR 3 Este - DG 6B Sur,840966e1-0e2e-4c19-bf4a-6400e000ff19
"-74,07791872","4,579909619",13510,463A13,Br. Buenos Aires,4,2,6,KR 3E - CL 3A Sur,113eb753-1320-4d83-b984-aeb3f72ed825
"-74,07789561","4,579590316",13511,462A13,Br. Vitelma,4,2,6,KR 3 Este - CL 3A Sur,89a01a29-41c7-4f66-b949-706b86674260
"-74,07738246","4,578384738",13512,471A13,Br. Vitelma,4,2,6,CL 6 Sur - KR 5 E,2a75c237-f76b-4ff1-ab6f-6fc32d40b7bc
"-74,07731632","4,573549685",13513,272A13,Br. Vitelma,4,2,6,KR 8E - CL 8C Sur,45417d5d-3471-4b82-be8c-b5103994873a
"-74,07723844","4,573700179",13514,273A13,Vitelma,4,2,6,KR 8 Bis E - CL 8 Sur,2cc94ace-a956-47bb-99f6-deb4357c134f
"-74,07708287","4,576912135",13515,279A13,Br. Vitelma - Ciudadela Parque de la Roca,4,2,6,KR 8E - CL 6F Sur,d1b7a653-78f3-4c5a-8f8b-7c8793d2b1c9
"-74,07688166","4,61605125",13516,109A00,Cementerio Central,4,2,6,CL 24 - KR 18 Bis,3d7b9a1f-6414-4a2e-aaaa-7df4de8cc09d
"-74,07671981","4,582164066",13517,344A13,Br. El Triunfo,4,2,6,KR 1A Este - CL 1 Bis D,fa475af8-9864-4d44-b332-4c240029fdb4
"-74,07657203","4,582371731",13518,475A13,Br. Ramírez,4,2,6,KR 1A Este - CL 1BisD,d1f96a90-44a6-4f71-9f70-c1e976a45282
"-74,07633663","4,697705935",13519,234A03,Pq Santa Rosa,4,2,6,CL 102 - KR 70C-88,aa5d58aa-74a1-4897-a64b-0b955b9a72b7
"-74,07631202","4,698420963",13520,233A03,Br. Santa Rosa,4,2,6,CL 102A - KR 70G,6253b03c-81d1-4408-942a-2e042061a8ff
"-74,07627822","4,570076632",13521,409A13,Br. San Critóbal Sur,4,2,6,CL 13 Sur - KR 9 Este,d0a72487-36cf-4e48-b747-59a0f52094f0
"-74,07604584","4,586711747",13522,340A13,Br. Atanasio Girardot,4,2,6,DG 2A - TV 2A,2501e99a-439e-4b64-a044-5dda1e207bb6
"-74,07589091","4,584414602",13523,343A13,Br. Ramírez,4,2,6,KR 1A Este - CL 1C,00054c92-b71a-4e5b-b8d2-e144cacad3f4
"-74,07531844","4,613519813",13524,110A00,Br. Santa Fe,4,2,6,CL 24 - KR 16A,e8a10427-7123-4470-bd07-a45d7f29ef96
"-74,07525818","4,643336332",13525,646A00,CC. Galerias,4,2,6,CL 53B - TV 25,aa137f0f-ce5b-4c2e-9d3b-dc105d0630cf
"-74,07488935","4,593926621",13526,358A13,Superintendencia Financiera,4,2,6,CL 7 - KR 4,75a0cd5b-7649-45a3-b2fb-5ab9f54e9132
"-74,07481757","4,64985989",13527,780A00,Br. El Campín,4,2,6,KR 27 - DG 61D,8b68960b-6d47-434a-b5aa-b2fcf7404415
"-74,07452735","4,695521269",13528,235A03,Br. Santa Rosa,4,2,6,CL 102 - AK 70-32,f7d93d7f-7fd4-4687-93c6-3deac62e2aae
"-74,07349708","4,731254926",13529,028A02,Br. Atenas - Hibernia,4,2,6,CL 138 - 75-40,e8e738e7-184f-4e3f-a042-43f2be5d6a4c
"-74,074154","4,734009",13530,173A02,Br. Altos de Suba,4,2,6,KR 76 - 145-36,d80e952e-c91a-44c8-a718-0b7ac9e82d5c
"-74,07412055","4,56994524",13531,286A13,Br. Montecarlo,4,2,6,CL 12 Sur - KR 18 Este,c97d669c-614f-41f4-b5ed-4d0ad68d683f
"-74,07401549","4,734008357",13532,234A02,Br. Altos de Suba,4,2,6,KR 76 - 145-18(AL LADO),4bc33ed9-fa1e-4315-aa0e-afb858b15717
"-74,07392395","4,689374702",13533,224A03,Br. El Edén,4,2,6,CL 98A - AK 68-55,ce8e83be-7c8a-4c15-832a-da0afe20f37c
"-74,07383915","4,639719916",13534,526A00,Br. Alfonso López,4,2,6,CL 51 - KR 23,360e178f-318a-48e5-b3e0-03c8fe0e8d28
"-74,07236615","4,56975566",13535,394A13,Br. Montecarlo,4,2,6,DG 8A Sur - KR 12 Este,e5c76730-1133-4cf3-9d7a-1aef69707912
"-74,07228205","4,585121887",13536,425A13,Br. Santa Rosa de Lima,4,2,6,TV 5 E - DG 2A,b50e78b5-40ff-44e8-8c9a-a8d0713be7e4
"-74,07198307","4,592556442",13537,452A00,Br. Egipto,4,2,6,CL 7 - KR 1,cff79ca7-a64a-4736-a04f-ae9443ce832e
"-74,07197676","4,592071952",13538,354A13,Br. Belén,4,2,6,CL 7 - KR 0,12bb7813-4530-4a9a-aab2-0ed44bd68f9d
"-74,07174991","4,585888417",13539,424A13,Br. Atanasio Girardot,4,2,6,TV 5 E - CL 2A,dab74cc1-7b62-4e84-afd5-42c256484f63
"-74,07173023","4,73072871",13540,025A02,Urb. Bosques de Gratamira,4,2,6,CL 138 - 74,434389ac-eddc-4f7a-aa48-db58917ddd36
"-74,07141326","4,568736067",13541,288A13,Br. Montecarlo,4,2,6,KR 20B Este - CL 11 Sur,38ed007a-7a2f-4ca7-8ed1-6b5a5cc46233
"-74,069346","4,718322",13542,179A02,Br. Ciudad Jardín Norte,4,2,6,CL 129 - AK 58,842ad1ab-de77-48f4-b83a-1a71d8c26c3f
"-74,07101128","4,56603124",13543,251A13,Jardín Social San Jerónimo de Yuste,4,2,6,CL 14 Sur - KR 22 Este,8d07bb42-d3bf-4c4a-a59a-28b4a271497d
"-74,07091303","4,565652887",13544,250A13,Br. Tibaqué,4,2,6,CL 14 Sur - KR 22 Este,8fadbfcd-93b1-4b5a-af75-6b9c7ecd19d2
"-74,070211","4,62442",13545,520A00,Profamilia,4,2,6,KR 15 - CL 34,6be9a023-ba22-4991-8ab3-2a5862bb7fe6
"-74,07044679","4,567472498",13546,397A13,Br. Molinos de Oriente,4,2,6,KR 18 Este - DG 10 Sur,96d66fde-2761-4e2f-8dd7-b1107d08966b
"-74,07021902","4,589695094",13547,417A13,Hospital Centro Oriente Jorge Eliecer Gaitán,4,2,6,CL 5 - KR 4 Este,8e7b9880-ef58-432a-9ee0-0cbae4f76464
"-74,07002343","4,604969473",13548,479A00,Br. Las Nieves,4,2,6,KR 5 - AC 19,a9777732-b4fa-415e-8485-be2688fbb06f
"-74,06933456","4,564229976",13549,406A13,San Jerónimo del Yuste,4,2,6,DG 13B Sur - KR 19 Este,803dfaa8-f448-4a7b-bf8e-f7bf90c91516
"-74,06952581","4,729937329",13550,129A02,Urb. El Refugio de la Colina,4,2,6,AC 138 - AV. Boyacá,0f5a373c-bf9b-4d2b-b4c3-cbb0b02861f8
"-74,06923152","4,564322007",13551,407A13,Br. Los Laureles I,4,2,6,DG 13B Sur - KR 19 Este,435b6f45-b3b8-4fc3-9ade-30c865bd6919
"-74,06903768","4,581106369",13552,444A13,Br. El Consuelo,4,2,6,TV 11C Este - CL 1C,908c0efd-95c9-44b6-8046-24955268b4ee
"-74,06879402","4,607858523",13553,481A00,U. Jorge Tadeo Lozano,4,2,6,KR 5 - CL 22,110ca61e-dd36-4e66-b757-8b803ea599b2
"-74,06870996","4,624558552",13554,538A00,Br. La Magdalena,4,2,6,CL 36 - KR 13A,bc1873e7-2e64-40d2-be35-b1541e123a45
"-74,06864607","4,589403618",13555,364A13,Br. El Guavio,4,2,6,DG 4B - KR 5A E,a02a4565-4570-4c33-9045-6694bab81b52
"-74,06835715","4,667233932",13556,587A00,Br. La Aurora,4,2,6,KR 28 - CL 74A,e7dbb647-9b84-4591-8f64-3a9074e40b71
"-74,06834045","4,58738316",13557,362A13,Br. Egipto Alto,4,2,6,TV 6 E - CL 9A Bis A,8077c8a8-c8d3-4062-869b-545026fcbf23
"-74,06813905","4,562394403",13558,401A13,Br. Aguas Claras,4,2,6,TV 21A Este - DG 14 Sur,31cba3cd-d51b-488c-9041-8113a152b18b
"-74,06813887","4,55949043",13559,307A13,Br. Aguas Claras,4,2,6,KR 25A Este - CL 23 Sur,bf9ec80c-6bdc-475a-8611-19bfb6643ea8
"-74,06805335","4,562372362",13560,400A13,Br. Aguas Claras,4,2,6,TV 21A Este - DG 14 Sur,43f3a5d8-7788-46e0-9844-117368364d93
"-74,06796717","4,559675319",13561,308A13,Br. Aguas Claras,4,2,6,KR 25A Este - CL 23 Sur,aeb3a6a9-063d-41c2-b5b2-02875f2f81c1
"-74,06787257","4,563540213",13562,252A13,IED Aguas Claras,4,2,6,CL 13 Sur - KR 24B Este,5b8f8734-8107-4109-96d2-bb0a7f2234ad
"-74,06775987","4,563312621",13563,249A13,IED Aguas Claras,4,2,6,CL 13 Sur - KR 24B Este,730346d8-b16d-497a-b66c-74ddacdd51a6
"-74,06773793","4,585206886",13564,306A13,CAI Laches,4,2,6,DG 3C - KR 8 Este,6f2b642b-0170-4dfd-9d55-e46af53dc77b
"-74,06770562","4,585052858",13565,305A13,Br. Los Laches,4,2,6,DG 3C - KR 8 Este,0edc2955-b813-40fe-80b0-38e940bce9a3
"-74,06768395","4,56154376",13566,309A13,Br. Aguas Claras,4,2,6,CL 16 Sur - KR 25 Este,8d0f2a8c-db2a-4502-8e14-71d3fd5be81a
"-74,06756219","4,561378422",13567,310A13,Br. Aguas Claras,4,2,6,CL 16 Sur - KR 25 Este,b8c31eb9-d989-44c8-9c0b-6dd2c340ccae
"-74,06722962","4,58236379",13568,314A13,Br. Rocio Centro Oriental,4,2,6,DG 3D - KR 11 Este,63f78c31-b5e1-44ad-886a-28509c13f5cd
"-74,06684223","4,583628003",13569,446A13,Br. Los Laches,4,2,6,TV 9 E - DG 4,8574bef8-8b2b-4992-b698-20b91e9f70f7
"-74,06667703","4,58634911",13570,418A13,Br. Los Laches,4,2,6,CL 5 - KR 7A Este,c0f913dc-806e-4953-b48b-6d3112674221
"-74,06644867","4,591137981",13571,488A00,Br. Egipto Alto,4,2,6,TV 6 E - CL 9A,c1265cb0-7d30-4d14-aaad-1fd58c13ce63
"-74,06636392","4,589027305",13572,486A00,Br. Egipto Alto,4,2,6,TV 6 E - CL 7,549ccead-bae9-4dce-9ca4-08c0e2de593e
"-74,0659198","4,670051031",13573,588A00,Urb. Santa Sofía,4,2,6,KR 28 - CL 79,66ae730a-e8da-4e2a-bcf7-d3edc487d73e
"-74,06503203","4,597026721",13574,497A00,Vía Choachí,4,2,6,Vía Choachí - KR 5 Este,c6cac640-ca43-4ff5-9f20-b14f111beea1
"-74,06470596","4,738252023",13575,209A02,Br. El Plan,4,2,6,KR 59 - CL 152-48,3338599c-9b27-4fd8-8dd2-171abba40256
"-74,06461258","4,617222701",13576,661A00,Br. La Perseverancia,4,2,6,CL 32 - KR 4 Bis,997031b3-9f0a-4683-a10c-4f7f51a0e572
"-74,06374926","4,727945206",13577,126A02,Urb. Santa Helena,4,2,6,AC 138 - KR 57,aa409e7a-407c-449b-9eaf-f44db23ae511
"-74,0627156","4,746527593",13578,315A02,Br. Gilmar,4,2,6,KR 62 - CL 162A,9a8311a6-d049-4184-95b3-2b343dc3ba1c
"-74,06255995","4,736453893",13579,210A02,Br. La Sirena,4,2,6,CL 152 - AV. Villas,05346d02-2b86-4ede-bde3-8e26ff9736ca
"-74,06213836","4,748129508",13580,309A02,Br. Portales del Norte,4,2,6,KR 62 - CL 163,8195740e-f9db-4d6f-b93b-230d84b65c0e
"-74,06198424","4,748819239",13581,308A02,Br. Portales del Norte,4,2,6,KR 62 - CL 164,601948ba-4a55-4e08-b9fa-daa3d5430979
"-74,06105219","4,726905856",13582,124A02,Círculo de Suboficiales de las FF.MM.,4,2,6,AC 138 - KR 56,a78484f2-66a7-47b2-bdad-f0c764920980
"-74,06078498","4,73868299",13583,212A02,Br. Mazurén,4,2,6,CL 152B - KR 56,d939a3e4-9548-4026-9e97-321a340c7cee
"-74,05955834","4,739102364",13584,300A02,Urb. Versalles,4,2,6,KR 56 - CL 152B,30b1590e-c1af-4aa7-82ad-50280a9bd627
"-74,05954093","4,740654845",13585,347A02,Urbanización Parque Central Colina II,4,2,6,KR 56 - AC 153,15a90807-ce49-4db7-8bc8-4a925db001aa
"-74,05817008","4,725870364",13586,122A02,Urb. El Moral,4,2,6,AC 138 - KR 54,bb7cc93b-c928-42f6-82d6-d0daa19d1562
"-74,05742842","4,715967178",13587,063A02,Br. Prado Veraniego,4,2,6,CL 129 - KR 50A,a90d072d-4921-4f7e-a3f0-9c739c02fc2c
"-74,05551253","4,749228441",13588,075A02,Br. Britalia,4,2,6,CL 167 - KR 54D,839d01c9-acda-48d7-92ac-09bd1b82b8a3
"-74,0545682","4,724398031",13589,121A02,Agrupación Fuerte Ventura,4,2,6,AC 138 - KR 49-65,d9ed6df2-12af-48a5-8a05-fae8feb10d6e
"-74,05445413","4,724554444",13590,120A02,Br. Prado Pinzón,4,2,6,AC 138 - KR 49,95a92f9f-0f10-4a1b-b718-602e1f420d82
"-74,0537205","4,714105035",13591,269A02,Estación Prado,4,2,6,KR 45A - CL 128B,af0a2c69-035c-42f6-a9d9-0fa39a67ca5c
"-74,05186558","4,748764705",13592,073A02,Br. Britalia - El Tibon Albacete,4,2,6,CL 167 - KR 51A,4f4b6b60-5ff1-4070-a02d-0dcce7bd49f0
"-74,0516267","4,722457635",13593,320A02,Estación Alcalá,4,2,6,Auto Norte - CL 136,267f9b5c-4b88-454b-acdf-a6ff95951da6
"-74,0498978","4,73466438",13594,086A02,Centro Comercial Mazurén,4,2,6,CL 152 - Auto Norte,41593867-97fc-4194-8bbe-42d41a40fa9e
"-74,04949056","4,76263016",13595,169A02,Patio del Norte,4,2,6,AC 183 - KR 54D,cc6b4473-10e8-4d7f-b6d4-d5a9c8569970
"-74,04793529","4,747996062",13596,071A02,Br. Granada Norte,4,2,6,CL 167 - KR 45A,622f185c-6dab-4f00-b803-662f637479b1
"-74,04722298","4,760934938",13597,597A01,C.C. Santafé,4,2,6,AC 183 - Auto Norte,4194a866-77f1-4d99-ba04-eb89e44bc426
"-74,04615198","4,665022761",13598,598A00,Urb. El Refugio,4,2,6,KR 5 - CL 86,1a743aa1-92fe-4262-b255-5ed9122f50ad
"-74,04576541","4,729598237",13599,082A01,Br. Los Caobos,4,2,6,AC 147 - AK 19,99973ad1-15ec-442e-a25b-361305660c83
"-74,04476749","4,72975628",13600,083A01,Br. Las Margaritas I Sector,4,2,6,AC 147 - AK 19,576e85b3-81a1-46aa-9737-445c466c6efc
"-74,0442336","4,729495148",13601,219A01,Br. Las Margaritas I Sector,4,2,6,AC 147 - KR 17,bfc0d8db-5108-4b05-a34e-6e8be092d4df
"-74,04277707","4,688688925",13602,138A01,Br. Rincón del Chicó,4,2,6,CL 106 - KR 13,8211470a-7efe-4124-abc1-b9881feee504
"-74,04255883","4,729577538",13603,218A01,Br. Las Margaritas I Sector,4,2,6,AC 147 - AK 15,580505d3-7eac-4d59-9167-07cf5462039f
"-74,04247012","4,740698849",13604,078A01,Las Orquídeas,4,2,6,AC 161 - KR 18A,7a55b529-7939-4235-89fb-448c40f35504
"-74,04242469","4,718301853",13605,105A01,Br. El Contador,4,2,6,AK 15 - CL 135-25,becc0947-84ea-4a30-9d4a-068cf0fe312e
"-74,04181382","4,742800797",13606,375A01,Las Orquídeas,4,2,6,KR 18A - CL 163,3f0601a7-dc3d-4acb-b2b8-eae0e9baa851
"-74,04177153","4,760394041",13607,149A01,Br. El Verbenal,4,2,6,AC 183 - KR 19,f6b6aca0-9559-49a9-8632-c8ed4ce6c993
"-74,0415729","4,722669081",13608,109A01,Br. El Contador,4,2,6,AK 15 - CL 140A,a0d17a32-ce60-4ade-b2dc-75f462f12a25
"-74,04148276","4,726660129",13609,111A01,Br. Los Cedros,4,2,6,AK 15 - CL 144,ff96ce49-3151-4305-bbf1-d39500fe0ff1
"-74,04144858","4,743933031",13610,588A01,Br. las Orquídeas,4,2,6,CL 164 - KR 18,5feccc0a-5807-4a13-86a9-7f391a2af35f
"-74,0413762","4,72884267",13611,156A01,Br. Los Cedros,4,2,6,AK 15 - CL 146,15b06a1a-3b06-496f-ba91-196090ba9914
"-74,04116451","4,723297366",13612,110A01,Br. Cedritos,4,2,6,AK 15 - CL 141,273d3d37-80bf-456d-b894-26734bb57799
"-74,04101363","4,726692248",13613,112A01,Br. Acacias Usaquén,4,2,6,AK 15 - CL 145,9ccecceb-ba39-4c21-ba55-44f93f92c3a2
"-74,04090334","4,729556933",13614,155A01,Br. Cedro Bolívar II Sector,4,2,6,AK 15 - AC 147,662ca320-0b17-4991-9535-bd38ef81e451
"-74,03945893","4,728504544",13615,217A01,Br. Cedro Bolívar II Sector,4,2,6,AC 147 - KR 14,09c10ea8-57fe-4969-859a-309371cd76fd
"-74,03866179","4,745394258",13616,388A01,Urbanización Santa Mónica Norte,4,2,6,CL 166 - KR 16B,5315a88b-cea3-4ec4-bdb7-20606a38bc03
"-74,0382225","4,69248279",13617,613A01,Br. Santa Bárbara Central III Sector,4,2,6,AK 11 - CL 113,f1c932bd-7a39-4156-bb8d-65150ec3a814
"-74,03505208","4,7294824",13618,614A01,Br. Caobos Salazar,4,2,6,CL 151 - KR 12B,20294aad-2a3e-4d17-a499-2afb49f5b0f0
"-74,03305766","4,761678041",13619,435A01,Verbenal San Antonio,4,2,6,KR 11 - CL 185,de5c8a34-5e98-4171-8748-269c3c73da0c
"-74,03293487","4,761711053",13620,436A01,Verbenal San Antonio,4,2,6,KR 11 - CL 185,1127c79d-862a-47a9-9eac-0c5454e4a5b7
"-74,03120944","4,742739542",13621,100A01,Br. San Cristobal Norte,4,2,6,CL 165 - KR 8H,9e0a91be-853c-4d65-ac03-d7e03791cdba
"-74,03041216","4,724704171",13622,212A01,Br. Caobos Salazar,4,2,6,AC 147 - KR 7F,799cfb68-61d5-4e6c-b1e0-10bf2d2b1f78
"-74,03000752","4,735160296",13623,396A01,Br. Barrancas Norte,4,2,6,CL 159 - KR 8C Bis,4de2c84c-3c6a-4ade-9ebf-c5eed1458727
"-74,02999423","4,73897556",13624,346A01,Br. San Cristóbal Norte,4,2,6,CL 162 - KR 8G,b6891b08-39f9-4e5c-949a-bdedd361b88a
"-74,02967097","4,742847639",13625,401A01,Santa Teresa,4,2,6,KR 8G - CL 165-49,ef5ee402-4a16-433c-b7db-7efc9f1a41e0
"-74,02961473","4,768441094",13626,341A01,Urbanización las Palmas,4,2,6,KR 8B - CL 191,ab4f420a-bbe7-489a-abc3-5a5363e8bf53
"-74,02959697","4,7453428",13627,402A01,Br. Santa Teresa,4,2,6,KR 8G - AC 170,97a80c13-7dce-44c7-89f9-44f4ba43b9d0
"-74,02898862","4,736048773",13628,398A01,Br. Barrancas Norte,4,2,6,KR 8B - CL 160,7cf5d029-731b-48ee-8066-0c754e9233a1
"-74,02889421","4,765665727",13629,570A01,Br. Tibabita,4,2,6,CL 189 - KR 7B,ce3878e0-d7c5-4274-ac06-7960ebaaae48
"-74,02824602","4,73287519",13630,397A01,Br. Barrancas Kr 7H,4,2,6,CL 156 - KR 7H,aa912c75-e9f0-4f48-8bb9-0f6bb364bf52
"-74,02814198","4,729422535",13631,004A01,Br. Barrancas Perlas del Norte,4,2,6,AC 153 - 7F,e19881a7-857e-4e8b-8716-a30893f52424
"-74,02755321","4,737914563",13632,405A01,Br. San Cristóbal Norte,4,2,6,KR 8B - CL 161A,6b88cfa8-6407-4b15-80ec-8d388d9dd801
"-74,02751501","4,732741333",13633,535A01,Br. Barrancas Norte,4,2,6,CL 156 - KR 7G,637c456f-6ed6-4b37-9e3d-513b13af9513
"-74,02709252","4,723229086",13634,210A01,C.C. Show Place,4,2,6,AC 147 - AK 7,916c86e5-5a43-44e0-b708-0177423b0b5b
"-74,02677686","4,738330127",13635,383A01,Br. San Cristóbal Norte,4,2,6,KR 8 - CL 162,df4f20d9-c349-4283-9459-ecd92acf10d4
"-74,02647584","4,728632518",13636,002A01,Br. Barrancas Perlas del Norte,4,2,6,AC 153 - kr 7B,3b00448c-845f-47bb-9898-e8f1d9e0111e
"-74,02392909","4,76856674",13637,479A01,Br. Buena Vista La Estrellita II,4,2,6,KR 4 - CL 192,bcbffa7f-8c08-46a3-8ca5-437228afbdc7
"-74,02132802","4,669710422",13638,591A01,Br. San Luis - Altos del Cabo,4,2,6,KR 6 E - CL 98,a1c29744-42dd-4a0b-9401-916c67671fb2
"-74,01917911","4,673718247",13639,595A01,Br. San Isidro,4,2,6,"Vía La Calera Km 4,8 ",1bb7beed-e596-43ac-b623-f9bd75881641
"-74,09728206","4,735691992",13640,380A03,Br. Urb. Potrerillos de Suba,4,2,6,KR 102A - CL 132,a7464e57-1f72-4137-9f7b-d32eda6328de
"-74,08856663","4,512521806",13641,128A13,Br. la Cabaña,4,2,6,AV. V/Cio - CL 77A Sur,a8e2468e-8bf9-4bff-9b49-a872ee691fbc
"-74,08851529","4,505271",13642,109A13,Cl 82 S,4,2,6,AV. Circunvalar - CL 82 Sur,1a10a0f7-0d45-4bf6-a76f-6d8f28c7cf59
"-74,08603732","4,501305853",13643,108A13,Br. Tihuaque,4,2,6,AV. Circunvalar - CL 87 Sur,beacdebd-6b2a-463a-971f-c3f63993c153
"-74,0882187","4,505187605",13644,110A13,Br. San Pedro S,4,2,6,AV. V/Cio - CL 82 Sur,1fb10d46-550f-4526-b549-097b264f04a4
"-74,08863185","4,506668073",13645,114A13,Urb. Compartir,4,2,6,AV. V/Cio - CL 81 Sur,3a4aba52-89dc-46a7-8dbd-a0d151304cfd
"-74,17743773","4,598966867",13646,109A09,Cementerio Jardines del Apogeo,4,2,6,CL 59 Sur - KR 97 K,cebc8c25-9f39-420d-95cf-075df9c46917
"-74,09432032","4,568835236",13647,543A13,Plaza del 20 de Julio,4,2,6,CL 27 Sur - KR 5,27d29664-8ae8-4ede-b8fd-785b087ac0af
"-74,07476547","4,594985515",13648,114A00,Colegio Salesiano Leòn XIII,4,2,6,KR 5 - CL 8,0fd4fa17-7e26-4f52-bf7b-34fcca5da9ec
"-74,07344207","4,597259274",13649,115A00,Biblioteca Luis Angel Arango,4,2,6,KR 5 - CL 11,62789039-c144-46b5-bca7-74fe981a28fd
"-74,0721422","4,599458314",13650,846A00,Plazoleta del Rosario,4,2,6,KR 5 - CL 12B,c55ecb4c-1255-48d8-81c6-330b4d4c951d
"-74,06914663","4,600182847",13651,607A00,Parque de los Periodistas,4,2,6,KR 3 - CL 12DBis,99075b7d-8eb4-4d25-b298-51eb0be340f3
"-74,06757097","4,601780151",13652,611A00,Br. Las Aguas,4,2,6,KR 2A - CL 18A,45181173-300d-4955-bef0-a8e5c5dae9aa
"-74,06862805","4,604291701",13653,480A00,Fenalco,4,2,6,KR 4 - AC 19,8176677c-9cb2-4781-a17f-5d481d3f4122
"-74,06952746","4,602110492",13654,608A00,Parque de los Periodistas,4,2,6,KR 4 - CL 17,9baebc28-3094-4ed2-aada-81d2edc5dfbf
"-74,07037817","4,600471766",13655,464A00,Eje Ambiental,4,2,6,KR 4 - CL 12D,a6e961f2-bded-459f-b0f2-25adb3791781
"-74,07192756","4,597918103",13656,462A00,Biblioteca Luis Angel Arango,4,2,6,KR 4 - CL 12,314e84fa-1f75-44af-9bf3-40a69d7a956e
"-74,07370736","4,594933857",13657,455A00,Colegio Salesiano Leòn XIII,4,2,6,KR 4 - CL 9,c088cf12-7fc7-401b-8a78-9e566b727a3e
"-74,199466","4,622104",13658,254A09,Br. El Remanso,4,2,6,DG 72 Sur - TV 88A,d812ad73-6791-40b6-a470-ead6d5dd9234
"-74,18896043","4,619702938",13659,552A09,Br. Villas de Valero,4,2,6,TV 86B - CL 59 A Bis Sur,2dd441dd-ecd2-4341-ba45-46ce64f8ba17
"-74,10502807","4,542098637",13660,404A12,Br. Diana Turbay Cultivos,4,2,6,KR 2D Bis Este - CL 48Y Bis Sur,5f1c112d-87f5-490e-b2aa-8780ddb99075
"-74,10707446","4,543449598",13661,255A12,Br. La Marqueza,4,2,6,CL 49B Sur - TV 1A E,d2a85462-83be-47e4-83d9-edbb0696c515
"-74,11686692","4,581622831",13662,389A11,Urb. Quiroga IX Etapa,4,2,6,CL 33 Sur - KR 23D,fa468602-a528-424b-9dcc-14fe5986efde
"-74,11619948","4,579733904",13663,385A11,Quiroga Central,4,2,6,CL 33 Sur - KR 22,515ecf62-8a4f-46e4-be88-b1d7e7c159c5
"-74,11524992","4,577248317",13664,387A11,Quiroga Central,4,2,6,CL 33 Sur - KR 18A,dc7f6eba-7b39-4a09-bd02-3bef812195d6
"-74,1129814","4,574455844",13665,313A12,Las Colinas,4,2,6,DG 32B Sur - KR 15C,c4c059e5-279c-4ad0-9b13-1405d2232b89
"-74,111828","4,569766",13666,310A12,La Resurrección,4,2,6,KR 12D - DG 32CBisA Sur,a88353cf-ec24-4b75-88b9-e2614a402b04
"-74,11071173","4,56791139",13667,290A12,Las Lomas,4,2,6,CL 37 Sur - KR 12A,e8ee338d-f072-4993-86a0-fa18bf44f056
"-74,108415","4,564744",13668,300A12,Las Lomas,4,2,6,TV 11A - DG 38G Sur,c5b868ae-bf1a-4bbd-8ddc-38b38278e5b2
"-74,11362794","4,575402229",13669,312A12,Gustavo Restrepo,4,2,6,DG 32B Sur - KR 13D,98b4ce7c-f183-47de-a7b0-ef9273eee51d
"-74,11517985","4,577301778",13670,388A11,Quiroga Central,4,2,6,CL 33 Sur - KR 18A,35b21cc6-2b05-46aa-9819-d720b5706936
"-74,116102","4,579853",13671,386A11,Quiroga Central,4,2,6,CL 33 Sur - KR 22,1360d615-c7c2-45c3-a11d-6879c87fd34d
"-74,11679365","4,58171412",13672,390A11,Quiroga Central,4,2,6,CL 33 Sur - KR 23D,61360726-8f1d-4002-baf1-efbb20725218
"-74,149818","4,585609",13673,234A10,Rincón de Nuevo Muzu,4,2,6,KR 60A - DG 52A Sur,84443800-d1e2-4857-a8be-df2bb2303ba5
"-74,148512","4,584761",13674,237A10,Br. Nuevo Muzu,4,2,6,DG 53 Sur - KR 59B,e5a4984c-c1db-43f8-8d83-91570ceef7fb
"-74,14881152","4,586378116",13675,238A10,Br. Nuevo Muzu,4,2,6,KR 59B - DG 52A Sur,a9c5d8df-320e-4b90-8700-5cace45e1fc3
"-74,14024","4,588734",13676,246A10,Br. Fátima,4,2,6,TV 44 - CL 52A Sur,a10fa4b3-13c5-4ea1-aa0e-0fc69ac0d9b1
"-74,09606229","4,689207741",13677,199A04,Br. Santa María,4,2,6,KR 73A - CL 72A,9d3881cb-83d8-4205-a378-c91a06946f9c
"-74,10263424","4,679031859",13678,420A05,Urb. Los Nogales,4,2,6,CL 64F - KR 73,494124ef-9d4e-4a10-b35a-572b796e8720
"-74,10424655","4,678828618",13679,275A05,Br. El Encanto,4,2,6,KR 73A BIS - CL 64C,aae79766-1aec-4006-bac2-e1f206084103
"-74,1074192","4,679715146",13680,421A05,Alameda de Villaluz,4,2,6,CL 63F - KR 76,3dafebb4-c758-4d7b-ac29-7fd750ab02a1
"-74,08077332","4,623573774",13681,671A00,Br. Usatama,4,2,6,TV 28 - CL 24,42087993-328f-4045-ad9e-ccb890156d80
"-74,08251325","4,620840648",13682,672A00,Br. Usatama,4,2,6,TV 28 - CL 22C,aa4c0280-95ad-49a1-87e9-0be2feabf0a0
"-74,10176797","4,596885624",13683,411A00,Br. Santa Isabel Sur,4,2,6,CL 1B - AK 27,2f2a6c19-fc9a-4afe-a715-c3663877082b
"-74,14819","4,587997",13684,242A10,Br. Nuevo Muzu,4,2,6,KR 59 - DG 51B Sur,e5baf28d-ab08-42ee-b4da-01c4a3e68044
"-74,1475877","4,585334613",13685,241A10,Br. Nuevo Muzu,4,2,6,KR 59 - DG 52B Sur,b15c3249-e624-473b-afa5-9ef2d1f517cd
"-74,148711","4,584816",13686,236A10,Br. Nuevo Muzu,4,2,6,DG 53S - KR 59B,2235a4db-7509-41a5-aa5d-ffd08e84c422
"-74,149747","4,585735",13687,235A10,Rincón de Nuevo Muzu,4,2,6,KR 60A - DG 52A Sur,7a12a02d-9bcd-4fa6-93c2-909eeb1032c2
"-74,16725612","4,5858792",13688,192A10,Br. Ismael Perdomo,4,2,6,CL 64 Sur - KR 72-47,f7588dce-76b3-4fa9-906b-03b33088b6fd
"-74,163531","4,587343",13689,295A10,IED María Mercedes Carranza,4,2,6,TV 70G - CL 64 Sur,efbe09ea-6a91-49fb-a92a-1cabb97162db
"-74,09082728","4,68248354",13690,300A05,Br. La Estrada,4,2,6,KR 69K - CL 71-63/67,61ca53f3-1893-4cd4-a991-3e29b4f2f3c6
"-74,0923653","4,680308705",13691,359A05,Pq la Estrada,4,2,6,KR 69K - CL 69A-27/17,dd94516a-48cd-4974-a776-b1a08d682e9a
"-74,09395608","4,678061772",13692,292A05,BR. La Estrada,4,2,6,KR 69K - CL 67,0ae0e91f-a05e-45e8-92cc-364886ff3a99
"-74,09510326","4,675423591",13693,382A05,Br. La Estrada,4,2,6,KR 69H - CL 64H,85fe9a80-b4dc-4b94-b775-4b49295c58c9
"-74,09737974","4,673825513",13694,279A05,UPA la Estrada,4,2,6,AC 64C - KR 69L Bis,74f7cfd4-13ab-4623-8f32-45b54e7bf7df
"-74,097189","4,673428",13695,278A05,Br. Bosque Popular,4,2,6,AC 64C - KR 69L,5ef3f550-2053-4635-b190-facf2f100ca3
"-74,09431101","4,676387263",13696,363A05,Colegio Estrada de María Auxiliadora,4,2,6,KR 69H - CL 65-84/90,96707018-1a44-41fd-aa54-10570c66bbd2
"-74,09358432","4,677607638",13697,291A05,BR. La Estrada,4,2,6,KR 69i - CL 67,f66f5c80-fdc4-4fa7-81d3-0c3de3495312
"-74,09189779","4,679980805",13698,360A05,Pq la Estrada,4,2,6,KR 69I - CL 69A-22/26,8fc949ba-a028-4fde-92e2-be15f0adc654
"-74,09040314","4,682082653",13699,299A05,AC 72,4,2,6,KR 69I - CL 71-64/60,449e0bca-f5b0-4cb0-a5f2-ebf875fea09f
"-74,169906","4,585563",13700,184A10,Br. Ismael Perdomo,4,2,6,KR 73D - CL 64A Sur,7380e6dc-935e-43f3-af8a-77ff71982081
"-74,10846422","4,748436683",13701,318A03,Sabana de Tibabuyes,4,2,6,CL 143 - KR 127C,84b22f2d-e2bc-457b-9ddc-dd25a6df4cf7
"-74,10852806","4,748579946",13702,410A03,San Andrés Afidro,4,2,6,Cl143 - KR 127D,703a4394-2180-49d6-9a06-7db47d79443c
"-74,06009991","4,735049142",13703,357A02,Br. Mazurén,4,2,6,KR 56 - CL 151,5d1a6e3c-e1a9-4c5c-9a58-ada48cc5b1d6
"-74,0597351","4,734519457",13704,356A02,Br. Mazurén,4,2,6,CL 151 - KR 55,0bc13152-035a-4d29-ac04-a5beff6fd638
"-74,05748676","4,734107741",13705,355A02,Br. Mazurén,4,2,6,CL 151 - KR 54A,78fe906e-f1fb-4adb-92a0-2eebf4528d5a
"-74,05712427","4,734217192",13706,354A02,Br. Mazurén,4,2,6,CL 151 - KR 54A,489b38ee-facc-45e2-a3c7-ad5e599670ea
"-74,08983447","4,632229575",13707,121A06,Br. Centro Nariño Kr 39,4,2,6,CL 25 - KR 39,faf75bbe-47e1-4a1a-90be-eb14c89e875f
"-74,05449862","4,732681949",13708,353A02,Br. Victoria Norte,4,2,6,CL 150 - KR 53,0950f317-03e0-439f-982e-036e4545507e
"-74,05417542","4,732741123",13709,352A02,Br. Victoria Norte,4,2,6,CL 150 - KR 53,2e1f072e-9285-4078-976a-d93aef2ca467
"-74,05068369","4,731970323",13710,351A02,Estación Calle 146,4,2,6,CL 150 - KR 45,3a4ce968-4fa0-4ab3-a415-b228c34e5b8a
"-74,092808","4,563532255",13711,522A13,Br. Bello Horizonte,4,2,6,CL 30B Sur - KR 1A,4e08cf60-4297-416a-8534-8a34aa0b7822
"-74,04756819","4,746946486",13712,364A02,Estación Toberín,4,2,6,Auto Norte - CL 166,da0a5c53-bd6f-467a-828d-8c64016a9a09
"-74,0485311","4,745143795",13713,263A02,Urb. La Esperanza,4,2,6,CL 163B - Auto Norte,5a732394-bfeb-46da-afe0-ece2dc14aa9e
"-74,05888001","4,74372884",13714,275A02,Br. Cantalejo,4,2,6,KR 56 - CL 160,d9fbdb3c-7cf9-468d-93dc-b1ba429f5127
"-74,05806016","4,745030144",13715,276A02,Urb. Arcos de Cantalejo,4,2,6,CL 162 - KR 55C,c5337235-166e-4afb-97d8-66c94e10d16a
"-74,05775522","4,742626386",13716,360A02,C.R. Rincón del Carmel,4,2,6,CL 160 - KR 55,1fdf77d9-f1b8-4e3d-9985-a8f9199fdc53
"-74,05523882","4,744537804",13717,359A02,Pq. Sotavento,4,2,6,CL 162 - KR 54,2ab62755-5ce4-43fc-96ed-2d5fe35f2c7e
"-74,05237389","4,746007808",13718,260A02,Urb. La Estancia,4,2,6,CL 163B - KR 52,c8b9f737-a2f3-4b43-ace6-222439c34b8a
"-74,10184066","4,645564897",13719,427A06,C.C. Gran Estación 2,4,2,6,KR 60 - Av. Esperanza,acdaa0f4-c8ea-4c45-a76b-68b839e249a5
"-74,13768183","4,673233432",13720,426A06,Br. San Sebastián,4,2,6,AC 22 - KR 96F,4d8f7fb3-e856-43cc-85a0-cf2993c49383
"-74,08941782","4,63286336",13721,425A06,Br. El Recuerdo,4,2,6,AK 40 - CL 25 Bis,80799bb4-dc4d-48e5-b0d1-c6fcbbe89157
"-74,08539176","4,567268926",13722,558A13,Br. San Blas,4,2,6,TV 4 Este - CL 21 A Sur,8f679205-b717-4ead-b7e2-55c2ca728394
"-74,08363725","4,539751151",13723,411A13,Br. Quindío I,4,2,6,AV. Circunvalar - DG 46 Sur,ceff896e-590d-4baf-bdf3-9e5523fd7cbf
"-74,05846826","4,648835214",13724,563A00,Br. Granada,4,2,6,CL 65 - KR 5-93,22858828-4b7e-4986-a1f0-6916379a4326
"-74,06657736","4,716921794",13725,363A02,Br. Prado Sur,4,2,6,CL 129 - KR 56C,2bdae61f-9137-4e75-9b2c-7a099f2d4b4a
"-74,10973793","4,608463301",13726,637A08,Urb. Central,4,2,6,KR 38 - CL 2C,f5e9404f-39d0-4b1f-a205-2a647e12dfe6
"-74,10758506","4,606087202",13727,615A08,Br. Brisas de Sotavento,4,2,6,CL 2 - KR 35A,4b3ae456-d7d2-44a0-b18b-9adf4f115b03
"-74,1052531","4,604313706",13728,614A08,Pq. Sotavento,4,2,6,CL 2 - KR 32A,af0591a4-4f24-4cda-a2d2-1642eea2590f
"-74,103688","4,603246879",13729,613A08,Urb. La Estancia,4,2,6,CL 2 - KR 31A,d36d00bf-33a2-4c9e-b81e-c41eb44b6bd4
"-74,10160422","4,601909908",13730,800A00,Br. Granada Norte,4,2,6,CL 2 - KR 29B,1f5821f9-0581-49bf-b9e7-eecaa6805e04
"-74,17641527","4,64985432",13731,629A08,Br. Las Palmitas,4,2,6,CL 40 Sur - KR 99F,51c52576-300f-4a9a-8863-be4045785363
"-74,17639774","4,649966637",13732,628A08,Br. Las Palmitas,4,2,6,CL 40 Sur - KR 99F,12e560bb-2f67-4400-b768-aabd52149423
"-74,17402458","4,638294672",13733,565A08,Br. Dindalito,4,2,6,CL 42F Sur - KR 90A,55a9479b-c1dc-48c2-bcd6-9e686d688c6b
"-74,11192592","4,5404684",13734,519A12,Br. La Fiscala Sector Daza,4,2,6,KR 4 E - DG 53 F Sur,9faf7619-466c-4f47-b390-6ef850ca90a3
"-74,11177579","4,540203654",13735,518A12,Br. La Fiscala Sector Daza,4,2,6,KR 4 Este - DG 53G Sur,f22384a1-b830-437c-9c96-bcb097f8e6ab
"-74,15452978","4,603080726",13736,626A09,Br. Boitá,4,2,6,CL 48B Sur - KR 72M Bis B,3774881e-5812-4a82-bc57-47572f46d20b
"-74,13646614","4,61766228",13737,136A08,C.C. Plaza de las Américas,4,2,6,CL 8 Sur - KR 71A,9e5aa33a-33da-49bd-9d9c-156334223acc
"-74,14739527","4,601650933",13738,625A09,Br. San Andrés II Sector,4,2,6,TV 72D - CL 43A Sur,f64831b0-4624-4afc-bead-4150d4794d74
"-74,08254766","4,576984025",13739,275A13,Br. La María,4,2,6,KR 2 - CL 9 Sur,3d07223a-2c19-4af0-b0ca-a073e888b296
"-74,12221614","4,616291903",13740,473A08,Br. La Camelia,4,2,6,CL 2 - KR 54-25,95bc9903-5c7e-4330-aec0-aacc272c8793
"-74,12016862","4,6175983",13741,632A08,Br. Galán,4,2,6,KR 54 - CL 2A,eda8558a-7b1c-496c-ba81-2c06e7d2d66b
"-74,03852543","4,692408752",13742,666A01,Br. Molinos Norte,4,2,6,AK 11 - CL 112,77a50db0-9fe6-4c7e-9c05-7132982e2dee
"-74,04134433","4,687010846",13743,665A01,Batallón Policía Militar,4,2,6,AK 11 - CL 104A,2cc869b8-8bfe-4036-8158-cd95756a602b
"-74,04245216","4,684777481",13744,664A01,U. Nueva Granada,4,2,6,AK 11 - CL 102,03b55199-1d3a-4730-9f35-f0c4429b6ea3
"-74,186038","4,612693",13745,480A09,CED Argelia,4,2,6,KR 81 D - CL 60C Sur,ae517d67-7b44-43e3-ab37-85eb360f22f9
"-74,184884","4,612462",13746,478A09,Desarrollo Argelia,4,2,6,CL 60 Sur - KR 81A,fccbb1de-57ad-4ddb-8bbf-0330befd8485
"-74,18329893","4,609796559",13747,237A09,Colegio Claretiano,4,2,6,CL 60 Sur - KR 80D,cfe3056b-6309-4db5-b096-f3760df25b14
"-74,04431407","4,744587475",13748,379A01,Br. Las Orquideas,4,2,6,CL 164 - KR 19B-43,805a562e-1226-498b-8144-dd917ca4558b
"-74,039325","4,743407",13749,385A01,Br. Las Orquídeas,4,2,6,CL 164 - KR 16B-59,58506b63-84d0-4c63-be55-5859f6dbd3da
"-74,03001133","4,764272075",13750,440A01,Br. Tibabita II,4,2,6,KR 8C - CL 187A,f777ff92-ec5c-40b3-8c74-4d595b872e05
"-74,10332859","4,498250783",13751,371A12,Br. Nuevo Progreso,4,2,6,KR 6E - CL 92 Sur,6d05c8c2-0158-4b55-b854-0f7d271a3401
"-74,16463984","4,608475564",13752,366A09,Br. Perpetuo Socorro,4,2,6,KR 77Q - CL 47A Sur,65c940f9-8354-4649-b93f-61862164e0c9
"-74,16610451","4,599503234",13753,499A09,Br. Olarte,4,2,6,CL 57B Sur - KR 72A BIS A,777610fb-4e32-4c27-b556-ba7471ef23e2
"-74,14484732","4,607440274",13754,422A09,Br. La Campiña,4,2,6,KR 72H - CL 39B Bis A Sur,18e11e50-40b6-4816-89e2-966654ad425d
"-74,14294471","4,609471766",13755,595A09,Br. Argelia,4,2,6,KR 72H - CL 38B Sur,88daf325-b887-48f5-8c57-b7f39232a89b
"-74,14010331","4,611549051",13756,437A09,Br. Carvajal,4,2,6,KR 69B - 37A Sur,3a7de31a-5c50-4e97-b5c3-e13ce5ab3e9b
"-74,13693579","4,61325767",13757,439A09,Br. Carvajal,4,2,6,KR 69B - CL 31 Sur,bc4d8861-8102-42fb-94df-bf5b0df533fe
"-74,16630925","4,599601843",13758,500A09,Br. Olarte,4,2,6,CL 57B Sur - KR 72B,70fd74fb-ddf1-41a1-a215-b4a0dc1b4a78
"-74,16485788","4,608345994",13759,365A09,Br. Perpetuo Socorro,4,2,6,KR 77 Q - CL 47B Sur,6bda0bdd-2770-4546-a64f-82f2b53cc2ed
"-74,04711177","4,750437221",13760,311A02,Br. Granada Norte,4,2,6,Auto Norte - CL 169,d030c0ff-9595-4b74-99d3-031808f529c4
"-74,04819185","4,743142417",13761,301A02,Estación Cardio Infantil,4,2,6,Auto Norte - AC 161,f16d2fd2-8c14-4b79-a3b4-51d6f81f161f
"-74,12460726","4,581999524",13762,354A10,Br. Inglés,4,2,6,DG 41A Sur - KR 25B,aa75390f-fbe4-4c41-9eb2-c83c73f65a86
"-74,11897725","4,582351769",13763,165A10,Br. Bravo Páez,4,2,6,CL 36 Sur - KR 24,068889eb-566a-4c40-ac7a-2c3347d4cb82
"-74,04670111","4,747437474",13764,615A01,Br. Toberín,4,2,6,Auto Norte - CL 166,d4f8bb57-156b-481b-97ad-e651cf615b8f
"-74,13616976","4,712585167",13765,225A05,Br. Villa Teresita,4,2,6,KR 115D - CL 68,a640ae3f-7bad-4b47-adb0-559ffd42af74
"-74,13498344","4,714199992",13766,238A05,Br. Villa Teresita,4,2,6,KR 116B - CL 70A,cddab7ce-32af-4c4a-959f-e85b6797f097
"-74,18670535","4,614527275",13767,606A09,Br. La Paz,4,2,6,KR 82A - CL 61 Sur,e6dbf67c-5ab4-46f7-827c-4f37cbb7cfcc
"-74,18694545","4,615153815",13768,607A09,Br. La Paz,4,2,6,KR 82B - CL 61 Sur,c4c6febe-a263-4fa0-b08f-5854ddc0460a
"-74,11433904","4,661738664",13769,422A06,Br. La Esperanza Norte,4,2,6,CL 24B - KR 71,ba47e6d2-a789-4763-ad9e-8eab4ff1149a
"-74,147207","4,608553463",13770,554A09,Br. Carimagua I Sector,4,2,6,CL 40 Sur - KR 72H,94a2b1aa-2392-4f12-af45-9128647e738e
"-74,07841777","4,590789457",13771,332A13,Br. Santa Bárbara,4,2,6,KR 6 - DG 3A,28fdaaa2-8c64-424d-a7f0-b0f42a164aae
"-74,107642","4,705667",13772,273A04,Br. París,4,2,6,CL 76A - KR 93,719ad956-5408-4d3b-b49b-2b569f188e0b
"-74,105247","4,703351",13773,274A04,Conjunto Residencial Afidro,4,2,6,CL 76A - KR 89B,cd0cdb7e-4c4a-42a0-bb2b-b88d28453c62
"-74,103649","4,701781",13774,275A04,Urbanización San Cayetano,4,2,6,CL 76A - KR 87,c8b14766-f8cc-40f1-94fe-3ff64145485d
"-74,09574657","4,54529073",13775,162A13,Cl 46 Sur,4,2,6,KR 3B E - CL 46-31 Sur,8e3f5dae-22d3-4d78-9ad0-f3154d46d37d
"-74,14096107","4,625998417",13776,493A08,Br. Las Américas Occidental II,4,2,6,CL 3 - KR 72D,adc226b5-907b-4740-85e1-21ca9bb83414
"-74,129096","4,600118",13777,517A09,Br. Ospina Perez,4,2,6,Cll 38 Sur - KR 51 D,33fbc5bb-a710-41f4-bca6-ff5f74ddd3b7
"-74,10337128","4,621336074",13778,275A07,LA MERCED,4,2,6,CL 12 - KR 42B,a1010ef5-c4c2-4d72-a30e-d23b2609c365
"-74,129127","4,600046",13779,518A09,Br. Ospina Perez,4,2,6,Cll 38 Sur - KR 51 C,8797f9e2-a319-4be5-b979-95606e0e9218
"-74,093624","4,720124",13780,332A03,Br. el Rincón,4,2,6,CL 127C - KR 92D,75417fc6-e3ea-4648-a2b4-39f393936cdd
"-74,05586198","4,681260288",13781,283A00,Br. Chicó Norte III Sector,4,2,6,CL 94 - TV 21,1186c940-7b59-400e-9e54-903e0713984d
"-74,02838412","4,769775491",13782,467A01,Br. Tibabita I,4,2,6,CL 193 - KR 7A,a4540dc2-eb04-40ab-9b1e-cfe5d0f9ac25
"-74,10361741","4,728266868",13783,273A03,San Francisco Suba,4,2,6,KR 118A - CL 126F,97f8b8fb-5436-42a9-9734-3b464c41181d
"-74,10127007","4,730135669",13784,338A03,Parque Aures II,4,2,6,CL 129 - AV. C. de Cali,9bd4ba1f-6579-4a57-ae2f-ca622b81ef95
"-74,10127053","4,730243155",13785,339A03,Parque Aures II,4,2,6,CL 129 - KR 104B,b0d45b7d-7e0e-4eea-ba1b-1c76fb9620c3
"-74,10381036","4,728139363",13786,272A03,San Francisco Suba,4,2,6,KR 118A - CL 126F,28d264e6-75e3-4afe-bc91-72e193dac714
"-74,16704364","4,697323494",13787,217A06,Br. Puente Grande,4,2,6,CL 17F - KR 136,999b6e43-4154-485d-a218-45765dd75064
"-74,06430492","4,635134252",13788,549A00,Br. Marly,4,2,6,KR 8 - CL 48,db39f4da-27d6-4330-b8c3-d0a0c863a89f
"-74,156577","4,670261",13789,295A07,Urb  Sabana Grande  Kr 106,4,2,6,KR 106 - CL 14,3994f9ed-800e-4ae7-ac54-32b8f15faad0
"-74,15456553","4,666661014",13790,224A07,Br. Predio Nariño,4,2,6,DG 15A - KR 99,00ce61b7-4478-436e-8df7-9b66e232abfa
"-74,200877","4,60878",13791,141A09,Br. Gran Colombiano,4,2,6,KR 80J - CL 73G Sur,57efcf59-4d2c-44de-a7ea-dc6cd3f1d7c4
"-74,20079303","4,619578872",13792,244A09,Br. La Estancia,4,2,6,KR 87C - CL 74 Sur,09b47cf9-c774-494e-b8ce-cf6f23a08dc6
"-74,20072209","4,619538447",13793,243A09,Br. La Estancia,4,2,6,KR 87C - CL 74 Sur,3410d367-106d-4aea-a591-a37b6638850a
"-74,19910976","4,608403887",13794,171A09,Br. Gran Colombiano,4,2,6,KR 80J - CL 73A Sur,0d08d0da-6cf3-4e4a-be0f-81938843ddd0
"-74,19707267","4,620555861",13795,256A09,Br. La Vega San Bernardino,4,2,6,KR 87C - CL 70D Sur,16b0af95-cc52-44a7-aa5f-f3c79607daa4
"-74,1953333","4,606407282",13796,186A09,Br. El Retazo,4,2,6,CL 71 C Sur - KR 80,e3c68228-1e14-4e2e-8c20-6c896a17dd60
"-74,18150511","4,589990858",13797,368A10,Br. Los tres Reyes II Sector,4,2,6,KR 77C - CL 60B Sur,1b644545-447e-4c7d-ab92-3991be471bf0
"-74,18142733","4,591332045",13798,369A10,Br. Primavera II,4,2,6,CL 60A Sur - KR 77B,d691c61e-986e-409a-acfd-59df8e6f90c9
"-74,18087382","4,587073812",13799,366A10,Br. Los tres Reyes I,4,2,6,KR 77C - CL 62I Sur,bd93f05a-f21b-4eef-b1ba-1842728dd12b
"-74,18071056","4,586070549",13800,365A10,Br. Los tres Reyes I,4,2,6,KR 77C - CL 62I Sur,b1fdaa7c-e9e5-4df9-8475-8746fa6ff999
"-74,18058873","4,592392723",13801,370A10,Br. Primavera II,4,2,6,CL 59A Sur - KR 76A,f9112c7d-c37f-4359-8ea5-4733ecf5b4d8
"-74,18056691","4,588485759",13802,367A10,Br. Los tres Reyes II Sector,4,2,6,KR 77 Bis A - CL 62C Sur,52dbe43e-04fd-47f4-80db-78aa926194f3
"-74,17990396","4,58573725",13803,206A10,Br. Los Tres Reyes I Etapa,4,2,6,CL 63A Sur - KR 77,fb7218c4-c214-4f7a-ac5b-6f16c22461e2
"-74,16671157","4,610595159",13804,602A09,Br. Perpetuo Socorro,4,2,6,CL 50 Sur - KR 77X Bis,5222754d-1f29-4617-b821-e97f80f67aa3
"-74,16664697","4,609739601",13805,601A09,Br. Perpetuo Socorro,4,2,6,CL 50 Sur - KR 77V,1c1b5024-0726-46ac-8af5-2d42cca49688
"-74,16320549","4,603205617",13806,605A09,Urb. Olarte,4,2,6,KR 71D - CL 54 Sur,6a6bbc5c-f43f-4912-b869-82a126e08a15
"-74,15045737","4,614093665",13807,599A09,Multifamiliares Carimagua,4,2,6,KR 73 - CL 39 Sur,f166df49-4d91-49ed-b649-fc7a4a06cc54
"-74,15000731","4,544181296",13808,260A11,Br. San Rafael,4,2,6,DG 73A Sur - TV 18K,d6f9266c-ad4a-4970-b381-25781eddd4ef
"-74,14970056","4,54451772",13809,261A11,Br. Naciones Unidas,4,2,6,DG 73A Sur - KR 18J,4005c872-78e1-4763-a477-50dac40ed577
"-74,14944221","4,5414253",13810,236A11,Br. Naciones Unidas,4,2,6,KR 18K - CL 76A Sur,483e3d52-5bc4-4858-870f-ad0803b217f2
"-74,14941639","4,54163559",13811,237A11,Br. Naciones Unidas,4,2,6,KR 18K - CL 76 Sur,948aad65-6b72-4f21-a815-bb602893ec07
"-74,14883184","4,545563997",13812,266A11,Vista Hermosa,4,2,6,DG 72 Sur - TV 18J,99c04303-0dc4-495f-9174-6a5ab2d89e8e
"-74,14846661","4,546167717",13813,267A11,Br. San Rafael,4,2,6,DG 72 Sur - TV 18I,a5547542-bdf4-4b86-9463-d56a56da99c5
"-74,14841791","4,615767883",13814,600A09,Br. Lucerna,4,2,6,KR 73 - CL 38B Sur,a3df77ed-1e7b-403c-921f-ae1a3d6d9e00
"-74,14836932","4,540425974",13815,241A11,El Tesoro,4,2,6,DG 77A Sur - KR 18H,8b5e2ffd-da05-4f06-aa91-3cf7c86cd198
"-74,14832564","4,540298074",13816,240A11,Br. Naciones Unidas,4,2,6,DG 77A Sur - TV 18H,cbdd3612-e4d8-4652-82e2-6e919c39ee4e
"-74,14747124","4,634758524",13817,164A07,Br. Catania,4,2,6,CL 6C - KR 78G,1105bd3f-2456-4cc0-ab53-290863304fd0
"-74,14719578","4,616574152",13818,598A09,Br. Provivienda Occidental,4,2,6,CL 38 Sur - KR 72R,4534c823-b7e5-4a48-bb82-ffa20904b373
"-74,14707511","4,539560571",13819,245A11,Br. Cedritos del Sur,4,2,6,DG 77A Sur - KR 18F,8499346c-0447-4ccc-9b6c-5710ab93f1a6
"-74,14685785","4,539402734",13820,244A11,Br. Naciones Unidas,4,2,6,DG 77A Sur - KR 18G,1dd48334-46b3-4365-b573-043c1ce715c7
"-74,14654517","4,538929078",13821,544A11,Br. El Tesoro,4,2,6,KR 18F - CL 78A Sur,a7f7dace-0524-4ff7-9081-dfe5b6798764
"-74,14515955","4,614057344",13822,597A09,Br. Carvajal II,4,2,6,CL 38 Sur - KR 72M,71859017-ddfe-41ae-9856-e4abf04581b8
"-74,14361109","4,538614374",13823,248A11,Br. Cedritos del Sur,4,2,6,CL 78C Sur - KR 18B,fac08d50-a5b1-4cb8-92a1-4e2edcd98388
"-74,14357176","4,612109323",13824,596A09,Br. Carvajal II,4,2,6,CL 38 Sur - KR 72J,4c217374-5218-4915-86cb-dc8247b80ba2
"-74,14343694","4,544067055",13825,549A11,Br. Estrella del Sur,4,2,6,KR 18A Bis - CL 73 Sur,3d64eca1-046d-45a0-aecf-c772ab4cbe1b
"-74,14343","4,54232954",13826,258A11,Br. Estrella del Sur,4,2,6,KR 18A BIS  - CL 74 Sur,5d8fb554-cc69-4f8b-8e4d-d0823421966d
"-74,14335793","4,538653154",13827,247A11,Br. Quiba,4,2,6,CL 78C Sur - KR 18A,d3efef66-fca7-43e2-920b-b369bb321ce5
"-74,14334764","4,542159702",13828,259A11,Br. Quiba,4,2,6,KR 18A BIS  - 74B Sur,7880bdcd-5f0a-48ce-9b18-0493dfad0545
"-74,14204072","4,540155241",13829,547A11,Br. Quiba,4,2,6,KR 18 - CL 78 Sur,231d9e61-499f-48c9-b916-25e4305f9da7
"-74,14194581","4,540194993",13830,546A11,Br. Quiba,4,2,6,KR 18 - CL 78 Sur,08c90171-8935-4a61-a0d0-cf42d235620b
"-74,12157901","4,714588085",13831,171A04,Pq. El Mortiño,4,2,6,CL 77 - KR 110A,ef440ca8-6cc5-4600-842b-e2f4fb399fcc
"-74,11798449","4,613361252",13832,479A08,Br. El sol,4,2,6,TV 53 - CL 2,20a06a34-7e4d-4fe4-b13f-9ca610516ad9
"-74,11606213","4,614083356",13833,514A08,Br. El Sol,4,2,6,TV 53 - CL 2B,68b7bfda-d7ca-4c19-917d-5fc21635395b
"-74,11597098","4,543348451",13834,431A12,Br. La Paz,4,2,6,DG 52 A Sur - KR 5 A Sur,8d3106e0-9c86-4bb0-8fdf-87705d96fbf5
"-74,11570482","4,543431663",13835,432A12,Br. La Paz (El Cebadal),4,2,6,DG 52 A Sur - KR 5A,e4797868-0ce9-45e5-991f-4b5e456c54a9
"-74,1135596","4,542820183",13836,433A12,Br. La Paz,4,2,6,DG 52 A Sur - KR 4,7d2127cb-ef67-4b0c-91bc-0886bd6fdae7
"-74,11309434","4,54284057",13837,434A12,Br. La Paz,4,2,6,DG 52 A Sur - KR 3D,0c586fc2-1352-4ba7-9d37-8cee778ebd13
"-74,1096976","4,60808967",13838,618A08,Br. Villa Ines,4,2,6,CL 2B - KR 37C,e06a422a-92d6-4115-adfe-f9f35b9cd790
"-74,1092394","4,545720622",13839,435A12,Br. Diana Turbay Arrayanes,4,2,6,KR 3 - CL 49 Sur,0a7a29c8-8033-4b27-8af1-3bb695f85d19
"-74,10852276","4,606312439",13840,616A08,Urb. Bochica,4,2,6,AK 36 - CL 1H,558f3c6d-bfeb-4c4d-965d-e471b894df72
"-74,106127","4,68189",13841,271A05,Br. Villa Luz,4,2,6,CL 64F - KR 77 Bis,a6328e92-cb75-4d2b-8adb-71e917d97c50
"-74,09930299","4,566676713",13842,195A13,Br. San Isídro,4,2,6,CL 31 Sur - KR 7A,76fdb22b-ad85-40bc-abb6-034444746903
"-74,09401629","4,602617495",13843,802A00,Br. El Progreso,4,2,6,CL 5C -  KR 25,e0423cb3-d47b-4338-8186-58051764cc80
"-74,089879","4,690877",13844,327A04,Br. Bonanza,4,2,6,TV 71 Bis - CL 75 B,3a5f9e94-1fdb-48f4-b9bb-2527ddde2190
"-74,08972705","4,59646327",13845,807A00,Br. Eduardo Santos,4,2,6,KR 18 - CL 3,c96017ac-b708-46e0-91ac-85761248510c
"-74,08631692","4,537104607",13846,173A13,Urb. Colmena I Los Pinares,4,2,6,DG 48 Sur - TV 13D Este,654286e6-6279-4da7-8434-c10d32829b67
"-74,08561386","4,536307822",13847,172A13,Urb. Colmena I Los Pinares,4,2,6,DG 48 Sur - TV 14 Este,8128a6b8-fa39-42f9-87f9-dc73fa1ee49f
"-74,08530181","4,580892799",13848,224A13,Br. San Javier,4,2,6,AK 7 - CL 8 Sur,b5e0436f-0239-437f-b810-92b040643d08
"-74,08520912","4,535548021",13849,510A13,Quebrada Seca,4,2,6,Dg 48 Sur - TV 14 Este,1a4e9fcc-ad09-4787-a1cf-7c2fe3ef1899
"-74,08398829","4,621761201",13850,767A00,Br. Usatama,4,2,6,CL 22C - KR 29A,15596cc8-b313-4c8b-82d1-0270bc45b8d3
"-74,08374088","4,68243007",13851,232A04,Br. Las Ferias,4,2,6,KR 68 C - CL 76,525474cf-2db0-4de5-902e-883b0a76580f
"-74,08327159","4,58328697",13852,276A13,Urb. San Bernardo del Viento,4,2,6,AK 7 - CL 2 Sur,38dbf491-2e5e-433a-8323-99a50a857130
"-74,08264166","4,54383798",13853,371A13,Urb. Continental,4,2,6,CL 43 Sur - KR 14 E,dddd267d-a3f3-456c-95f1-925d39a358cc
"-74,08227427","4,541165435",13854,378A13,Br. Puente Colorado,4,2,6,KR 16 Este - CL 45B Sur,ef1e987b-e0a7-4ac1-88e5-06696f91b456
"-74,08223102","4,543328282",13855,372A13,Br. La Grovana,4,2,6,CL 43 Sur - TV 14A Este,65269725-87dd-434a-a559-9dc923dcfe9e
"-74,08222391","4,541240034",13856,377A13,Br. Altos del Zuque,4,2,6,KR 16 Este - CL 45B Sur,1980e001-9056-427f-9395-9c7d25cd7873
"-74,08210702","4,675391929",13857,227A04,Liceo Nuestra Señora de Fátima,4,2,6,KR 64 - CL 72 A,82e03690-ab22-400e-8d6b-0e8604fff8f7
"-74,08205578","4,5791075",13858,423A13,Br. Camino Viejo de San Cristobal,4,2,6,CL 7 A Sur - KR 3,f6fa4313-4183-41bf-8e4d-34c99aa1230d
"-74,08193201","4,54063036",13859,419A13,Br. Quindío II,4,2,6,TV 16 C Este - DG 46A Sur,69dc58b4-f06a-4f80-8d6e-45801dbc8aa6
"-74,08187701","4,540468031",13860,420A13,Br. Quindío II,4,2,6,TV 16 C Este - DG 46A Sur,89cf8886-a5fe-4bac-b3fb-7734cd4b1036
"-74,08085731","4,541598424",13861,374A13,Br. Altos del Zuque,4,2,6,TV 16C Este - DG 43 D Sur,282a1439-a8a3-4da8-973a-5b7d3e6051f6
"-74,08035094","4,677689231",13862,261A04,IED Tomas Carrasquilla,4,2,6,KR 64 - CL 75B,45566b69-c866-4096-909b-36a21008d0d6
"-74,08031268","4,541905575",13863,373A13,Br. Altos del Zuque,4,2,6,TV 16C Este - DG 44 Sur,89263db4-a8e2-4a76-bc7f-04835fff7f49
"-74,0802807","4,589373416",13864,331A13,Br. Las Cruces,4,2,6,AK 7 - CL 2,7684e4e1-94e1-4889-9e43-607dbebf2eca
"-74,07961698","4,543677933",13865,375A13,Br. Altos del Zuque,4,2,6,TV 16C Este - CL 42D Bis Sur,60de7cc5-0532-492e-a52b-e31efbeb696c
"-74,07948177","4,543665238",13866,376A13,Br. Moralva,4,2,6,TV 16C Este - CL 42C Sur,34ced903-d794-4189-b795-1abf91e4cd7b
"-74,07426973","4,659151378",13867,577A00,Br. La Paz,4,2,6,KR 28 - CL 65,d60ea006-0e36-4b97-9dd5-b262046661ea
"-74,06728329","4,623762766",13868,612A00,Br. Sagrado Corazón,4,2,6,CL 36 - AK 7,e8b0aee7-682c-4368-ac66-1dcfaf5e932c
"-74,05980806","4,737096918",13869,010A02,Urb. Mazurén I Sector,4,2,6,KR 56 - CL 152,4581a79b-1070-4e70-9a3c-1f24d2d14853
"-74,05746736","4,645346895",13870,613A00,Br. La Salle,4,2,6,CL 62 - KR 3,2c2a5b30-2858-486a-a3d5-415efcf4eb4a
"-74,03917204","4,669382775",13871,769A00,Br. Chicó Oriental,4,2,6,KR 2 - CL 91A,9a4edf08-8c9f-4aeb-8e4f-d5cc0fd09fe5
"-74,03785504","4,73893126",13872,373A01,Br. Villa Magdala,4,2,6,AK 15 - CL 160,860c3f9e-bf59-4dcc-8b98-51a16489eb11
"-74,03737157","4,736321267",13873,372A01,Br. Calamari,4,2,6,CL 157 - KR 14A,7c70259c-b4df-4149-ad88-c45018203692
"-74,03434438","4,735275854",13874,371A01,Br. Villas del Mediterraneo,4,2,6,CL 157 - KR 13B,f2dd64e9-bc81-4367-8f40-47a5f57c814c
"-74,03312614","4,733246795",13875,391A01,Conjunto Recidencial Icatá,4,2,6,CL 155 - AK 9,3174d64c-4371-4aa7-93a7-4a01d097e17b
"-74,02267631","4,671391789",13876,648A01,Br. San Luis Altos del Cabo,4,2,6,DG 99B - KR 5A Este,27f096b3-c093-4157-b8fc-0c04b34aedb3
"-74,13628768","4,5450365",13877,557B11,Br. Central de Mezclas,4,2,6,Av. Boyacá - KR 16C,606f4ea0-1326-4afa-af0c-7ec2a50d81d3
"-74,09343639","4,716821431",13878,546B03,Humedal Juan Amarillo,4,2,6,KR 91 - CL 90A,02aa7b04-554d-477d-86a3-9ffa9b0d2a98
"-74,09113804","4,718343174",13879,061B03,Urb. Altamar,4,2,6,KR 91 - CL 127B,b8589487-db02-4119-b051-02eb4cf625d3
"-74,08928367","4,72389122",13880,059B03,Urb. La Manuelita,4,2,6,KR 91 - CL 129,4c300628-02fb-405c-ae45-251db4be07b8
"-74,088141","4,728869",13881,058B03,Urb. La Palma I,4,2,6,KR 91 - CL 131,50221927-b545-41ca-9e47-f030c95e584d
"-74,09101177","4,561789311",13882,483A13,Br. Bello Horizonte,4,2,6,CL 30B Sur - KR 2 E,4b0223bb-245d-40f0-b395-81c7f5771467
"-74,09590449","4,559028042",13883,188A13,Br. Atenas I,4,2,6,DG 33 Sur - TV 1,6d09a6a7-1e31-4549-b59e-0fab6770de7a
"-74,09397122","4,558212982",13884,190A13,Br. Atenas,4,2,6,DG 33 Bis Sur - TV 2 E,c7eba48f-b030-4d1d-8a40-32c39fb238b9
"-74,09175071","4,55960869",13885,482A13,CAI Bello Horizonte,4,2,6,CL 31C Sur - KR 3A E,e05d805f-0497-4b19-b239-ffcabcb49a3d
"-74,20515629","4,610052799",13886,147A09,Jardín Social La Esperanza,4,2,6,CL 78 Sur - KR 79A,50f90e96-66f9-4e13-bf1b-53c61bc10b00
"-74,07707215","4,588973796",13887,333A13,Br. Las Cruces,4,2,6,KR 4 - CL 2B,e321017d-3e33-41e1-bbdb-f405482e998b
"-74,20104671","4,609018008",13888,495A09,Br. Gran Colombiano I Sector,4,2,6,CL 74 Sur - KR 80J,92284513-b7d4-4bf6-ae07-bfbaaa027941
"-74,20120993","4,608492962",13889,494A09,Br. Gran Colombiano I Sector,4,2,6,CL 74 Sur - TV 79D,881f824f-ef55-467d-be7a-41680a453311
"-74,15901648","4,651585164",13890,297A07,Prados de Castilla,4,2,6,KR 92 - CL 6C,1ab5cf37-5a23-4af0-9223-ebd28f2324f5
"-74,16081103","4,649652018",13891,347A07,Prados de Castilla,4,2,6,CL 6A - KR 90C,6ee4b814-b221-4aa0-81e0-11391a6b02b6
"-74,08615981","4,530505536",13892,438A13,Br. San Rafael Sur Oriental,4,2,6,CL 60 Sur - KR 14 F E,42720144-9038-4f71-a1f9-222e9f9278b1
"-74,08641164","4,55395366",13893,201A13,Br. San Vicente,4,2,6,DG 33A Sur - KR 10 E,05b5997e-ad09-4c82-8854-b0fc71b938d3
"-74,08805659","4,557539836",13894,203A13,Pq. Gaitán Cortés,4,2,6,TV 6 E - 32A-27 Sur,4eb82177-4f57-4b79-929c-8b041b0df20a
"-74,08657872","4,561791857",13895,437A13,Br. Santa Inés Sur,4,2,6,TV 3 E - DG 28Bis Sur,d58e2125-8ef1-4215-84c5-9f1e3e7cc25d
"-74,08669895","4,56221775",13896,207A13,Br. Santa Inés Sur,4,2,6,TV 3 E -28-37 Sur,53007b2f-0e67-4842-ae56-c96ab4dea0a3
"-74,08709696","4,559012531",13897,433A13,Br. Santa Inés Sur,4,2,6,KR 7 E - CL 30A Sur,f6b8ad97-762e-4e6d-b73f-ef641698b2c5
"-74,08858787","4,557626759",13898,434A13,Pq. Gaitán Cortés,4,2,6,CL 32 Sur - KR 6A E,8edee1ae-e81b-44db-8fb2-12b5659b89ba
"-74,08599082","4,553081332",13899,202A13,Br. San Vicente,4,2,6,CL 34 Sur - KR 10 E,76753826-f49d-4106-874d-3e8a79e05a41
"-74,08629352","4,530461784",13900,439A13,Br. San Rafael Sur Oriental,4,2,6,CL 60 Sur - KR 14 F E,0c1352e9-7208-4b9a-ad27-a43d5ca9cf71
"-74,11543842","4,560664429",13901,281A12,Br. La Providencia Media,4,2,6,TV 9A - CL 48GBis Sur,60c41c7e-7eef-4c60-b6fd-4c2a3c878407
"-74,09219","4,690489",13902,210A04,Br. Bonanza,4,2,6,CL 75 - KR 71D,e778ce16-48a9-466d-b739-39bd6dcc2208
"-74,10099587","4,646826256",13903,102A06,Br. Ciudad Salitre Nororiental,4,2,6,AK 60 - AV. Esperanza,1c562ea7-18d8-49dd-937f-f570f8b2833c
"-74,08890637","4,58020926",13904,530A13,Colegio Isaac Newton,4,2,6,KR 8 - CL 13 Sur,6a9cdd1a-42a3-4845-bc85-c8204ffe74d7
"-74,09059511","4,577499123",13905,218A13,Br. Sociego,4,2,6,KR 8 - CL 17 Sur,630a33f6-0e43-4ef5-bbb4-fa4d443b1965
"-74,09030843","4,574166565",13906,213A13,IED José Felix Restrepo,4,2,6,KR 6 - CL 18A Sur,f3b7f995-7986-4d26-851a-59adc3f60602
"-74,08763347","4,57761318",13907,219A13,Br. Quinta Ramos,4,2,6,KR 6 - CL 13 Sur,c05fb382-d6f8-4062-a875-bb07e15f3320
"-74,076166","4,738251507",13908,471A03,CED Casablanca,4,2,6,KR 80 - CL 146B,b2cbdbcc-904f-4698-8810-f453eacb7722
"-74,07592101","4,739029901",13909,470A03,CED Casablanca,4,2,6,KR 80 - CL 146D,1cb94e6b-6cc0-455c-bc5b-f4b1d20df28b
"-74,07649045","4,737740958",13910,459A03,Br. San Francisco,4,2,6,KR 80 - CL 146A,b58d70bc-a6e8-43a5-b8a0-a570d6612383
"-74,08021295","4,734399264",13911,453A03,Br. Provenza,4,2,6,TV 84 - 136-54,37964534-728e-4596-95fb-47fa9288fd9f
"-74,07337443","4,589247963",13912,537A13,Br. Lourdes,4,2,6,CL 3C - KR 1 Este,d6b06b78-9aa4-4b85-84a1-3d53d850f356
"-74,20875474","4,611374929",13913,576A09,Urbanización San Diego,4,2,6,KR 78C - CL 80 Sur,8f7f111b-7bac-4872-b0d7-2db178d2a222
"-74,20640568","4,611386346",13914,575A09,Urbanización San Diego,4,2,6,CL 80 Sur - KR 79A,d0fc694e-d114-4ec2-811e-a83e3422a987
"-74,20548802","4,607890576",13915,133A09,Br. La Primavera,4,2,6,KR 78 F - CL 76 Sur,f94e4297-1218-4291-979f-03328952509d
"-74,205334","4,607681123",13916,132A09,Br. La Primavera,4,2,6,KR 78F - CL 75A Sur,bc903f75-138d-40ea-8f77-7665e63c05dc
"-74,20477014","4,608973452",13917,544A09,Urb. La Esperanza,4,2,6,KR 79 - CL 75Bis Sur,ad99d3f8-364c-418b-bf05-4d1fd68242f0
"-74,20412716","4,62231069",13918,240A09,Br. La Esperanza II Sector,4,2,6,KR 88H - CL 75A-25 Sur,4313cb6d-d4ed-46d7-9a03-463a70ecb39f
"-74,20394515","4,621756785",13919,239A09,Br. La Esperanza II Sector,4,2,6,KR 88F - CL 75A Sur,9304960c-5964-4ef7-adbf-29aeff57db9d
"-74,20356937","4,607697017",13920,135A09,Br. La Primavera,4,2,6,DG 74A Sur - KR 78I Bis,f88edd03-6f11-4f57-9c65-619518c2648b
"-74,20258522","4,619273906",13921,581A09,Colegio IED San Bernardino,4,2,6,KR 87I - CL 75 Sur,d6ad0683-2dad-4dc8-b5fa-553a9d7f62a8
"-74,20258091","4,60635055",13922,489A09,Br. Villa Anny I,4,2,6,CL 74A Sur - KR 79 Bis A,ffd413d1-45c7-4b5d-b3ec-22eeb88b2a62
"-74,2025491","4,61937453",13923,582A09,Colegio IED San Bernardino,4,2,6,KR 87I - CL 75 Sur,2a60bdbc-5e85-4c97-a2d2-772843195b1d
"-74,20212392","4,608366469",13924,139A09,Br. La Primavera,4,2,6,DG 74A Sur - KR 79,e14dbcab-cf14-4d23-8077-845ccb367a51
"-74,201727","4,622353",13925,245A09,Br. San Bernardino,4,2,6,KR 88D - CL 73B Sur,aa35dfe2-90b5-4945-a3ff-cd7ef865e08a
"-74,201481","4,622365",13926,246A09,Br. San Bernardino,4,2,6,KR 88D - CL 73B Sur,45cc981a-9834-46ab-b147-2190633dffa6
"-74,200491","4,604641",13927,487A09,Br. José María Carbonell,4,2,6,TV 78D - CL 73 B Bis Sur,6aa3daac-6a2c-4864-8f3d-b6f28ffbb722
"-74,19810366","4,600334475",13928,577A09,Br. José María Carbonell,4,2,6,CL 72B Sur - KR 77I,fedbd041-f9c7-40d2-8c9e-23471a7ccb47
"-74,19792483","4,608741108",13929,492A09,Br. Grancolombiano II Sector,4,2,6,CL 73 Sur - KR 80J,98ccabc9-e600-4bb0-9f81-ca9afd9cd189
"-74,19789598","4,608551918",13930,491A09,Br. Grancolombiano II Sector,4,2,6,CL 73 Sur - KR 80J,63853696-5e94-485b-b033-a5b79ee685fa
"-74,19692846","4,605471457",13931,172A09,Colegio Carlos Albán Holguín IED,4,2,6,CL 72 Sur - KR 80,0a7580e9-dba7-4e8f-ac67-c0fc6823726b
"-74,19692561","4,602013006",13932,578A09,Br. José María Carbonell,4,2,6,KR 77M - CL 71F Sur,aa63be13-2fa4-4a6f-82a9-3fb00e8b51b4
"-74,19617981","4,599197385",13933,580A09,Br. José María Carbonell,4,2,6,KR 77G - TV 77G Bis B,fb220672-719d-4b46-80a5-788e07b395a4
"-74,19470863","4,599896093",13934,579A09,Br. José María Carbonell,4,2,6,CL 71 A Sur - Carrera 77J,1badf194-54f5-48f7-bb28-d07648eaf900
"-74,19459878","4,612930801",13935,202A09,Br. Islandia,4,2,6,KR 82A - CL 70B Sur,385dae09-c38e-4365-ad1a-596ae9191707
"-74,19439252","4,638155065",13936,293A08,Br. Bosa Santa Fe,4,2,6,KR 98C - 56I-17 Sur,649710f6-f120-43f1-bb84-18640ec5418e
"-74,19339732","4,637487873",13937,290A08,Br. Bosa Santa Fe,4,2,6,KR 98 - 56G-34 Sur,8a76d6b5-7c23-4821-98dc-e6f803a5806a
"-74,19277957","4,612498796",13938,210A09,Br. La Palestina I,4,2,6,CL 69 Sur - KR 81I,6b698d8c-0c24-44fc-acc7-d21eb74fa4da
"-74,19256389","4,599562132",13939,158A09,Br. Pablo VI Bosa,4,2,6,KR 77J - CL 70B Sur,a8c9ae82-c5e6-4b6d-99f2-ac4f66492eb6
"-74,19245321","4,610118452",13940,205A09,Br. La Palestina I,4,2,6,CL 69 Sur - KR 81,559f2175-98f6-45d5-9c63-72532eafd108
"-74,19126935","4,610069367",13941,209A09,Br. La Palestina I,4,2,6,KR 81 - CL 68 Sur,8e9cf4c7-0ed9-434e-9872-173506d0ed2b
"-74,191007","4,620893746",13942,583A09,Br. Bosa Nova El Porvenir,4,2,6,CL 63 Sur - KR 87,51aa4740-596f-4cb1-b6a8-47598bbf946d
"-74,19046534","4,599852169",13943,160A09,Br. Nueva Granada Bosa,4,2,6,CL 69B Sur - KR 77J,bb621926-aef6-42af-b468-381ec8bc2bac
"-74,19036235","4,599993513",13944,161A09,Br. San Pablo II Sector,4,2,6,CL 69B Sur - TV 77J,b24aa027-fd1d-4fa7-a983-3f06d9bf2e75
"-74,19020832","4,601133721",13945,213A09,Br. El Llano de Bosa,4,2,6,CL 69B Sur - KR 78-27,9f41b0fb-00d8-47ef-b218-753a8acab42b
"-74,19012303","4,601156766",13946,214A09,Br. San Pablo II Sector,4,2,6,CL 69B Sur - KR 78,7cdd3067-3673-4e60-b85b-8fe85453e885
"-74,18993739","4,602833581",13947,215A09,Br. Piamonte I Etapa,4,2,6,CL 69A Sur - KR 78H,3cb9e80c-6118-4505-a0b0-f57f9c8b5573
"-74,18986811","4,610172991",13948,235A09,Br. Piamonte Etapa I,4,2,6,KR 81 - CL 66A Sur,998b4470-3f09-4b07-9599-c7a5c826446d
"-74,18976084","4,610222524",13949,236A09,Br. El Triángulo Sector Materas,4,2,6,KR 81 - CL 66A Sur,f8e51de0-4a56-4f47-aaa5-4cd232c25d3a
"-74,189097","4,598721",13950,162A09,Desarrollo San Pablo II Sector,4,2,6,KR 77J - CL 68 Sur,9a94193f-8c58-4cb0-92c9-ace5dcf0748a
"-74,18858738","4,60862203",13951,555A09,Br. Antonia Santos,4,2,6,KR 80K - DG 65A Sur,0ce7f595-1da0-4ee6-80cc-699fd3af1250
"-74,18791225","4,630348337",13952,279A08,Br. Casa Nueva,4,2,6,CL 56 Sur - KR 89 Bis A,6f6a268f-8583-41a4-8d79-0d5b26ec842f
"-74,18733727","4,629471171",13953,280A08,Colegio Giovanni Antonio Farina,4,2,6,CL 56 Sur - KR 88I,f5f06481-7274-417d-a9cf-5e4235c2bc36
"-74,186987","4,62275",13954,267A08,Br. Siracuza I y II,4,2,6,CL 58C Sur - KR 87A,6605fab3-eb20-4191-be00-f5c772e9c059
"-74,18643708","4,609311975",13955,234A09,Colegio Inmaculado Corazon de María,4,2,6,TV 80G - CL 65 Sur,c5fdc6b8-647e-4d21-9973-9c2d270a72aa
"-74,186107","4,621445",13956,259A08,Br. Escocia,4,2,6,CL 58C Sur - KR 86B,49ee2358-681a-4e56-ae7c-a012d32f37a6
"-74,18487865","4,59838438",13957,164A09,Br. San Pablo II Sector,4,2,6,KR 77J - CL 65G Sur,d081847b-c6b2-47d6-895c-5512b74b2b93
"-74,18422","4,639191939",13958,298A08,Urb. El Porvenir III,4,2,6,CL 50 Sur - 93 D,294ba868-3420-4c4a-ad25-d45456e75177
"-74,18414441","4,639218467",13959,299A08,C.C. Trebolis El Porvenir,4,2,6,CL 50 Sur - KR 93D,dafe03ba-7200-4eb6-866a-e2097edbd3d3
"-74,18401486","4,620254486",13960,265A08,Desarrollo  Villa Clemencia,4,2,6,CL 57B Sur - KR 85,1b90e0e3-f53f-43cf-92bc-5e28c18e593b
"-74,1839655","4,636417849",13961,361A08,IED El Porvenir,4,2,6,CL 51 Sur - KR 91,2cdf6d6e-f8f1-48b0-992b-d35202a76fef
"-74,18339628","4,635065044",13962,296A08,Br. El Porvenir Parcela 23,4,2,6,CL 51 Sur - KR 91A,950a84b4-5d97-47ac-bc92-8fe54fd86e2f
"-74,18304788","4,603496576",13963,049B09,Br. La Amistad Bosa,4,2,6,CL 65 Sur - KR 78H,99a4a79d-547a-4d67-afd2-24b142974fd7
"-74,18298005","4,640812372",13964,364A08,Ciudadela el Porvenir,4,2,6,CL 49 Sur - KR 95A,468cc3fe-11be-44b2-b0df-a43adec19c36
"-74,18210564","4,618824125",13965,401A09,Br. Hato Nuevo,4,2,6,KR 84 A - DG 56A Sur-74,aa833003-3943-493d-81d8-ddf076c15d68
"-74,18169086","4,619034616",13966,402A09,Br. El Danubio Azul,4,2,6,KR 84 A - DG 56 Bis Sur,ab75c636-ac76-4a04-b00d-438010b5c384
"-74,18025535","4,618481251",13967,403A09,Br. Vegas de Santa Ana,4,2,6,CL 56 Sur - KR 81J-40,ecaa5cad-a2fc-44f7-bbd9-024768f4249a
"-74,18023646","4,618672169",13968,319A08,Br. El Danubio Azul,4,2,6,CL 56 Sur - KR 81 J-40,f81b74c1-7a1d-4c0f-b91c-0e90efa14ab6
"-74,18019043","4,628352862",13969,558A08,Br. Brasilia,4,2,6,CL 51 Sur - KR 87D,d93bd513-8d30-4de8-bb6d-99551c897022
"-74,17871579","4,617073097",13970,303A09,Colegio Manuel Cepeda Vargas,4,2,6,CL 56 Sur - KR 81,d406056c-ae34-4368-b542-1011bebddb37
"-74,17869029","4,646577828",13971,375A08,Br. El Jazmín,4,2,6,CL 42F Sur - KR 98C BIS,2bd1bca6-c67e-421a-bf26-1e28dc722df0
"-74,17857031","4,646505697",13972,376A08,Br. El Jazmín,4,2,6,CL 42F Sur - KR 98C BIS,72e8c1e8-862c-4454-b85d-470f97b1344f
"-74,17856344","4,59822336",13973,295A09,Br. Andalucía II,4,2,6,CL 60 Sur - KR 77G,34af7ef2-7b0d-4cc8-822e-dbd3923f07e4
"-74,17833165","4,64861111",13974,377A08,Br. Villa Alexandra,4,2,6,CL 42A Sur - KR 99F,459168fa-2788-45a5-8458-c9a31f2a16aa
"-74,17827094","4,648320636",13975,380A08,Br. La Rivera,4,2,6,CL 42A Sur - KR 99C Bis,326c7a37-aa73-41b9-ba23-4ea59ba77f47
"-74,17784641","4,645178212",13976,370A08,El jazmin,4,2,6,CL 42F Sur - KR 97B BIS,59d4c383-27ed-4dcc-b5a3-545c37f394b7
"-74,177724","4,64483",13977,369A08,Colegio El Jazmín Occidental,4,2,6,CL 42F Sur - KR 97A BIS,44d973ab-5ea2-4b57-8cbd-80ce5c8232c3
"-74,17640793","4,643357924",13978,372A08,Pq. Bellavista - Dindalito,4,2,6,KR 95 - CL 42B Sur,99867641-e25d-4bdc-9728-9dcf4a5764db
"-74,17626625","4,614886614",13979,307A09,Avenida Agoberto Mejía,4,2,6,CL 56 Sur - AV. A. Mejía,113a4153-502e-4807-bc5e-36656a7a9613
"-74,1762614","4,64351982",13980,371A08,Pq. Bellavista - Dindalito,4,2,6,KR 95 - CL 42B Sur,1c6bf9ad-f469-4cda-b909-ddcd23bcff9d
"-74,17611828","4,614847124",13981,308A09,Br. Class,4,2,6,CL 56 Sur - AV. A. Mejía,4bbb2b9b-a740-4d9f-b0ec-2c01f30911da
"-74,17609039","4,59138729",13982,294A10,Br. la Primavera I,4,2,6,DG 60 Sur - KR 75B,0cdf075b-4067-4cc2-aa76-af032bc8bc20
"-74,1760329","4,618452463",13983,253A08,Br. Gran Britalia,4,2,6,CL 54 Sur - KR 81B,9ad1d151-d2c1-4fcf-9163-2e7c4c7050a5
"-74,17600207","4,615883339",13984,306A08,IED Britalia,4,2,6,AV. 1 de Mayo - KR 80 B,c067cb0f-bff0-4557-abe5-999f2ef71582
"-74,17561631","4,608133324",13985,310A09,Br. El Rubí II,4,2,6,CL 58 Sur - KR 78I,e33cbfe9-0cac-404d-a622-c7468687a2a7
"-74,17548977","4,616859752",13986,307A08,Br. Gran Britalia,4,2,6,KR 80H - CL 54A Sur,d0b91500-3a18-4d16-b244-f33dd4f3111b
"-74,17547153","4,609910472",13987,299A09,Br. El Rubí de Kennedy,4,2,6,KR 79 - CL 57F Sur,b3108772-2af9-4a31-966e-eccc83022e93
"-74,17519038","4,587336251",13988,303A10,Br. Rincón de Galicia,4,2,6,CL 62I Sur - KR 75A,f2273a47-9000-47cf-9be7-734ff26625d5
"-74,1750411","4,644051737",13989,532A08,Parque Dindalito Bella Vista,4,2,6,KR 94C - CL 42A Sur,4c99fd41-3d63-4f37-8c6d-725a356a9566
"-74,1748539","4,573920438",13990,477A11,Br. Caracolí,4,2,6,CL 76A Sur - KR 74Bis,67e5a9a6-4376-499b-a73f-38dd0299c944
"-74,1747707","4,60642878",13991,592A09,Br. Villa de los Sauces,4,2,6,CL 58 Sur - KR 78B,735188a1-79a8-4e47-b7e5-9038b6586ebe
"-74,17470308","4,609353542",13992,584A09,Br. El Rubí de Kennedy,4,2,6,DG 57F Bis Sur - KR 78M,ea6db545-65f3-4c77-899b-55e0b7a752b5
"-74,17464725","4,611075452",13993,300A09,Br. Antonio José de Sucre,4,2,6,CL 57A Sur - 79-23,7c6e2fca-5876-436e-9920-621d44f33806
"-74,17462939","4,573803104",13994,478A11,Br. Caracolí,4,2,6,CL 76A Sur - KR 74G,bf31b873-7a6b-4072-9f32-962d7ce6a83f
"-74,17441585","4,590227025",13995,179A10,Br. la Primavera I,4,2,6,TV 74F - CL 62B-08 Sur,882f2e70-9d5f-4cec-b91d-fd6975ecfb75
"-74,17440526","4,605270337",13996,309A09,Br. Villa de los Sauces,4,2,6,CL 58 Sur - KR 77I,49da943f-b2f8-4a28-9ef8-e76ab0f72d9b
"-74,17407834","4,619753477",13997,225A08,Br. Gran Britalia,4,2,6,KR 81B - CL 51B Sur,982efd32-cd21-4653-af98-d7b474b2839d
"-74,17389394","4,620006544",13998,337A08,Br. Gran Britalia,4,2,6,KR 81B - CL 51 Sur,4fd7455e-df6f-4294-86db-0b7a9cf5823b
"-74,17278375","4,58772242",13999,304A10,Br. Rincón de Galicia,4,2,6,DG 62H Bis Sur - TV 74A,23b0bd83-71df-4d58-aff7-baed48191d3f
"-74,17313233","4,588722866",14000,197A10,Urb. Galicia,4,2,6,TV 73J - CL 62F Sur,124f1a01-6c59-46e9-b085-c159b59cc087
"-74,17296839","4,634004593",14001,358A08,Jardín Social Tintalito,4,2,6,KR 88A - CL 42F Sur,0cbf05ec-d48a-4be9-b100-4f0fe2dea469
"-74,17293526","4,640181141",14002,393A08,Ciudad de Cali,4,2,6,KR 91 - CL 42 Sur,0e3eae6c-e9d8-47a6-b376-181646030de4
"-74,1727906","4,640342323",14003,392A08,Ciudad de Cali,4,2,6,KR 91 - CL 42-21 Sur,7b5916bd-dce3-414a-9a6d-b3ddcb7e1a91
"-74,17270029","4,588002244",14004,177A10,Br. Rincón de Galicia,4,2,6,TV 73J - DG 62H Sur,40a5061f-4bc8-4cd7-99c3-86233bfa206d
"-74,17266185","4,573600683",14005,475A11,Br. Caracolí,4,2,6,CL 76A Sur - KR 73I,8fc44cf4-9641-4b36-b420-5e6a79cb6f4e
"-74,17259447","4,592355778",14006,310A10,Br. La Estancia,4,2,6,KR 74 - CL 59B Sur,94668e75-f354-470d-ad4f-119231f54e16
"-74,17239606","4,573479273",14007,476A11,Br. Caracolí,4,2,6,CL 76A Sur - KR 73HBis,bdcfed99-f6b0-4a69-bcd1-7e0c3a57e1c3
"-74,17199147","4,594775599",14008,311A10,Br. La Estancia,4,2,6,TV 73I - CL 57Y Sur,0d7f2498-cbab-495f-84d7-63830afd492a
"-74,17181887","4,637471958",14009,387A08,Br. Las Brisas,4,2,6,CL 42A Sur - KR 89B,46903131-1d34-49b3-ae7c-684f46a026a4
"-74,17132948","4,606135562",14010,313A09,Urb. Nueva Roma,4,2,6,KR 77K - CL 56A Sur,08e91c33-12f4-4c79-83ff-504e8d56c103
"-74,17118701","4,651602889",14011,603A08,Br. Los Pantanos,4,2,6,CL 26 Sur - KR 97F,9195748f-ace8-421c-bae1-33bade9ac261
"-74,1709307","4,650520954",14012,302A08,Tierra Buena,4,2,6,CL 26 Sur - KR 97A,e7109d18-220d-48f7-81f3-08e031dd9124
"-74,17071655","4,573266497",14013,473A11,Br. Caracolí,4,2,6,CL 76A Sur - KR 73B,974ad491-fd14-4686-991b-aa39f41ef2fd
"-74,17066901","4,634610171",14014,356A08,Br. Dindalito I Etapa,4,2,6,KR 87i - CL 42A Sur,1dc8cf7d-9d4d-4b52-97c6-9282ad231afe
"-74,16992748","4,57305371",14015,474A11,Br. Caracolí,4,2,6,CL 76A Sur - KR 72,174c5fba-3c04-463f-bb41-035543bdc6d1
"-74,16978796","4,650281946",14016,421A08,Urb. Ipanema,4,2,6,CL 26 Sur - KR 95,01ae352c-2157-4249-a060-08daee202c17
"-74,16963164","4,583820264",14017,119A10,Br. Ismael Perdomo,4,2,6,DG 66 Sur - TV 73D bis A,96e03e1a-6104-4163-899b-93e0bf6a56c0
"-74,16960885","4,583704511",14018,120A10,Br. Perdomo Alto,4,2,6,DG 66 Sur - TV 73D Bis,6621e28b-cc16-4506-abc1-3ba45d2128f1
"-74,16950654","4,582272357",14019,115A10,Br. Ismael Perdomo,4,2,6,TV 73G - CL 68A Bis Sur,914f8524-38be-4e32-bcce-c895e19bacce
"-74,16910584","4,581938346",14020,116A10,Br. Ismael Perdomo,4,2,6,TV 73G - DG 68B Sur,45f1dd9e-6ada-4649-9b20-9e89b832403a
"-74,16910154","4,606615793",14021,314A09,Br. Catalina II,4,2,6,KR 77L - CL 53 Sur,d0f5a3d8-e097-4dc3-818e-35b95203612f
"-74,16901193","4,593103042",14022,280A10,Br. Galicia,4,2,6,KR 73 - CL 60A Sur,4e4eaf37-8909-4f2e-8dd5-28034f2f5b41
"-74,16895688","4,594929828",14023,285A10,Alcaldia Local Ciudad Bolivar,4,2,6,KR 73 - CL 59,9fae3899-3c19-4f6e-8012-0a15ded98fa7
"-74,16893191","4,646335243",14024,420A08,Br. Calandaima,4,2,6,KR 93B - CL 34 Bis Sur,62ebc31c-7750-408f-ad65-a0d427917ffd
"-74,16881159","4,651115887",14025,254A08,Br. Calandaima - Los Pantanos,4,2,6,KR 98 - TV 97A,4f9b0859-e1a7-447f-97e3-77d8e973c623
"-74,16880294","4,580809342",14026,130A10,Br. Sierra Morena,4,2,6,TV 73H - DG 70 Sur,55c9cb54-db3e-4cd6-ba09-b0ae09eb6bb4
"-74,16875925","4,586490989",14027,190A10,CAI Perdomo,4,2,6,KR 73 - CL 64 Sur,5f1233f2-2ebf-4724-956f-f67de3296569
"-74,16874523","4,584968626",14028,189A10,Br. El Perdomo,4,2,6,CL 65 Sur - KR 73B,845beee6-1cd7-4ac0-98fc-adf41db6d81f
"-74,16873586","4,645122183",14029,413A08,Br. Calandaima,4,2,6,CL 34 Sur - KR 93,57fb3f2c-372a-4e0d-9805-63836042cf36
"-74,16869561","4,646393257",14030,308A08,Br. Calandaima,4,2,6,KR 93B - CL 33 Bis Sur,92b56253-94e0-4269-aab1-ebb2326d7835
"-74,16868654","4,608798677",14031,329A09,Br. Catalina II,4,2,6,CL 52A Sur - KR 77T,ed913723-c676-43e0-8ce2-6838201fbab3
"-74,16867543","4,580778929",14032,129A10,Br. Sierra Morena,4,2,6,TV 73H - CL 69B Sur,b8b7f48c-a982-465a-886f-0d997cf96085
"-74,16862402","4,606026629",14033,327A09,Br. Catalina II,4,2,6,CL 52A Sur - KR 77K Bis,108ea90b-5fac-4e8e-aed3-2cbed79a602f
"-74,16861977","4,586283865",14034,191A10,CAI Perdomo,4,2,6,KR 73 - CL 64 Sur,e3fc4adf-42eb-4530-b04d-40eb1b49a54d
"-74,16861869","4,609449557",14035,330A09,Br. Las Luces,4,2,6,CL 52A Sur - KR 77V Bis,f75bf030-5b7a-422d-9952-e2bdaf4b6a0f
"-74,16854259","4,606366817",14036,328A09,Br. Las Luces,4,2,6,CL 52A Sur - KR 77K Bis A,db85b64c-9064-425c-b15d-b22ae3a21c7d
"-74,168439","4,572753874",14037,471A11,Br. Caracolí,4,2,6,CL 76A Sur - TV 67,1fb67fa5-0b29-4492-8b7b-ea97f875e874
"-74,16835841","4,57266498",14038,472A11,Br. Caracolí,4,2,6,CL 76A Sur - TV 66,016a2677-31a9-476b-ad27-d424f5400b4f
"-74,16809712","4,5868111",14039,196A10,Br. Ismael Perdomo,4,2,6,CL 63A Sur - KR 72A-21,dfbcf538-436f-40b1-9137-34fea20f004c
"-74,1679975","4,615839108",14040,133B08,Br. El Paraíso Casablanca,4,2,6,KR 79 - CL 48A Sur,6255d68f-6e63-4e4b-8c53-2b2cf5ca6b27
"-74,16789666","4,650313015",14041,255A08,Br. Calandaima,4,2,6,CL 2 Sur - KR 93D,ae8a5fc9-7937-471b-a915-00bfdc3677d5
"-74,16781422","4,611134757",14042,345A09,Br. Catalina,4,2,6,KR 78G - CL 51 Bis Sur,1292da16-0840-467b-a650-79f461f1ae8a
"-74,16773273","4,626072179",14043,598A08,Br. Villa de la Torre,4,2,6,KR 81G - CL 42F Sur,cb4f6f7c-9f1b-43a1-8e1f-2c798437a5a3
"-74,16753725","4,597004558",14044,623A09,Portal Sur,4,2,6,KR 72D - CL 57K Sur,5ee6af95-adcb-41ca-bdce-2d2a78f7e34e
"-74,16748784","4,648419429",14045,610A08,Br. Calandaima Los Pantanos,4,2,6,KR 93D - CL 0,a6572ad5-40d5-4912-81be-5abc934eeac5
"-74,16734961","4,579331762",14046,113A10,Br. Sierra Morena,4,2,6,DG 70 Sur - KR 73D,a92674fa-4b49-430b-a21d-5a2b7bdb016e
"-74,1672161","4,579376859",14047,114A10,Br. Sierra Morena,4,2,6,DG 70 Sur - KR 73D Bis,72b9569a-1e3d-4fbd-965f-218610640842
"-74,16702396","4,627540893",14048,593A08,Br. Villa de la Loma,4,2,6,DG 42A Sur - KR 81J,169d74d1-d6e0-4263-8064-1256dcb8a020
"-74,16669836","4,605789535",14049,359A09,Br. Jaqueline,4,2,6,CL 50 Sur - KR 77J,6fa9c0f0-fa88-4129-9cf4-425a1bdaa7b1
"-74,16667109","4,607437853",14050,363A09,Br. Jaqueline,4,2,6,CL 50 Sur - KR 77P,3031866c-99a4-4f4d-8abb-d33232ae3d59
"-74,16658518","4,56683163",14051,176A11,Br. Arborizadora Alta,4,2,6,CL 75B Sur - TV 36B,9fb5e996-f0dd-42a4-b3cb-417f8c83dd06
"-74,16653909","4,571351606",14052,470A11,Br. Jerusalén Las Brisas,4,2,6,CL 76 Sur - KR 46A,e52983f3-e922-4fd3-bf91-e3be2b60a281
"-74,16646929","4,571253245",14053,469A11,Br. Jerusalén Las Brisas,4,2,6,CL 76 Sur - KR 46A,1385e96d-ae7c-49a0-a2f1-c4f9092f7503
"-74,16631547","4,643484741",14054,452A08,Br. Calandaima,4,2,6,KR 90A - CL 34 Sur,548124e5-9392-449a-8ff3-f5ea336cbdf8
"-74,16624863","4,567458278",14055,180A11,Br. Arborizadora Alta Cl 75B Sur,4,2,6,CL 75B Sur - KR 40,a4d4e908-3e6b-4abd-8c5c-997b21106bbd
"-74,16608734","4,638067452",14056,431A08,Pq. Público Patio Bonito,4,2,6,KR 88 - CL 38A Bis Sur,7ec41bea-ed0b-44e9-9922-73392c8d546e
"-74,16564545","4,636382696",14057,394A08,Br. Patio Bonito I Sector,4,2,6,CL 40 Sur - KR 87C,e807a1e0-3211-40e3-903e-cdf403d167ff
"-74,16560043","4,625960526",14058,597A08,Br. El Amparo,4,2,6,DG 42A Sur - KR 81B,7903569e-7df9-4403-b6e0-948d1a565a48
"-74,16525326","4,638213467",14059,432A08,Br. Patio Bonito III Sector,4,2,6,KR 87I - CL 37 Sur,dacecc11-5597-447d-84dc-a780ba4c1907
"-74,164936","4,569968",14060,197A11,Br. Jerusalén Las Brisas,4,2,6,KR 45 - CL 74 Sur,7a63f4fd-ea6f-444f-ad98-97d15ad9b6fc
"-74,16500467","4,625085844",14061,594A08,Br. Villa Emilia,4,2,6,CL 42A Sur - KR 80J,52b47e30-a27b-464f-be84-ab309bb0699d
"-74,1650001","4,588443579",14062,193B10,Br. Ismael Perdomo,4,2,6,CL 63 Sur - KR 70G,1fea1558-9298-483d-96bc-001e2dc046b4
"-74,16502","4,56987",14063,196A11,Br. Jerusalén Las Brisas,4,2,6,KR 45 - CL 74 Sur,e0afd70b-0e61-429f-a31d-cae51b1d7158
"-74,16463453","4,683212701",14064,291A07,Urb. La Estancia,4,2,6,KR 123 - CL 15,78b9348a-f9b5-42d8-9e2a-e8a84aca2c0f
"-74,16462684","4,635053801",14065,423A08,Br. Patio Bonito I Sector,4,2,6,CL 40 Sur - KR 86D,fa71961a-9cd2-4063-9bf0-7fe6b16895b3
"-74,16434773","4,624244091",14066,596A08,Br. El Olivo,4,2,6,CL 42A Sur - KR 80F,2ffd84b2-f39c-468f-a1ce-c7573b635c0e
"-74,16417879","4,68033092",14067,222A07,Urb La Estancia,4,2,6,KR 119A - CL 14B,72bad311-057e-4ee5-837c-40dc76fd11b2
"-74,16409274","4,623572095",14068,595A08,Pq. Metropolitano Cayetano Cañizares,4,2,6,CL 42A Sur - KR 80D,7a63f272-7c0b-4f03-84f8-a87d06037027
"-74,16389589","4,602204537",14069,604A09,Br. Olarte,4,2,6,KR 72A - CL 55 Sur,cdef5b3e-a2c8-4ac4-a2b5-9645e82303b8
"-74,16356627","4,63953289",14070,437A08,Liceo Cristiano Mi Refugio Perfecto,4,2,6,KR 87I - CL 34Bis Sur,24b2d1d9-7774-4cdd-8172-f569859c9fac
"-74,16334083","4,641866203",14071,441A08,Br. Campo Hermoso,4,2,6,CL 26 Sur - KR 88F,3cfc2ac1-91b5-4e0e-a974-4cadc7a2f8be
"-74,16313384","4,640791234",14072,439A08,Br. Patio Bonito II Sector,4,2,6,KR 88A - CL 26 Sur,f710718d-750f-4f34-8d29-c1c50279e7d0
"-74,16311284","4,56995335",14073,198A11,Br. Jerusalén La Pradera,4,2,6,KR 45 - CL 72B Sur,ad4ef4dd-6bf1-4c38-b354-08cdd99ad68b
"-74,16305807","4,545470239",14074,450A11,Br. Villas del Mediterraneo,4,2,6,TV 27H - CL 73DBis Sur,ef817ede-24bb-49f4-b3e7-b3999d2d81bf
"-74,16298363","4,570046071",14075,199A11,Br. Jerusalén La Pradera,4,2,6,KR 45 - CL 72B Sur,f36ae8f4-ec75-4d3c-9283-aed5e9730b30
"-74,16293118","4,545718155",14076,442A11,Urb. San Bernardo del Viento,4,2,6,TV 27H - CL 73DBis Sur,f5eed2ab-db90-4dd4-a6f8-a0297a870dda
"-74,16280985","4,541658967",14077,447A11,Br. Usatama,4,2,6,KR 27 - CL 74 Sur,a5701f48-55f7-4972-8426-31929a2f76d3
"-74,16273103","4,541949397",14078,446A11,Br. San Luis Altos del Cabo,4,2,6,KR 27 - CL 75ABis Sur,2df82a2c-032c-4211-8d5e-faf98d1daf76
"-74,16268386","4,589198901",14079,213B10,Br. Ismael Perdomo,4,2,6,CL 63 Sur - KR 70D,96553a5d-d91d-4585-a8fa-8670c6564c09
"-74,16267188","4,652981496",14080,360A07,Ciudad Tintal II Etapa 1,4,2,6,KR 94 Bis - CL 6A,f924719c-6f29-49f5-a835-863ba191408f
"-74,16263808","4,652526723",14081,359A07,Ciudad Tintal II Etapa 6,4,2,6,CL 6A - KR 93D,dc448cf7-dcad-48fc-9a68-ccb9a4c7dd0d
"-74,16215169","4,620164083",14082,220A08,Br. Ciudad Kennedy Supermanzana 15,4,2,6,CL 42A Sur - KR 79A,0da9a409-6e0c-4530-baf5-6bc79a85ddb8
"-74,16198246","4,545062815",14083,443A11,Br. Las Cruces,4,2,6,TV 27B - CL 73CBis Sur,470c7f21-ad55-4f5c-8aee-00f5c0d3938b
"-74,16149499","4,546813927",14084,441A11,Br. San Javier,4,2,6,TV 27H - CL 72C Sur,6a530556-434d-4f45-8b22-ebd6f67f2fd7
"-74,16147074","4,653537087",14085,361A07,Parque Zonal San Ignacio,4,2,6,KR 94 Bis - CL 6A,0f7a5cc8-e35e-467e-86ee-12d5ef0fe641
"-74,16140164","4,545570159",14086,449A11,Br. Altamar,4,2,6,TV 27B - CL 73CBis Sur,048840ea-5e6d-45b2-b24a-e86dcf370384
"-74,16139913","4,543550811",14087,445A11,Parroquia San Silvestre,4,2,6,KR 27 - CL 74 Sur,eb47676b-6599-4aad-9044-5021513bc317
"-74,1613608","4,546766611",14088,451A11,Br. Calamari,4,2,6,TV 27H - CL 72C Sur,cddd18cf-c875-4df3-90c9-a9aefc3ac59e
"-74,16104537","4,544208796",14089,444A11,Las Mercedes I,4,2,6,CL 73CBis Sur - KR 27,d84e40b9-2cc4-4f20-a970-2a3c46335e49
"-74,1610382","4,57005942",14090,204A11,Br. Jerusalén La Pradera,4,2,6,KR 45 - CL 70C Sur,468d19bb-178d-46f4-baca-01864fa96191
"-74,16100521","4,642364182",14091,460A08,Br. Patio Bonito III Sector,4,2,6,CL 2 - KR 88 Bis,fc2bdd9d-45c4-4804-ac5a-10077e027bef
"-74,16095893","4,653488309",14092,362A07,Br. Ciudad Tintal II,4,2,6,CL 6C - KR 94,a0983a9a-9233-4f46-80f6-95cd7e199911
"-74,16092035","4,544213619",14093,448A11,Br. La Salle,4,2,6,DG 73B Sur - KR 27Bis A,4e246547-acc4-4557-bf62-64891ad6c7e9
"-74,1608255","4,570147161",14094,205A11,Br. Jerusalén La Pradera,4,2,6,KR 45 - CL 70C Sur,8612dd83-129b-4150-b996-49cc2241fc46
"-74,1600947","4,601714062",14095,536A09,Br. Villa del Río,4,2,6,CL 55A Sur - KR 68D,77a63374-4dc4-464c-b770-79d5960c4da2
"-74,1598749","4,620739759",14096,127B08,IED Pablo VI,4,2,6,KR 79 - CL 41B Sur,43526c71-2720-4d68-9871-a20fc82c4051
"-74,15984881","4,591335277",14097,219A10,Br. Madelena,4,2,6,CL 61 Sur - KR 69A,b4bc0ead-eae6-4d2f-a68f-bfc5d535c677
"-74,15972809","4,571142203",14098,208A11,Br. Jerusalén La Pradera,4,2,6,CL 70 Sur - KR 45C,a9219741-98c0-4b80-8244-4ef52dc1120d
"-74,15971366","4,655766316",14099,338A07,La Magdalena Ciudad Tintal,4,2,6,CL 7 - KR 94 Bis,96fb4429-6517-4a07-8251-67ad4a15efc4
"-74,15969921","4,652522301",14100,363A07,C.C. Ciudad Tintal,4,2,6,KR 93D - CL 6A,102290ad-98f2-44aa-b51d-6a668f3c9a14
"-74,15965052","4,57116364",14101,209A11,Br. Jerusalén La Pradera,4,2,6,CL 70 Sur - KR 45C,3328342a-7cbd-4150-9ca8-530832f44b50
"-74,1595139","4,640734096",14102,450A08,Br. IED Patio Bonito II,4,2,6,CL 2 - KR 87,a4f2f263-80b2-4001-80f9-4a024f6c81ca
"-74,15910087","4,655051925",14103,337A07,La Magdalena Ciudad Tintal,4,2,6,CL 7 - KR 94 Bis,d876335d-5377-45d1-a2df-96d67bc8242d
"-74,1584984","4,639531548",14104,463A08,Br. Tayrona,4,2,6,CL 2 - AV. C. de Cali,ef55939a-214b-4b63-aca0-4cc4e5cb0205
"-74,1580915","4,622672343",14105,150B08,IED Francisco de Paula Santander,4,2,6,KR 79 - CL 40B Sur,6dd52314-37cb-4246-b40d-665cabc6c5d9
"-74,15808285","4,60177338",14106,538A09,Br. Villa del Río,4,2,6,CL 55A Sur - KR 66A,1b80c6aa-67bf-4834-889f-228eb9c89829
"-74,15809","4,607996",14107,501A09,Br. Timiza A,4,2,6,CL 43 Sur - KR 73A,0d0ba795-7d7a-4b90-950b-9fd2439f8510
"-74,1578821","4,601702033",14108,537A09,Br. Villa del Río,4,2,6,CL 55A Sur - KR 66,857c3aba-6914-4210-bd04-bac7ab4d9585
"-74,15776911","4,669373182",14109,294A07,Br. Zona Franca,4,2,6,KR 106 - CL 14,31c4fc19-bfe2-49d4-8668-49ed20d50833
"-74,1577229","4,572862411",14110,131A10,IED El Paraíso de Manuela Beltrán,4,2,6,CL 69D Sur - KR 45C,a29d447e-c8b6-4889-8ee0-edbc7b2bc758
"-74,15763243","4,572881008",14111,132A10,IED El Paraíso de Manuela Beltrán,4,2,6,CL 69D Sur - KR 45C,bbc53397-19fb-4fc2-98ad-ffa215988ea1
"-74,15714307","4,587753963",14112,392A10,Br. Atlanta,4,2,6,KR 67 - CL 65 Sur,2e4e2670-1c71-442d-92ee-01e46de5ad01
"-74,15707208","4,591677564",14113,393A10,Br. Madelena,4,2,6,KR 66 - CL 60A Sur,9b93e1ad-38bc-46cb-a62b-f9e048302c79
"-74,15700566","4,587999371",14114,391A10,Br. Atlanta,4,2,6,KR 67 - CL 65 Sur,a5c9ce06-a395-4b15-98af-f3835afd86b5
"-74,15576855","4,614778594",14115,543A09,Br. Timiza,4,2,6,CL 41 Sur - TV 74C,11d31a43-ac9c-48cf-a1f4-356fc79da860
"-74,15573128","4,615102476",14116,542A09,Br. Timiza,4,2,6,CL 41 Sur - TV 74C,0c176c2f-c343-4e49-b351-af845c80a588
"-74,15559109","4,587712128",14117,389A10,Br. Atlanta,4,2,6,TV 66A - CL 59 Sur,8e7e821b-2eed-4ddf-925c-297f494b67a5
"-74,15540663","4,587621621",14118,390A10,Br. Atlanta,4,2,6,TV 66A - CL 59 Sur,99c19dde-c70a-4b5f-b0e0-87c6d88401b4
"-74,155672","4,648422",14119,152A07,C.R. San Pedro de Castilla,4,2,6,KR 88D - CL 6D,f66f77d1-ffee-4e2a-8efd-7c8ef17b1257
"-74,155727","4,648219",14120,153A07,C.R. San Lorenzo de Castilla,4,2,6,KR 88D - CL 6D,aeac6dd2-ff02-44f9-b269-7d1b65e0d6c4
"-74,15490366","4,695222499",14121,424A06,Br. El Ocaso,4,2,6,KR 127 - CL 22D,f0d1e81a-33b4-4cc4-a214-b35e0d0234f2
"-74,15487517","4,626635975",14122,589A08,Br. Ciudad Kennedy Norte,4,2,6,CL 36 Sur - KR 79,07bf20a4-c0c7-431a-b904-59b13b0b5001
"-74,15478249","4,622307687",14123,106B08,CADE Kennedy,4,2,6,KR 78 K - CL 39 Sur,a0b4ed16-0d10-4736-88ad-5f5806ea2ce1
"-74,15471259","4,62669241",14124,592A08,Br. Ciudad Kennedy Norte Supermanzana 9B,4,2,6,CL 36 Sur - KR 79,48a12e92-c0b1-4647-9f14-239efad809ac
"-74,15449894","4,535049706",14125,431A11,El Recuerdo Sur,4,2,6,KR 24 - CL 78C Sur,5ef323fa-7726-4c65-8420-99efb4914bf5
"-74,15382902","4,588609",14126,387A10,Br. Isla del Sol,4,2,6,CL 67B Sur - KR 64,34a1cd96-ef57-4442-9714-b95393e71643
"-74,15369293","4,588597798",14127,388A10,Br. Isla del Sol,4,2,6,CL 67B Sur - KR 64,e408cd02-93dd-4d31-a791-fdb9400a45b0
"-74,15342537","4,611831917",14128,541A09,Parque Metropolitano Timiza,4,2,6,CL 40H Sur - KR 72R,974ec2aa-1c3a-45d3-8090-8b70b583fd1c
"-74,15311845","4,625028363",14129,590A08,Br. Ciudad Kennedy Norte,4,2,6,CL 36 Sur - KR 78K,2d788938-6216-4e7f-9b7b-9fd851290379
"-74,15304029","4,625155474",14130,591A08,Br. Ciudad Kennedy Norte Supermanzana 9B,4,2,6,CL 36 Sur - KR 78K,1baa1fcb-09fd-466d-a9fe-a7f3a0a7c1b8
"-74,15290639","4,666299749",14131,381A07,Parque Empresarial Santa Helena,4,2,6,KR 98A - CL 15A,13299a30-edbe-4045-9bc2-a8b803330d0b
"-74,15190278","4,542757576",14132,459A11,Br. Los Alpes Sur,4,2,6,KR 18R - CL 74C Sur,7f09b207-9e50-49d6-a632-59aba593b15f
"-74,1518081","4,542836114",14133,458A11,Br. Naciones Unidas,4,2,6,KR 18R - CL 74C Sur,42e18dd7-f946-431f-a7a4-a219a596ba9d
"-74,15144282","4,541047743",14134,434A11,Br. Cordillera del Sur,4,2,6,KR 18R - CL 76S,32482a4d-01d1-416c-8bdf-c28ad77d9e3b
"-74,151536","4,541588",14135,433A11,Br. Naciones Unidas,4,2,6,KR 18R - CL 75A Sur,0d1a36ee-c460-4c1b-8e86-f7b2409cc9e4
"-74,15135619","4,672574868",14136,380A06,Pq. Centenario,4,2,6,DG 16B - CL 104,684957df-a253-4ec3-ab3b-fcbe1fb5efa3
"-74,15124182","4,538715722",14137,137A11,Tierra Linda,4,2,6,KR 18R - CL 78 Sur,15f80a43-9384-4e7f-a219-064a4466f51f
"-74,15120676","4,672245998",14138,357A06,Pq. Centenario,4,2,6,DG 16B - KR 104,673e6a0d-880a-49ec-af66-2d2b6d793300
"-74,15113864","4,54473969",14139,461A11,Br. San Rafael,4,2,6,KR 18R - DG 71D Sur,0c59f162-fdf0-40c7-a589-4dded36807fc
"-74,15103672","4,54820713",14140,151A11,Nueva Colombia,4,2,6,KR 18M - 70K-15 Sur,84a75b63-fc1a-4b00-9247-df9b558c6e77
"-74,15102681","4,538677721",14141,138A11,Tierra Linda,4,2,6,KR 18R - CL 77B Sur,d69baa15-c47c-46d5-a186-28b012814649
"-74,15102439","4,672133075",14142,412A06,Br. La Laguna Fontibón,4,2,6,KR 104 - DG 16B,f6d9ce11-50a5-4a0f-b001-2ddf39c29726
"-74,15101902","4,544780755",14143,460A11,Br. San Rafael,4,2,6,KR 18R - DG 71D Sur,837c6653-4e55-43e8-a939-af038de43f3b
"-74,15085862","4,536910959",14144,457A11,Br. El Tesoro,4,2,6,KR 18 R - CL 78D Sur,f76ad4df-5690-4b07-8d65-531a127262b7
"-74,15085061","4,550341838",14145,154A11,Las Manitas,4,2,6,KR 18L - 70G Sur,33dedc5a-bd08-45eb-adfa-2397a0a2ab96
"-74,15084473","4,548016903",14146,152A11,Nueva Colombia,4,2,6,KR 18M - 70M Sur,41aa03e4-2d09-4436-a8e4-21a838c9b78b
"-74,15083442","4,55014916",14147,153A11,Villa Gloria Las Manitas,4,2,6,KR 18L - 70G Sur,887bc24b-f13f-4d89-a11f-56150d6becd4
"-74,15073757","4,536793727",14148,456A11,Br. El Tesoro,4,2,6,KR 18R - CL 78D Sur,4eef408f-a411-4b4c-9be1-9341d1eb20f2
"-74,1506256","4,556528726",14149,295A11,Desarrollo Marandú,4,2,6,CL 69B BIS Sur - KR 18V,97dcd654-328b-4414-b30b-7e653a8055c4
"-74,15050628","4,546591955",14150,263A11,Vista Hermosa,4,2,6,TV 18J BIS A - 71-64 Sur (AL LADO),1745a809-8230-45b1-bff9-7e31a8320553
"-74,1505131","4,556494132",14151,296A11,Desarrollo Marandú,4,2,6,CL 69B BIS Sur - KR 18V,b1b17c9f-9147-491b-8bde-c37cc0cb4be9
"-74,15036992","4,546338328",14152,262A11,Vista Hermosa,4,2,6,TV J BIS A - 71-54 Sur,a7a66572-e825-4ad9-b9a1-b1afcbf68233
"-74,15029909","4,611179592",14153,424A09,Multifamiliares Carimagua,4,2,6,CL 40C Sur - KR 72N,ea45e28f-9bb9-4d1a-a317-09c91f7562a7
"-74,15028114","4,675024884",14154,363A06,Pq Centenario,4,2,6,CL 16 - KR 105A,5ef1cb22-05e0-4c1b-a71f-e35d2d2ecc21
"-74,15010162","4,604577019",14155,474A09,La Alejandra etapa III,4,2,6,KR 72J - CL 42G Sur,6633b93b-521b-44a5-8430-225ba638a680
"-74,149885","4,557475",14156,309A11,Compartir,4,2,6,DG 68C Sur - KR 19,928a983f-9369-453f-b975-ea29b807311b
"-74,149976","4,650086",14157,176A07,Nueva Castilla I Etapa,4,2,6,KR 87B - CL 8C,fc7dd79b-69d3-42ca-9c5e-8feeb474b755
"-74,14982637","4,555159884",14158,290A11,Br. Juan Pablo II,4,2,6,DG 69B Sur - KR 18R,a64217bc-04a7-467c-abd4-422140a7b389
"-74,14960479","4,555655923",14159,291A11,Br. Juan Pablo II,4,2,6,DG 69B Sur - KR 18U,f4f7e04d-9928-41b4-87f6-37ce0f1bc5e1
"-74,14938359","4,618332162",14160,496A08,Br. Ciudad Kennedy Supermanzana 3,4,2,6,CL 38B Sur - TV 73C Bis B,8038071c-4d55-4743-bd94-0ea6f607658d
"-74,149311","4,533748",14161,226A11,Br. Arabia,4,2,6,KR 18Q - CL 81D Sur,53142a8b-1dd9-47d6-8d31-ba9406aca212
"-74,14927658","4,60120586",14162,404A09,Br. Tundama,4,2,6,TV 72D Bis - CL 46 Sur,812d8000-afae-4cff-9c37-01325c8b9605
"-74,14928","4,533981",14163,227A11,Br. Arabia,4,2,6,KR 18Q - CL 81C Sur,6737a04f-2a55-4f2e-a970-b00ec8736e5e
"-74,138655","4,644028",14164,174A07,Urb. Castilla Real,4,2,6,TV 78D - DG 10B,898cf7ee-e055-4775-b2e9-489450f1e138
"-74,1487925","4,610703739",14165,035B09,Br. Timiza,4,2,6,CL 40 Sur - KR 72M,a91b1d25-5d85-45c6-a8bc-deeea2ef4ac3
"-74,14853616","4,677130924",14166,242A06,Br. Boston,4,2,6,AK 106 - CL 17B,341319c5-ac44-41c9-a2ae-24348ac65e7d
"-74,1387","4,643902",14167,175A07,Br. Villa Alsacia,4,2,6,TV 78D - DG 10B,043c525e-4d01-485d-bb93-7d88940809dc
"-74,14835579","4,532378482",14168,454A11,Br. Arabia,4,2,6,CL 82B Sur - KR 18M,f36bdeb5-ddb1-43e5-87e9-f44869fbaf55
"-74,14828081","4,532173785",14169,455A11,Br. Arabia,4,2,6,CL 82B Sur - KR 18M,5de712ac-21aa-4bfe-9666-d057467eaeb0
"-74,14825403","4,608719869",14170,471A09,Br. Timiza,4,2,6,KR 72K - AC 40 Sur,edaececc-8846-414b-9dd6-a40ff7acbd2d
"-74,14820323","4,554588658",14171,462A11,Br. Juan Pablo II,4,2,6,KR 18Q - DG 68A Sur,d4e49161-3a29-4584-9b95-dcd2d51391fa
"-74,1481008","4,554560988",14172,466A11,Br. Juan Pablo II,4,2,6,KR 18Q - DG 68A Sur,be80af87-eac0-4035-ae7c-ee875d8a554b
"-74,1480964","4,60888771",14173,470A09,Br. Timiza,4,2,6,KR 72K - AC 40 Sur,331be556-be90-4b7d-a93d-62949a6b6c07
"-74,14757314","4,677514291",14174,308A06,Br. Boston,4,2,6,CL 18 - KR 104B,df5c016b-de03-4d83-99fb-f090d9a80605
"-74,14689678","4,684455654",14175,085A06,Br. Versalles Fontibón,4,2,6,KR 111A - CL 22F,a7d085de-4b9a-41bb-99d2-a4c1de863c29
"-74,14752733","4,620875546",14176,483A08,Br. Ciudad Kennedy Supermanzana 3,4,2,6,KR 73D - CL 35C Sur,827674d8-f69b-46e5-a582-a2da1df66649
"-74,14804031","4,686231002",14177,301A06,Br. Atahualpa,4,2,6,CL 22H - KR 113A,c64b6bdf-28da-4a8e-825b-83ceabc50104
"-74,14719249","4,561613581",14178,317A11,San Francisco II Sector,4,2,6,KR 19G - CL 65 Sur,e5c98921-7f48-4599-94fe-17e361e4abc9
"-74,14717642","4,534505652",14179,560A11,Br. El Tesorito,4,2,6,KR 18H - CL 81B Sur,574c9b7b-9f44-49cd-99b3-f7bea74758f2
"-74,14712379","4,534882628",14180,559A11,Br. El Tesorito,4,2,6,KR 18H - CL 81C Sur,367dac2e-77ea-4fe6-ac54-1970dca98797
"-74,14698206","4,605536695",14181,505A09,Br. Renania,4,2,6,CL 41A Sur - KR 72H,1cdc74a9-4156-492a-a204-bd23a516bf27
"-74,14664287","4,532644951",14182,440A11,Br. Arabia,4,2,6,KR 18G - CL 82B Sur,6f052c21-92f2-4850-9531-7db51713e26d
"-74,14656978","4,557118014",14183,413A11,CAI Compartir,4,2,6,CL 66 Bis Sur - TV 18T,697f691a-2de9-4aef-8390-52d2b8d292b7
"-74,14649529","4,553605332",14184,438A11,Br. Juan Pablo II,4,2,6,CL 67A Sur - KR 18N Bis,dc46cd0f-9a07-4645-8c69-844ae44f700f
"-74,14641936","4,553595162",14185,439A11,Br. Sumapaz,4,2,6,CL 67A Sur - KR 18N,ef391dd3-b55e-4898-9a33-35016786daf7
"-74,14613304","4,624505309",14186,257A08,Br. Techo,4,2,6,KR 75 - CL 5A Sur,ce57157c-4451-49f8-a9ac-c53a9cbe2ad5
"-74,14610442","4,675663901",14187,311A06,Registraduría Auxiliar Fontibón,4,2,6,CL 18 - KR 103A-29,cb66047c-ee55-4ded-9059-2cb92c02fd6d
"-74,14596224","4,681949446",14188,084A06,Br. Versalles Fontibón,4,2,6,AC 22 - KR 108,8c2e1e8d-2cd9-4321-b762-788a530f48da
"-74,14573655","4,558335863",14189,307A11,Br. Colmena III,4,2,6,DG 64B Sur - KR 19,ed702a74-783c-4c1e-8115-f6c33c7c045f
"-74,14534323","4,55185832",14190,437A11,Br. San Rafael,4,2,6,CL 67A Sur - KR 18C,bf8ef439-06d2-456c-8043-f75965c24041
"-74,14529015","4,539049353",14191,545A11,Br. El Tesoro,4,2,6,DG 77A Sur - KR 18C,ab3a2ada-e30c-49ed-9a6c-b6dc79d2cd9d
"-74,14523763","4,628147223",14192,559A08,Br. Mandalay,4,2,6,KR 78 - CL 4,37c8452a-1189-48b8-a264-464da492f0b9
"-74,14494377","4,640330632",14193,353A07,Br. Castilla,4,2,6,AC 8 - KR 79C,0ab75a51-53fd-4470-afaf-95f51e57bf14
"-74,144798","4,560719",14194,316A11,Br. Millán,4,2,6,DG 64 BIS Sur - TV 19C,913b4043-a7ea-4cc3-a9cc-2fb5e941ec73
"-74,143732","4,564495",14195,417A11,Br. San Francisco,4,2,6,KR 20C - CL 61B Sur,16a0b64e-f5ae-47c9-8b12-9b5661722f8a
"-74,14378703","4,684744579",14196,411A06,Pq. Versalles,4,2,6,CL 23 - KR 109,d38caade-ce35-4da6-86d1-18e385b4ced3
"-74,14345824","4,606917266",14197,115A09,Br. La Campiña,4,2,6,CL 39B Sur - KR 72G,8123c13b-4dce-4e6c-be25-61f2fa5b7b30
"-74,14365","4,564602",14198,324A11,Colegio Castro Lozano,4,2,6,KR 20C - CL 61B Sur,697f314c-feea-4413-86c4-760d8b64b166
"-74,138579","4,644842",14199,187A07,Urb. Villa de los Ángeles,4,2,6,CL 11A - TV 78D,9017da78-0a8b-48cc-bbbc-92fb71b924c6
"-74,14271164","4,606761757",14200,113A09,Br. La Campiña,4,2,6,CL 39B Sur - KR 72F-06,5c25930b-42a0-4ab3-8abb-6b2057523b35
"-74,14253252","4,638709145",14201,169A07,Br. Castilla,4,2,6,AC 8 - KR 78,c66d0141-ff0b-46fa-896e-b1ab4ac62291
"-74,1424375","4,716691447",14202,442A05,Br. La Tortigua,4,2,6,KR 125 - CL 64,b8968401-5445-4c66-a16c-fbbd335fdd7d
"-74,1406142","4,697848475",14203,377C05,Aeropuerto El dorado,4,2,6,Aeropuerto Eldorado,fc19c866-f488-4fc9-912d-a4856f0ade2a
"-74,14205793","4,610591765",14204,589A09,Br. Carvajal II,4,2,6,KR 72H - CL 37D Sur,b5d5660c-9bca-4be1-903b-9c3f919eba25
"-74,1404473","4,717520973",14205,441A05,IED General Santander,4,2,6,CL 68B - KR 124,773887f2-f021-44e3-8f15-acf01a377f41
"-74,14032945","4,683552204",14206,317A06,Br. La Cabaña Fontibón,4,2,6,CL 23D - KR 104B,60fb88d6-87d4-48e8-9b52-245cbfc9b557
"-74,13986045","4,548746738",14207,287A11,Br. La Florida Sur,4,2,6,KR 17F - CL 69L Sur,c8b5cb4f-c4da-4c36-b81f-5c8903c32f4d
"-74,13977555","4,539177136",14208,541A11,Br. El Reflejo,4,2,6,KR 17F - CL 78A Sur,6ca2c1d4-66bb-4822-a326-a18592bf49f7
"-74,13977324","4,548723564",14209,288A11,Br. La Florida Sur,4,2,6,KR 17F - CL 69C Sur,0c125c08-9663-4a3f-bdd6-3953d92f9e84
"-74,13956813","4,536569777",14210,540A11,Br. El Minuto de María,4,2,6,Cl 80 Bis A Sur - KR 16B Bis B,9461bb57-e03c-4581-ba06-f73f1356016b
"-74,13954647","4,715147025",14211,440A05,Br. El Palmar,4,2,6,KR 121 - CL 65A,381760b6-9d14-4e49-a720-c574243e23f2
"-74,139472","4,546378",14212,281A11,Br. Quintas del Sur,4,2,6,KR 17F - CL 70C Sur,e727cf0d-a5e0-4b9d-a764-a5d6f0b950d3
"-74,13931044","4,541027444",14213,542A11,Pq. Buenavista El Porvenir,4,2,6,KR 17F - CL 76A Sur,be453b35-c924-46e7-96b3-5927f4fdcca1
"-74,13917331","4,543298002",14214,543A11,Br. Potreritos,4,2,6,KR 17F - CL 74A Sur,2b9dd630-07b5-4fe8-a4b4-a359b90c687f
"-74,13904896","4,683464736",14215,326A06,IED La Cabaña,4,2,6,CL 23G - KR 104B,498714c2-3113-47c9-bea1-68452d353a16
"-74,13881578","4,59261035",14216,395A10,Br. Venecia,4,2,6,DG 47A Sur - KR 51,c26e1c69-227e-4bb6-a4ad-da83cee12f82
"-74,13860298","4,607048815",14217,469A09,Pq Carvajal Osorio,4,2,6,KR 68L - CL 37D-17 /21 Sur,48f7c258-fd9a-49a4-a419-14901f4bb58f
"-74,13857072","4,681538883",14218,320A06,Br. La Cabaña Fontibón,4,2,6,CL 23D - KR 103,defe0fa7-0491-4e8d-a3ea-255881e85162
"-74,1384999","4,644962568",14219,197A07,CASTILLA REAL,4,2,6,CL 11A - TV 78D-36,77fa3c40-dd5b-4d29-9417-ecfa1b8f5afd
"-74,13840994","4,607039404",14220,429A09,Pq Carvajal Osorio,4,2,6,KR 68 L - CL 37D-38 Sur,82788d8c-73aa-43ec-8eb3-12d22c7a30a9
"-74,13829925","4,558359414",14221,336A11,Br. Meissen,4,2,6,KR 18 Bis - CL 60G Sur,21fc063b-3e19-47fd-8b9c-df883b49e517
"-74,13825141","4,537377495",14222,539A11,Br. El Mochuelo,4,2,6,CL 78D Sur - KR 16,63f93b33-837d-42b6-89ff-5e47fe8d2c2a
"-74,13798839","4,543825136",14223,282A11,Br. Potreritos,4,2,6,CL 73B Sur - KR 17A,1b9afa98-7282-4fba-9308-e74fb19cd704
"-74,13731081","4,537901605",14224,538A11,Br. Divino Niño,4,2,6,CL 78BBisA Sur - KR 15D,681d608f-3472-4155-8258-e3e423b34cfe
"-74,13722969","4,680074864",14225,322A06,Br. La Cabaña Fontibón,4,2,6,CL 23D - KR 101,cd61b7cc-efce-4d23-a190-d379e946d718
"-74,13719448","4,681289028",14226,325A06,Br. La Cabaña Fontibón,4,2,6,CL 23G - KR 101B,83a36fb0-4abe-46f5-9e1b-66e46d859a44
"-74,13717314","4,622185724",14227,151A08,Parque Mundo Aventura,4,2,6,KR 71 D - CL 1 A Sur,f9fa8b7b-b83b-44c2-a3be-cc9e89e36a53
"-74,13677136","4,593745575",14228,394A10,Br. Venecia,4,2,6,KR 50 - DG 45 Sur,630d1d20-1e82-4a85-8e48-2924f17621f0
"-74,13671159","4,626240781",14229,139A08,Urb. Las Américas I Sector,4,2,6,KR 71D - CL 3,503a917d-ebb0-4abf-a96c-68e84458b48a
"-74,13658261","4,620304748",14230,623A08,Centro Comercial Plaza de Las Américas,4,2,6,CL 3 Sur - KR 71,eab629cd-d3ee-48c7-b6d6-748605bbd52f
"-74,13645778","4,71152905",14231,223A05,Br. Linterama,4,2,6,CL 67 - KR 115A,52b69605-cd9c-4908-93a1-6c491d5c8801
"-74,13628386","4,625579998",14232,142A08,Mundo Aventura,4,2,6,AC 3 - KR 71C,466a09dd-9174-4fa1-ab20-2613f84e1380
"-74,13628","4,605262",14233,433A09,IED Alqueria de la Fragua,4,2,6,CL 37B Sur - KR 69D-93,f337717d-7267-42d8-a210-41306ff30787
"-74,13605004","4,60502868",14234,434A09,IED Alqueria de la Fragua,4,2,6,CL 37 B Sur - KR 68 D,e6530810-50ce-453b-a20b-00c5374e211d
"-74,13577888","4,665202675",14235,403A06,Urb. Prado Grande,4,2,6,CL 19A - KR 89,296285fe-e49c-4f44-a58e-d9bfdc5423ec
"-74,13546058","4,538326953",14236,537A11,Br. Acapulco,4,2,6,KR 14B - CL 77 Sur,e44a1184-1112-47d7-a011-7eb9e6d34627
"-74,135424","4,539555481",14237,536A11,Br. Monterrey,4,2,6,KR 15 - CL 75B Sur,f4958b88-bf3c-4938-baa5-9770d2356275
"-74,13471932","4,652963292",14238,239A07,Villa Liliana El Vergel,4,2,6,AV. A. Mejía - CL 15A,628b9603-3efd-4de8-8cb1-c044a43eebaa
"-74,13468754","4,629632008",14239,094B08,Estación Mundo Aventura,4,2,6,AV. Américas - KR 71B,dbfad615-09e0-4e83-8252-92d0a5625cc4
"-74,13458564","4,667574291",14240,402A06,Urb. Capellanía,4,2,6,KR 91 - CL 20A,be4ff8e2-f70b-4c4d-8445-22bb46da4ce6
"-74,13457008","4,614521313",14241,625A08,Urb. Carvajal,4,2,6,KR 69B - CL 25 Sur,078324ca-d699-455a-a581-84acea4e843f
"-74,1343326","4,664573327",14242,404A06,Urb. Prado Grande,4,2,6,TV 88 - CL 19A,0e137a6f-1ca4-4914-8d8e-cc61d385bf38
"-74,134045","4,712298133",14243,386A05,Centro Engativá II,4,2,6,KR 115 - CL 68,f20f7507-dc63-4a2e-9cc2-6151620aab0c
"-74,13390359","4,649320137",14244,206A07,Ciudad Favidi,4,2,6,CL 13 - KR 78,57ae7b3c-e507-4ed0-8ec2-a5d3708e0f68
"-74,1331755","4,619461845",14245,497A08,Conjunto Arboleda de San Gabriel,4,2,6,KR 70 B - CL 3 Sur,7e93c6b5-d677-473f-825e-1aa8cccd04e4
"-74,13310804","4,577209727",14246,373B11,Br. Tunal Sector II,4,2,6,CL 52B Sur - KR 24,4594dbdf-9169-4d1f-a2ad-6391cc53e0cc
"-74,13291807","4,703825367",14247,241A05,Br. Vereda Centro,4,2,6,CL 64D - KR 111B,294226d1-27b0-4033-b6cf-2af82aa287e6
"-74,13290581","4,625245679",14248,141A08,Br. Hipotecho Occidental,4,2,6,AC 3 - KR 70B,86ef960f-b1e3-4d97-a913-9c4580689a99
"-74,13276871","4,616625693",14249,624A08,Urb. Carvajal,4,2,6,CL 22 Sur - KR 69C,688ccdd3-3d99-4880-ba78-29e5e31e6873
"-74,13259973","4,6464255",14250,211A07,Br. Castilla Real,4,2,6,AC 12 - AV. Boyacá,766a9c07-6675-4687-985e-6547ec769dab
"-74,13242944","4,615667735",14251,626A08,Urb. Carvajal,4,2,6,KR 69B - CL 24 Sur,075d996b-66cc-4207-a51e-4dce992911fb
"-74,13178315","4,613908336",14252,622A08,Urb. Carvajal,4,2,6,KR 69 - CL 23 Sur,d70857d3-1f07-4e64-9113-dd0744fb21c6
"-74,13167574","4,631099416",14253,322A07,Marsella,4,2,6,KR 70B - CL 6B,2833c1fc-9a50-4593-b30c-e65ac0aae1e3
"-74,13143419","4,633197712",14254,323A07,Marsella Aloha Norte,4,2,6,KR 70B - CL 7C,f0ebeb8b-e3e8-4914-8e35-1fd1f02c2309
"-74,13083053","4,63503177",14255,324A07,Marsella,4,2,6,TV 71B - CL 8A,160e44ca-1a17-43f3-a327-aa96163202da
"-74,1306392","4,563219238",14256,524A11,Br. San Carlos,4,2,6,KR 16C - CL 56 Sur,138fe156-285a-45c4-a222-df8a69ccc9bf
"-74,13053328","4,472354764",14257,350A12,Ciudadela de Usme - La esperanza I Etapa,4,2,6,CL 139 Sur - KR 3C,11fd1b1b-baf4-4cb8-84ab-e91ec7bc3fd5
"-74,12920112","4,742903367",14258,137A03,Br. Villa Cindy,4,2,6,KR 158 B - CL 136 C,7f4461d9-c74a-4768-9dc9-a1e274604c0f
"-74,12900416","4,473322775",14259,349A12,Ciudadela de Usme - La esperanza I Etapa,4,2,6,CL 138A Sur - KR 3C,c483196b-e411-4568-bbca-f249fe46aed8
"-74,12894804","4,473134366",14260,348A12,Ciudadela de Usme - La esperanza I Etapa,4,2,6,CL 138A Sur - KR 3C,a226f985-abba-4840-a0f9-190299aae62a
"-74,12863484","4,699497464",14261,244A05,Br. El Muelle,4,2,6,KR 106A - CL 64,60862a17-3e07-4f91-9742-a4b9a045d8fa
"-74,12787525","4,635785515",14262,325A07,Br. Los Pinos de Marsella,4,2,6,CL 9D - KR 69B,11d10f1f-afa7-430d-8304-3c321ee00ea8
"-74,12755601","4,574105556",14263,368A11,Tunal Sector I,4,2,6,DG 45 Sur - TV 23,fb087180-7190-4b8e-b6b8-41312bb6b2e7
"-74,12704611","4,633329697",14264,326A07,IED Marsella,4,2,6,KR 69 - CL 9,e06e5e17-f66d-4e15-ac37-162bd302520a
"-74,12664625","4,575513554",14265,370A11,Br. Tunal Oriental,4,2,6,CL 46 Sur - KR 22,8a78fa86-5f17-4e10-a4f0-fde4a03deb4c
"-74,12659788","4,583621981",14266,278A10,Br. Claret,4,2,6,TV 27 Bis - DG 43 Sur,e7968e8e-ea4d-4c38-94de-e1c658b14ed2
"-74,12655165","4,585922531",14267,135A10,Br. Inglés,4,2,6,CL 42 Sur - KR 29,1eced983-be0f-4b50-8a1b-ed40d0c68544
"-74,12622521","4,701801467",14268,249A05,Br. Las Mercedes,4,2,6,KR 106A - CL 67A,673541c6-2648-4c17-8cfb-cf7b115ecdd5
"-74,12611748","4,475675722",14269,346A12,Ciudadela de Usme - La esperanza I Etapa,4,2,6,KR 14I - CL 137 Sur,9d5ed80d-0970-47a0-8bba-9df1e3c26c9f
"-74,12609852","4,696592443",14270,228A05,Br. Alameda,4,2,6,KR 105 - CL 64,64c184e5-4642-4caf-b143-c7f1faed5b0d
"-74,1256835","4,475966666",14271,347A12,Ciudadela de Usme - La esperanza I Etapa,4,2,6,KR 14I - CL 136A Sur,031238e8-2f7a-4ab6-8e5c-f35a5bf1fe1a
"-74,12520707","4,470859459",14272,094B12,Plaza Central de Usme,4,2,6,KR 3 - CL 137 Sur,61e8c810-3dd5-4a02-94de-1da88b305de7
"-74,12514751","4,630053626",14273,319A07,Br. Marsella,4,2,6,KR 68D - CL 6,51ae7eb6-4d6e-4c0b-98cd-9f757055c8c5
"-74,125863","4,718063",14274,433A04,Br. Villas de Granada,4,2,6,KR  114 - CL 75C,574f63da-efa7-4aa8-b4db-6f1e75dbc004
"-74,12479873","4,586346001",14275,262A10,Br. Inglés,4,2,6,CL 41 Sur - KR 30,4948d987-95cc-41fb-8b63-f6c9b308fbe1
"-74,12465452","4,70164905",14276,258A05,Br. Centauro Danubio,4,2,6,CL 68 - KR 105G,9874dd79-306a-43cf-b1be-1f3466b82a04
"-74,12443632","4,696004676",14277,229A05,Br. Viña del Mar,4,2,6,CL 64B - KR 103A,55e249d3-3e73-4cee-b1ff-9ef414216569
"-74,12375425","4,646365186",14278,399A06,Br. Franco,4,2,6,CL 17 - KR 69B,0fb7f75c-4394-4e1f-8d39-0a982f581bed
"-74,1237361","4,698891305",14279,259A05,Br. El Muelle II,4,2,6,KR 105 - CL 67,e641fee4-58c2-44c4-8ea0-6c9d4c61fbb8
"-74,12357839","4,475539617",14280,345A12,Ciudadela de Usme - La esperanza I Etapa,4,2,6,CL 136 Sur - KR 14B,f3a0664f-d819-4062-b6dc-2d26b7604f5d
"-74,12357038","4,752779284",14281,269A03,Br. Bilbao II Sector,4,2,6,CL 143B - KR 151F,eaa74f81-4c7a-4257-8562-4cff1fde2a73
"-74,12354558","4,752528518",14282,268A03,Br. Bilbao II Sector,4,2,6,CL 143B - KR 151G,cf9e56d4-20fb-442b-bf7e-f94ab3ffd635
"-74,12345189","4,584249735",14283,163A10,Br. Inglés,4,2,6,KR 27 - CL 39 Sur,c42d5f09-d531-4f0a-ae07-3806894aad07
"-74,12332127","4,584192048",14284,289A10,Br. Inglés,4,2,6,KR 27 - CL 39 Sur,dc47e231-af91-4ff5-85d5-6699ce6e96a8
"-74,1233168","4,474069912",14285,510A12,Br. Usme La Eperanza I Etapa,4,2,6,DG 136 Bis Sur - KR 3A,ff2a811d-6561-4bd6-a8db-bef9ac00fec8
"-74,12331318","4,475439981",14286,344A12,Ciudadela de Usme - La esperanza I Etapa,4,2,6,CL 136 Sur - KR 14B,87605f5d-debd-4e77-9cf9-a01a8f2f6b54
"-74,12286401","4,681646379",14287,369A06,Br. Puerta de Teja,4,2,6,DG 25G - TV 95A,6bd4cbce-bf40-4c73-8706-97dc0d279701
"-74,1232391","4,472350285",14288,097B12,Centro Usme - La Esperanza,4,2,6,KR 3 - CL 136 Sur,2930048b-a319-4f7b-bde0-54177edc2e91
"-74,12316565","4,715975072",14289,238A04,Pq. Villas de Granada,4,2,6,CL 77 - KR 110B,aee8d2f7-d2f3-4aa9-8fc3-86ddfce8a2e1
"-74,12315809","4,648439376",14290,406A06,Br. Franco,4,2,6,KR 69F - CL 18,3cd682f8-1dea-444b-92c4-4ff71e76f53d
"-74,12291741","4,598208436",14291,562A09,Br. Autopista Muzú,4,2,6,CL 33 Sur - KR 40A,fe42e39c-c1c2-4bf7-857a-a318e193a253
"-74,12285718","4,523950142",14292,500A12,Br. El Mochuelo,4,2,6,DG 68A Sur - TV 14R,74f48079-300c-4470-aced-b3967aa80038
"-74,12264757","4,598035524",14293,563A09,Br. Villa del Rosario,4,2,6,CL 33 Sur - KR 40,842313b3-d221-4d4f-a269-e285ef9f21a4
"-74,12252804","4,753133897",14294,501A03,Br. Bilbao II Sector,4,2,6,CL 143B - KR 150B,c98592e5-58c1-4734-aefa-d53fc535ce5b
"-74,12240428","4,520581051",14295,019B12,Br. La Aurora,4,2,6,KR 14V - DG 69F Sur,72561d6e-efe2-4a7c-a44a-5eeae36c8e79
"-74,12238586","4,753181295",14296,521A03,Br. Bilbao II Sector,4,2,6,CL 143B - KR 150A,4033b21d-4de5-46b7-94df-3ff1a968bf67
"-74,1221723","4,725565857",14297,131A04,Iglesia Santa Ángela Merici,4,2,6,KR 116B - CL 80A,c093d7ef-20ec-4106-a1f1-bbb253074758
"-74,12207703","4,679476072",14298,371A06,Br. Ferrocaja,4,2,6,DG 25G - TV 95,7e6813b6-5181-4a58-aee5-948fb6a6abd9
"-74,12179331","4,646489166",14299,204A06,Br. Montevideo,4,2,6,KR 69B - CL 17A-26,d626084c-e037-4724-9be0-486454cd5e32
"-74,12154561","4,705908036",14300,385A05,Br. Plazuelas del Virrey,4,2,6,KR 105F - CL 70F,cfa10ddb-b21d-44f9-ad27-f3ffa4acd02d
"-74,12152672","4,714636318",14301,172A04,Br. Villas de Granada,4,2,6,CL 77 - KR 110A,8258f8e9-fefc-4c9e-b791-0ca9d9bbcce3
"-74,1214222","4,649498505",14302,205A06,Br. Montevideo,4,2,6,CL 19 - KR 69B-88,2729f3f9-f7b1-4185-9a79-41b126f41551
"-74,12139941","4,716021277",14303,173A04,JAC Villas de Granada,4,2,6,KR 111 Bis - CL 77A,b7af2b2d-b059-47f6-943b-f293f8920a44
"-74,12128229","4,52205781",14304,509A12,Br. La Aurora II Sector,4,2,6,DG 69F Sur - KR 14T,12257640-fb05-4fbb-9891-e7ffd2301cc9
"-74,12123614","4,525435708",14305,501A12,Br. Nuevo San Andrés,4,2,6,DG 68A Sur - TV 14P,df906397-c3f6-43e2-8aaa-1ab2c91ff727
"-74,12091078","4,610521349",14306,519A08,Br. El Jazmín II Sector,4,2,6,DG 16 Sur - TV 52,fb5c4e8b-25c3-49f8-bef5-ceddb26d631f
"-74,12090523","4,595811599",14307,565A09,Br. Villa del Rosario,4,2,6,CL 33 Sur - TV 35A,6c2b4a36-36d8-4702-a2c3-0b0aac52ae8f
"-74,12081283","4,521712607",14308,405B12,Br. La Aurora,4,2,6,CL 70A Sur - TV 3F Bis,08c136f8-8a36-4e66-8c75-bf6b3c487aa5
"-74,12059558","4,705628829",14309,384A05,Br. Garcés Navas,4,2,6,KR 105A - CL 70D Bis A,492c5bbd-18b3-4f4f-ba27-9db795a3e8ef
"-74,12050691","4,648472719",14310,206A06,Br. Franco,4,2,6,CL 19 - KR 69B,a44383ad-98ba-471c-8658-8292b617d8a8
"-74,12041666","4,59954068",14311,564A09,Br. La Guaca,4,2,6,KR 40 - CL 29A Sur,f3dc137c-5eec-4ad2-825d-545ac2bf1f8f
"-74,1204133","4,522509041",14312,502A12,Br. La Aurora II Sector,4,2,6,KR 14L - CL 69F Sur,6a251452-ccb5-438a-a7ae-e7d42f4a4545
"-74,12036981","4,696608892",14313,399A05,Br. Álamos II,4,2,6,CL 66 A - KR 98,c38ab6f4-7455-4a1d-a580-fca31e45a7f4
"-74,12034394","4,51814173",14314,112B12,Br. Santa Librada,4,2,6,KR 14L - CL 73 Sur,86e88cc9-b93a-4ea0-8d1c-2803f791805e
"-74,12016456","4,583250373",14315,273A10,Br. Inglés,4,2,6,DG 36 Sur -KR 25,7d924c0b-696f-4236-9c51-9fbdbd4931b3
"-74,1201095","4,513209789",14316,506A12,Br. San Juan Bautista,4,2,6,CL 76 Sur - KR 14Q,b12a1466-d9cb-41c5-8f6a-a4d814188d07
"-74,12005717","4,512121823",14317,507A12,Br. Marichuela,4,2,6,CL 77 Sur - KR 3B,ac9ed806-2c17-47fb-ae86-af02a15f789b
"-74,11993012","4,701008428",14318,400A05,Br. Tierra Grata,4,2,6,KR 101 - CL 69,a2862d35-5cd4-4dc2-af1c-07ca76d85ef8
"-74,11981344","4,698255759",14319,401A05,Br. Los Ángeles IV,4,2,6,KR 99 - CL 68 A,a764a50b-803f-4bc5-b6cb-b2db4b5de499
"-74,11965669","4,607858052",14320,289A08,Br. El Jazmín II Sector,4,2,6,DG 16 Sur - KR 51,8ef1739c-3ecc-4396-9d57-4f8d9d18877f
"-74,1196398","4,568071882",14321,135B12,Br. Marco Fidel Suárez I,4,2,6,DG 46 Sur - TV 16,3fc84018-802c-4980-82c1-9c48adb1e80b
"-74,1195699","4,643320756",14322,407A06,INVIMA,4,2,6,AK 68 D - CL 17,8c168536-e6bf-4f42-bb8a-ca807057686d
"-74,11928007","4,714945111",14323,177A04,Br. Garcés Navas,4,2,6,DG 78C - KR 109,934f86b7-55fb-42e0-8a32-05f20f54a314
"-74,119173","4,642364",14324,201A06,Br. Granjas de Techo,4,2,6,AC 17 - KR 68B,cdae7781-6ebb-49d5-9b63-cbd0c4ad58fc
"-74,198812","4,615202",14325,514A09,Br. Islandia II,4,2,6,CL 73F Bis Sur - KR 83B,4b116265-a806-426f-8fbf-63d6c01cbc73
"-74,11903641","4,695330866",14326,402A05,Br. Álamos I,4,2,6,CL 66 A - KR 96A,db1df9a2-bb14-423f-a3b3-41ba9206fc48
"-74,11897006","4,610777456",14327,477A08,IED Luis Carlos Galán Sarmiento,4,2,6,CL 1B - TV 52-91,2050cbde-d9e9-40fc-a84a-74e7aef7605d
"-74,11895695","4,709492028",14328,335A04,Br. Garcés Navas Oriental,4,2,6,CL 75C - KR 105B,4d3d09b9-3d59-4948-be50-c070247a7176
"-74,18866566","4,62166161",14329,287A09,Bosa Nova,4,2,6,KR 87 Bis - CL 60 Sur,e8a6683c-27bf-4a7e-86ee-e71fc513a076
"-74,1189236","4,610905551",14330,478A08,IED Luis Carlos Galán Sarmiento,4,2,6,CL 1B - TV 52 Bis,99a4ae0f-263f-43b4-8e5f-53f8ea9a4eed
"-74,18861266","4,621531608",14331,286A09,Barrio El Rodeo,4,2,6,KR 87 Bis - CL 60 Sur,38dd85b9-0f42-44b1-a462-dfbb8682f9f3
"-74,11883409","4,492578482",14332,106B12,Br. Villa Anita Usme,4,2,6,KR 2A - CL 116A Sur,aa8d9023-0807-4163-a2c6-935cf3d8cd26
"-74,11882693","4,695653313",14333,398A05,Br. Álamos III,4,2,6,CL 66 A - KR 96 A,11b0f8db-e238-471c-9aa4-be07eebb89cc
"-74,11879876","4,629564538",14334,314A07,Br. Salazar Gómez,4,2,6,KR 65 - CL 9A,818f5f28-849c-42ed-a8cc-4477808b53d9
"-74,11874482","4,492411848",14335,107B12,Villa Anita Usme,4,2,6,KR 2A - CL 116A Sur,60d7eb82-5732-4272-a705-fd7b4bf57e04
"-74,11874195","4,531092641",14336,BD-066A,Portal Usme,4,2,6,CL 67 A Sur - Av. Caracas,417058ed-00ab-4aa7-8d6d-64cdf314f0e0
"-74,11868881","4,605889019",14337,588A08,Br. Remanso,4,2,6,DG 16 Sur - KR 41,66cccb09-7631-4ce7-a5cc-ca439e74ed6b
"-74,18826166","4,600509021",14338,522A09,Br. Nueva Granada Bosa,4,2,6,CL 68 Sur - KR 78,c94f5742-9727-4463-a919-9883635fe18f
"-74,118933","4,715784",14339,032A04,Br. Garcés Navas,4,2,6,KR 110 - CL 78F Bis,50703b04-5144-4fee-85e8-0195e0f26b92
"-74,186374","4,596718",14340,272A09,Br. La Estación,4,2,6,KR 77G - CL 65 J Sur,a7fe2ae6-f35d-4eda-8186-150520efb7e5
"-74,11853726","4,580277779",14341,374A10,Br. Quiroga Sur,4,2,6,CL 36 Sur - KR 23,90f97b61-a04e-42a3-8993-4f27c52e4fdb
"-74,11849909","4,597693387",14342,566A09,Pq. La Guaca,4,2,6,CL 29A Sur - KR 38A,646cab4a-37c5-48c8-af86-d3bd706a3649
"-74,11849662","4,613628245",14343,482A08,Br. La Camelia,4,2,6,TV 53 - CL 2,6f0c43dc-01c7-4437-88d2-ec1c8c84f839
"-74,11846061","4,721832649",14344,266A04,Br. Ciudadela Colsubsidio,4,2,6,CL 81 - KR 112F,a23fc8f5-3484-4ab8-8803-cf8a98f1e9ed
"-74,11843385","4,511415031",14345,508A12,Br. Marichuela,4,2,6,KR 14F - CL 76B Sur,4170745b-2672-4aee-a120-8b4587afa842
"-74,11837248","4,58037279",14346,373A10,Br. Quiroga Central,4,2,6,CL 36 Sur - KR 23,bdecfc62-2c40-4ad5-8bbb-aad96e1d471e
"-74,11816188","4,700032225",14347,468A05,Parque de los Ángeles,4,2,6,CL 70 - KR 99,ba453694-afb0-4570-8b70-7638bb5f35ab
"-74,11810692","4,515720315",14348,503A12,Br. Santa Librada,4,2,6,KR 14C - CL 74A Sur,dd966ed9-0f98-4860-92e1-78441ba6f9fa
"-74,11798232","4,496281453",14349,399A12,Br. Brazuelos Sector Paraiso,4,2,6,KR 11 - CL 102 Sur,006655a6-9c4a-496d-92cf-dc4e3a0649f2
"-74,11793265","4,51342167",14350,505A12,Br. San Juan Bautista,4,2,6,CL 76 Sur - KR 14G,adf86f62-fb7b-4ae9-a3e2-86dd71439aaa
"-74,11782174","4,646237418",14351,265A06,Br. Montevideo,4,2,6,CL 19 - AK 68D,1c453850-c168-46d4-b36b-34276b265030
"-74,11770188","4,514324477",14352,504A12,Br. Santa Librada,4,2,6,KR 14C - CL 74D Sur,4095cde4-9e8c-4399-96d3-d8c5b120518e
"-74,1173687","4,719464998",14353,267A04,Br. Portal del mortiño,4,2,6,KR 111 CL 80A,6307c15d-313d-435a-a496-cd3594eb6709
"-74,1173438","4,694312173",14354,412A05,Los Álamos Sector Industrial,4,2,6,CL 66A - TV 93,5ae7eed6-55e2-4787-b1ec-349f514b3af6
"-74,117187","4,706612",14355,311A04,Br. Molino del Viento,4,2,6,KR 103 - CL 73,7e7f0f23-af1e-4e2c-ac21-f1cee58e2ca0
"-74,11729668","4,573651363",14356,459A12,Br. Granjas de San Pablo,4,2,6,CL 36 Sur - KR 13F,1134b2f3-3a54-4e66-b4f3-53f2bdc61be7
"-74,11715275","4,631360084",14357,311A07,Br. Salazar Gómez,4,2,6,KR 65 - CL 10,9914a5e4-0cfe-429c-95d8-489ad891370c
"-74,11706516","4,57326695",14358,456A12,Br. Granjas de San Pablo,4,2,6,CL 36 Sur - KR 13F,d8f1a2a4-d65f-4dc2-bd70-1ec98c74ef8b
"-74,17980309","4,592361307",14359,173A10,Br. Quiba,4,2,6,KR 76A - CL 59A Sur,3597e438-a253-4435-8f73-93d8fae9a58d
"-74,17961466","4,592064215",14360,297A10,Br. Buenos Aires,4,2,6,KR 76A - CL 59B Sur,52934479-5059-4972-99d7-4cf9a320607f
"-74,11675224","4,70494332",14361,203A04,Br. Álamos norte,4,2,6,KR 101 - CL 72A,890af25d-ef2a-4479-ada5-a524974b5b02
"-74,11671422","4,730854436",14362,319A04,Conjunto Los Manzanos,4,2,6,KR 117 - CL 89A,061d9607-ff53-4048-a558-9085d1415142
"-74,11666627","4,721505488",14363,265A04,Br. Ciudadela Colsubsidio,4,2,6,KR 112F - CL 82,7b88ac30-0881-48ad-b420-7ff94164361f
"-74,11663457","4,724108682",14364,037A04,Br. Ciudadela Colsubsidio,4,2,6,KR 113 - CL 82,961ae352-f6eb-448b-832f-8e55518737ae
"-74,11661612","4,553973354",14365,376A12,Br. Marruecos,4,2,6,CL 49C Sur - KR 5N,f1de29fe-973b-46cb-9ef8-bb2d3cd7f33c
"-74,11626154","4,718947782",14366,268A04,Br. Bolivia Occidental,4,2,6,TV 110A - CL 81,9c984aab-b1ca-413d-90ce-f618bdc48908
"-74,17931002","4,590915158",14367,296A10,Br. Buenos Aires,4,2,6,KR 76A - CL 60B Sur,ea0a1d28-510d-4426-9373-725651f0bb39
"-74,11609458","4,55501578",14368,513A12,Br. Marruecos,4,2,6,DG 48Y Sur - TV 5R,23c2be4f-8641-457d-8b87-e70a773f4161
"-74,11605505","4,493003963",14369,148A12,Salón Comunal Usminia,4,2,6,KR 7 - CL 106B Sur,4ee047c2-15c2-4766-bdca-c7a73f13c9e4
"-74,11599997","4,495997394",14370,156B12,Br. Usminia,4,2,6,KR 7 - CL 102 Sur,7b0f466d-5055-4cfd-a6ce-9e0ba7277742
"-74,11581021","4,614656513",14371,513A08,Br. La Camelia,4,2,6,TV 53 - CL 2C,775939bc-8593-4d81-a963-c5e860cd60af
"-74,114894","4,490348",14372,147A12,CAI Antonio José de Sucre,4,2,6,CL 111B Sur - KR 5Bis,be936191-e271-464f-b666-edb1ff682275
"-74,11575126","4,633186299",14373,312A07,Br. Salazar Gómez,4,2,6,KR 65 - CL 12,3891b866-413a-48ff-a137-d23c722046f9
"-74,115632","4,709735",14374,312A04,Br. Molino del Viento,4,2,6,KR 103 - CL 77,0eb64a4a-e3a6-4874-aca5-c9dba2a5e3ee
"-74,1790677","4,588985405",14375,168A10,Br. Estrella del Sur,4,2,6,KR 76A - CL 62D Sur,4a538dce-8c31-400c-acc7-de5165255f63
"-74,17898272","4,588940923",14376,172A10,Br. Los tres Reyes I,4,2,6,KR 76A - CL 62F Sur,63645013-6cdf-462c-bfaf-441e34adc646
"-74,11551102","4,535096461",14377,221A12,Ciudadela Nuevo Milenio,4,2,6,CL 65 Sur - KR 1C Este,a91b093a-5a91-47b1-83bb-5b878282b781
"-74,11536348","4,721419342",14378,141A04,Pquia. Nuestra señora de la Reconciliación,4,2,6,KR 111C - DG 82A,89256d78-f9dd-4f16-a7f5-f6eaf024aaf4
"-74,11535759","4,571436163",14379,455A12,Br. Granjas de San Pablo,4,2,6,DG 36 Sur - KR 12J,34062d45-cd0c-4801-a04b-4a8eb7794523
"-74,11532547","4,51542995",14380,476A12,Br. Santa Librada,4,2,6,CL 74C Sur - KR 12,f2c400c4-d789-4df7-b543-d8c583fa026e
"-74,11528618","4,571231839",14381,460A12,Br. Granjas de San Pablo,4,2,6,DG 36 Sur - KR 12J,2c842364-a0b6-4ff7-8b77-070dd34eee15
"-74,11525025","4,534913907",14382,220A12,Ciudadela Nuevo Milenio,4,2,6,CL 65 Sur - KR 1C Este,be27a2f2-a248-4a3a-a79e-2f26fb15a758
"-74,11519414","4,741360355",14383,279A03,Br. Miramar,4,2,6,CL 132 - KR 132A,988e578b-56d7-444b-afb8-a67971817b38
"-74,11513783","4,706848987",14384,233A04,Br. Villas del Madrigal,4,2,6,KR 100B - CL 75,09af88cc-de7b-466a-9414-f42d4fcaa33f
"-74,17863988","4,596335449",14385,175A10,Br. La Peninsula El Paraíso,4,2,6,KR 76 - CL 57R Sur,eeaa4c11-d78d-4179-beef-d7881c391b13
"-74,1786065","4,593999941",14386,274A10,Br. San Isidro,4,2,6,KR 76 - CL 58 Sur,4954c659-6440-4fa3-b770-2a394cb0fe4c
"-74,11491575","4,637207294",14387,236A06,Zona Industrial Puente Aranda,4,2,6,KR 65B - CL 13,09ec0201-92b5-46e4-aa8e-f7001b5199f6
"-74,1148871","4,537037772",14388,426A12,Br. Danubio Azul,4,2,6,Dg 60 Sur - KR 3,e22d67ec-8304-487d-ae84-4ef1434744e4
"-74,11483643","4,693181746",14389,318A05,Br. Florida Blanca,4,2,6,CL 66A - KR 92,72327a68-c9dc-48a2-84b3-490779588df7
"-74,11474925","4,556192358",14390,425A12,Br. Callejón de Santa Bárbara,4,2,6,TV 5Q - CL 48P Sur,dfea1f8c-5c81-4efa-b3c9-cc0c91c48bf3
"-74,11470884","4,537011299",14391,230A12,Br. Danubio Azul,4,2,6,Dg 60 Sur - KR 3,44151592-c1f3-494f-806c-786b87a29cf3
"-74,11470384","4,567659448",14392,462A12,Br. San Jorge Sur,4,2,6,TV 12A - CL 42 Sur,173e122e-e723-4d2d-b53c-b5397c50e9cb
"-74,11468674","4,569367485",14393,461A12,Br. Granjas de Santa Sofía,4,2,6,CL 40B Sur - KR 12C,1e3a2632-13bc-4a2d-9c57-47c000424b62
"-74,1780631","4,585888352",14394,169A10,Br. El Mirador de la Estancia I,4,2,6,CL 63A Sur - KR 75L,f9fc4321-4288-4bd4-a9d6-e944b8dc597f
"-74,11459074","4,569463848",14395,454A12,Br. Granjas de Santa Sofía,4,2,6,CL 40B Sur - KR 12C,e2ab420d-eba7-4145-bb03-2dd847826df7
"-74,11457316","4,720995639",14396,269A04,Colegio Colsubsidio Ciudadela,4,2,6,KR 111A - CL 83,579f5932-fc8a-48ff-a385-b1a0603281e5
"-74,11448602","4,567733491",14397,453A12,Br. San Jorge Sur,4,2,6,TV 12A - CL 42 Sur,42bb098c-039f-4b8a-b9bf-fd84d114bb5f
"-74,11435682","4,726092314",14398,263A04,Ciudadela Colsubsidio,4,2,6,KR 113 - CL 86,1ae23804-392e-4765-8043-021852e2962b
"-74,11427545","4,557865523",14399,424A12,Jardín Infantil Marruecos Bambi,4,2,6,TV 5Q - DG 48J Bis Sur,51b81d50-f285-4372-aa9c-43bea42403f1
"-74,11419192","4,692887026",14400,319A05,Br. Florida Blanca,4,2,6,CL 66A - KR 91,72cfb1e5-b92a-41fe-a144-8e2661798176
"-74,11376476","4,697560604",14401,467A05,IED Florida Blanca,4,2,6,CL 70A - KR 94,aca0e23b-d5af-4475-aec3-6a377615b7ad
"-74,11366077","4,709548003",14402,252A04,Br. Villas del Madrigal,4,2,6,KR 100B - CL 77B,37ad1cd3-edba-4386-b179-cfcaa2bae33a
"-74,11365156","4,51587278",14403,477A12,Br. Santa Librada,4,2,6,CL 74C Sur - KR 9B,4fa7e2ca-344c-4482-a795-90ae6472baaa
"-74,1136457","4,516768485",14404,486A12,Br. Benjamín Uribe,4,2,6,CL 74B Sur - KR 9A,cf11ba0b-29c1-4e80-9fae-d046dfed193c
"-74,17792748","4,587254447",14405,283A10,Br. Quiba,4,2,6,KR 75L - CL 62I Sur,80660a66-630d-41b9-b77a-7065eab70585
"-74,11350485","4,57280721",14406,353A12,Las Colinas,4,2,6,DG 32H Sur - KR 15A,9a696233-0809-4e6e-a645-c84c08e6e69c
"-74,11349041","4,741100811",14407,568A03,Br. La Estrella I,4,2,6,KR 129 - CL 132A,4d8f5afa-e86d-4603-8644-6960ebe108c4
"-74,1134649","4,505674844",14408,188A12,Br. Chuniza I,4,2,6,CL 91 Sur - KR 11,9c092acc-46f9-449b-9dce-226fb7ffb00b
"-74,17778143","4,586936512",14409,171A10,Br. Los tres Reyes I,4,2,6,KR 75L - CL 62I Sur,25415463-7db5-4eed-81fd-4f5a12b2006a
"-74,17657179","4,59472952",14410,293A10,Br. Los tres Reyes II Sector,4,2,6,CL 57Z Sur - KR 75D,2f5f73dd-aeff-4c1c-8c6e-28e766ef4fb3
"-74,17415053","4,604789247",14411,315A09,Urbanización La Unidad,4,2,6,CL 58 Sur - 77I,90629377-fe64-4db2-9857-5fee899ca2e8
"-74,11329876","4,725062889",14412,262A04,Ciudadela Colsubsidio,4,2,6,CL 86A - KR 112F,e8d4e98e-436f-49e2-9c0b-54d6bc0db729
"-74,11291172","4,51486143",14413,478A12,Br. Santa Librada,4,2,6,KR 9A - CL 75 Bis Sur,7ef91c20-bf01-403c-b2a3-85e8ea3a09b7
"-74,11290104","4,515164762",14414,485A12,Br. Santa Librada,4,2,6,KR 9A - CL 75 Sur,5cfe750f-3a71-43a1-b2fb-4355636f5eec
"-74,11288573","4,50544504",14415,191A12,Br. Chuniza I,4,2,6,CL 91 Sur - KR 9B,6a090d77-163d-44a1-b7ff-921e4aadbbdb
"-74,11288269","4,670071208",14416,394A05,Estación Normandía,4,2,6,KR 74 - DG 47,1f6be7a3-14ce-47fc-8f1b-11aceac21d0d
"-74,11272266","4,744232403",14417,608A03,IED Jose Maria Veláz,4,2,6,KR 131 - CL 133,718a6f31-5514-43f6-801b-ebae44a24fd7
"-74,17373376","4,606469865",14418,529A09,Urbanización La Unidad,4,2,6,KR 78 - CL 57F Sur,17e4990a-3fa3-44de-9725-cfb91b2778b5
"-74,1126642","4,509700429",14419,480A12,Br. Santa Librada,4,2,6,KR 9A - CL 80 Sur,7a1d8ef9-bc6f-429c-927d-daadd897d0de
"-74,17245544","4,594427806",14420,292A10,Br. Primavera II,4,2,6,TV 73 I - CL 57Y Sur,77653c8d-43c2-4325-8234-1f4a50b25967
"-74,11263153","4,636343581",14421,264A06,Br. Centro Industrial,4,2,6,AC 17 - KR 63,dd242bc8-aba2-42bb-902e-9a06d1c10e74
"-74,11260872","4,712382835",14422,289A04,Parque San Andrés,4,2,6,KR 102 - CL 80A,b46061b8-4027-42e8-a8f7-2a291b9f6b9f
"-74,11251544","4,541686378",14423,239A12,Br. Palermo Sur,4,2,6,KR 3 - DG 53 Sur,80027acf-3274-4a1f-9951-e6c0c4c54fc4
"-74,1124803","4,512565586",14424,479A12,Br. Santa Librada,4,2,6,KR 9A - CL 76 Sur,60fcccea-2e8f-4486-b980-db6102b4eff2
"-74,17169244","4,607935581",14425,323A09,IED Class,4,2,6,KR 78 - CL 56B Sur,f2958a84-e783-44b5-9cdc-ed2fc452dc19
"-74,11244194","4,541875089",14426,240A12,Br. La Paz,4,2,6,KR 3 - DG 52A Sur,fb492d79-46bc-405d-9472-fa28fb23db0e
"-74,11242534","4,512041668",14427,484A12,Br. Almirante Padilla,4,2,6,KR 9A - CL 76A Sur,b40f28de-70b0-4a64-b91b-a5c4b468f461
"-74,11240619","4,717940726",14428,149A04,Br. Bolivia Oriental,4,2,6,AK 104 - CL 82,619d9be9-68ff-48d1-be0c-954eada01a78
"-74,11226027","4,724086647",14429,142A04,Br. Ciudadela Colsubsidio,4,2,6,KR 111C - CL 86A,d2db53e7-551f-49fc-84bb-b3e8087ef74a
"-74,11224694","4,691630288",14430,322A05,Br. Florida Blanca,4,2,6,CL 66A - KR 89,31bcb3ef-2dfb-4b68-8b0f-f2f59fd5e9e0
"-74,1122293","4,713044371",14431,288A04,Parque San Andrés,4,2,6,KR 102 - CL 81,34755f56-e837-48c8-834d-f4a8b33e2a76
"-74,11219773","4,615022769",14432,354A07,Br. Vergel Occidental,4,2,6,KR 81A - CL 13F,a6a19b29-1018-4f7d-b54d-9c9bab342486
"-74,11217148","4,72619387",14433,229A04,Br. Ciudadela Colsubsidio,4,2,6,KR 112F - CL 89B,a097c3e2-6aee-4a04-9098-5486597025cc
"-74,1121196","4,623492194",14434,380A07,Br. San Rafael Industrial,4,2,6,CL 5C - KR 53C,d087d2d3-c504-4f82-a9a6-dda4cbf7431d
"-74,11206269","4,691596307",14435,323A05,Br. Florida Blanca,4,2,6,CL 66A - KR 89,899598bf-1a3f-43d4-b74b-d6a0d43a3d27
"-74,11187457","4,574465949",14436,354A12,Las Colinas,4,2,6,CL 32 Bis Sur - KR 15B,a689c438-186c-4b96-8c2c-5198049afeb3
"-74,11179822","4,746239407",14437,077A03,Br. Tibabuyes Universal,4,2,6,CL 139 - KR 129B,bb797efb-10b5-45de-9581-7e7d6e678864
"-74,11162985","4,539209941",14438,237A12,Br. Danubio II,4,2,6,KR 4 Este - DG 54A Sur,f1e69a4b-00fe-4e7b-b90b-3dcff67e694f
"-74,11159493","4,538585546",14439,238A12,Br. Danubio II,4,2,6,KR 4 E - DG 54B Sur,3f8782e7-4380-46b9-a41d-e6c1c2789847
"-74,11139058","4,74588612",14440,607A03,Urb. Los Campos,4,2,6,KR 129 - CL 137B,23158d4d-2b9b-4c06-8176-546f8b8a4864
"-74,11137462","4,74564534",14441,609A03,Urb. Los Campos,4,2,6,KR 129 - CL 138,22abc750-b1da-4cbd-a8cb-6ac2f7ea1e25
"-74,17066301","4,611871003",14442,340A09,Salón Comunal Roma IV - II,4,2,6,CL 54 Sur - KR 78K,896436b8-74ac-434a-b267-580ed3cd288f
"-74,1113275","4,715038063",14443,299A04,Bochica II,4,2,6,CL 82 - KR 102,8a2c2258-348d-425e-bb6d-e1a0ecf000e1
"-74,11121634","4,542128452",14444,463A12,Br. Palermo Sur,4,2,6,DG 52C Sur - TV 2D,71aa7757-678b-47c0-94e2-db02208caaaa
"-74,11116747","4,543365765",14445,341A12,Br. Palermo Sur,4,2,6,KR 3 - CL 50A Sur,57367d9f-0178-4867-ab00-447c0191b444
"-74,11105514","4,671242972",14446,474A05,Br. Normandía V Sector,4,2,6,KR 73A - CL 49A,35f9086c-cfc5-47a6-a93a-c2c80bad6226
"-74,17054314","4,611887087",14447,341A09,ACIP,4,2,6,CL 54 Sur - 78K,e2b18179-951a-4a7e-96fc-6f608fb4a882
"-74,16987845","4,609606749",14448,338A09,Catalina,4,2,6,DG 54A - KR 77V BIS,de6e6c60-2819-4f6e-90d7-cc77fde1c96c
"-74,11086747","4,504731404",14449,487A12,Br. Chuniza I,4,2,6,KR 8 - CL 89B Sur,7b538b1b-c9a2-4ebe-acfd-9ab0bd24b698
"-74,11083977","4,695800426",14450,328A05,Br. Florida Blanca,4,2,6,CL 70A - KR 90,b5c2acd9-960a-4bb7-9039-7da4c14bfecf
"-74,1684009","4,645430358",14451,415A08,Urbanización Riveras de Occidente,4,2,6,CL 34 BIS A Sur - KR 93,cbf81156-d7d6-4676-99c4-e7f8132024c9
"-74,110511","4,671613",14452,471A05,Br. Normandía II Sector,4,2,6,KR 73A - CL 49A,8a2a3a91-0229-4b01-a2d1-958151e6c8fe
"-74,16441615","4,562636168",14453,169A11,Parque Ecológico Arborizadora Alta,4,2,6,DG 72F Sur - KR 33,f379e82c-f552-40ee-b5da-a84ae75928b3
"-74,1642684","4,562554489",14454,170A11,Parque Ecológico Arborizadora Alta,4,2,6,DG 72F Sur - KR 33,23b649a7-46d8-4d1c-afaf-9955fc14ce79
"-74,11067437","4,504980095",14455,488A12,Br. Chuniza I,4,2,6,KR 8 - CL 89 Sur,05261597-87a6-4ed3-9c29-edc6e1da8790
"-74,1106386","4,51195992",14456,483A12,Br. Betania II Sector,4,2,6,CL 76B Sur - KR 8B,edf1d0d2-2839-4960-94d8-55bf9999e54a
"-74,16362941","4,564203532",14457,171A11,Br. Arborizadora Alta,4,2,6,DG 72 Sur - KR 35A,89eeb3ad-d6a2-4e6c-8ec4-13e7f89aca44
"-74,16339786","4,564112087",14458,172A11,Br. Arborizadora Alta,4,2,6,CL 72F Sur - KR 35,6734a6da-e9bc-4a4d-8d29-2c549a1ae01d
"-74,1105721","4,547772902",14459,515A12,Br. Diana Turbay,4,2,6,CL 48Z Sur - KR 5,054652ef-14bd-4a16-9ad8-d0e4f58cec77
"-74,11023895","4,633875941",14460,260A06,Br. Puente Aranda,4,2,6,AC 17 - KR 59,23acb923-2842-48a0-bde2-55ce65cb0b15
"-74,11018904","4,715224643",14461,291A04,Br. Bochica III,4,2,6,KR 102 - CL 82,6dbd7211-9f61-4106-8688-4249b5fb6485
"-74,11016128","4,573698863",14462,355A12,Las Colinas - Sector Divino Niño,4,2,6,CL 32 Bis Sur - KR 14D,0cccb8ec-e4a8-4f5e-8cd5-264eda87989f
"-74,110111","4,543947066",14463,464A12,Br. Palermo Sur,4,2,6,CL 49D Sur - TV 2D,ab5d1ebc-951c-4484-b325-469ad69cb6c3
"-74,16294598","4,56684008",14464,183A11,Br. Arborizadora Alta,4,2,6,CL 72F Sur - TV 39A,3bf86fcb-86ba-4c81-91ea-55498ede739a
"-74,10993951","4,7533628",14465,606A03,Urb. Rodesia I Etapa,4,2,6,CL 145 - KR 136A,97aabf1e-3c40-429c-a885-343187e9de65
"-74,10983592","4,699925294",14466,186A04,Br. Florencia,4,2,6,KR 91A - CL 72A,acb3f87c-dbf8-4940-9978-7231faa75ea8
"-74,1098007","4,533351875",14467,222A12,Br. La Fiscala Sector Rodríguez,4,2,6,CL 65 Sur - TV 3A Este,415cadab-93b9-4e7b-a9f5-2ddab5bc1c50
"-74,10977128","4,54238778",14468,242A12,Br. Palermo Sur,4,2,6,CL 51 Sur - KR 1 Este,ebcf18ae-97d9-4d44-abc7-48666e760d9d
"-74,10968105","4,713425668",14469,296A04,Pq. San Andrés,4,2,6,CL 82 - KR 101,68015065-986f-4e3f-96fa-0d0e3ed11170
"-74,16221974","4,56667694",14470,182A11,Br. Arborizadora Alta,4,2,6,CL 72F Sur - TV 39A,061ccb2f-c5b9-4b05-9b0f-7f8b34ec3325
"-74,10944607","4,712938859",14471,297A04,Hospital Engativá,4,2,6,CL 82 - KR 100A,7cf946af-9512-460a-89d2-901c5f1f636b
"-74,10943693","4,67286365",14472,473A05,Parque Normandía,4,2,6,KR 73A - CL 52A,e4ccd644-dac2-4b82-adf6-11b00b01f660
"-74,161541","4,692999",14473,101A06,IED Antonio Vanuden,4,2,6,AK 128 - CL 17F,b551cc0a-3e70-4bc7-8405-cc7890bbadc1
"-74,10927706","4,672910364",14474,472A05,Parque Normandía,4,2,6,KR 73A - CL 52A,c99441e6-7d8f-4707-b299-220dd0cee61b
"-74,10925679","4,541685071",14475,254A12,Br. Palermo Sur,4,2,6,KR 1B Este - CL 51 Sur,08156cd0-a74b-469e-ad8e-f7c3d3ac10cb
"-74,10923311","4,715915468",14476,246A04,Br. Bochica IV Etapa,4,2,6,KR 102 - CL 83,5f4537ce-a90a-42ad-a131-055e1b5e98fd
"-74,10905658","4,595287263",14477,265A10,Br. La Fragua,4,2,6,CL 17 Sur - KR 32A,423632ac-ad2b-4e3f-844e-a08a8cd9816f
"-74,10903862","4,541743801",14478,253A12,Br. Palermo Sur,4,2,6,KR 1B Este -CL 51 Sur,0e3d2c48-e46a-4866-991a-6a35a07ac77e
"-74,10890645","4,511832459",14479,482A12,Br. Betania,4,2,6,KR 6 - CL 76B Sur,77d5f6df-e6be-42a8-8945-5bd5fada1406
"-74,10875203","4,745448846",14480,075A03,Br. Tibabuyes Universal,4,2,6,CL 139 - TV 127,96cf5093-2df7-4d36-94d2-27711ead4d27
"-74,10868658","4,50404457",14481,198A12,Br. Chuniza I,4,2,6,CL 89 Sur - KR 5B,f8e97a3e-c431-4dc0-932a-3f2d6487b188
"-74,10868498","4,684920998",14482,446A05,Br. Villa Luz,4,2,6,CL 64H - KR 80A,47397dca-cda2-4e9c-890a-ad88f4062b3c
"-74,10863523","4,51008996",14483,481A12,Desarrollo Betania,4,2,6,KR 6 - CL 79 Sur,dd83ba33-8109-492d-9fcc-78c2b3517b28
"-74,10861305","4,712378883",14484,301A04,Hospital Engativá,4,2,6,CL 82 - AK 96,877d7aa9-dfd6-49e4-a040-255b4012dd20
"-74,10855786","4,714538313",14485,191A04,Br. Bochica III,4,2,6,CL 83 - KR 100A,ec5024db-cc14-4e47-826b-cb1f622e72dc
"-74,10851827","4,701748668",14486,279A04,Colegio Distrital Nidia Quintero de Turbay,4,2,6,KR 91A - CL 73A,d697574e-594f-4e32-b2ab-7ba268ec1f99
"-74,10840687","4,503757862",14487,192A12,Br. El Líbano,4,2,6,CL 89 Sur - KR 5,385b1f7e-3229-411f-a668-e9f2b363cb9b
"-74,1574995","4,6496397",14488,150A07,Conjunto Residencial Santafé del Tintal,4,2,6,CL 6 D - AK 89,11280a22-7d48-4b53-8f24-352898387b5c
"-74,10831428","4,547077299",14489,435B12,Br. Diana Turbay Arrayanes,4,2,6,KR 3 - CL 48X Sur,82133253-af2d-40af-a24c-9ead2876c001
"-74,10799763","4,744210385",14490,315A03,Br. La Gaitana,4,2,6,KR 126A - CL 137A,3edea4d6-20a1-40d9-84b8-3c8366478229
"-74,10795489","4,565597733",14491,402A12,Hsp. Rafael Uribe Uribe - Lomas,4,2,6,DG 38F Sur - TV 11B Bis,f05b136a-68dd-497b-8291-11aed88e406b
"-74,15725808","4,655613975",14492,218A07,El Porvenir,4,2,6,KR 94 - CL 8- A BIS,b6cd2f58-2c9a-4aae-8f25-fc3b5dcfb5e2
"-74,15693116","4,656051551",14493,217A07,EL PORVENIR,4,2,6,KR 94 - CL 8A BIS,2714bf6d-3bf1-4be3-8561-d7b826307a80
"-74,1078283","4,565942345",14494,403A12,Hsp. Rafael Uribe Uribe - Lomas,4,2,6,DG 38F Sur - TV 11B Bis,434c7ef8-92d6-4b27-9b8e-c9a1416a04a7
"-74,108368","4,750939",14495,414A03,Parques del Campo,4,2,6,CL 144 - KR 127D,b395e792-f4f2-4c1a-949f-bbe57420b2cd
"-74,10762986","4,631651755",14496,261A06,Urb. Puente Aranda,4,2,6,AC 17 - KR 54,b27ef030-d0e1-4f64-93ce-efec3554efd9
"-74,152858","4,640885",14497,289A07,JARDINES DE CASTILLA,4,2,6,KR 82A - 6B,df377e90-6838-4f22-afaa-15466db2e42f
"-74,10743243","4,691791058",14498,252A05,Br. Clarita,4,2,6,CL 69A - KR 84A,cb4b67c7-c0f1-41e5-b1e1-d6038fcaac00
"-74,10736733","4,701407496",14499,278A04,IED NIDIA QUINTERO DE TURBAY,4,2,6,CL 75 - KR 90 BIS,255ccfee-5135-4508-a534-422bfee7a9cd
"-74,10715987","4,504064532",14500,199A12,Br. El Líbano,4,2,6,DG 88 Sur - TV 4B,438a5c0a-6afb-49e7-8452-acc790d9887f
"-74,10713364","4,592617539",14501,264A10,Br. La Fragua,4,2,6,CL 17 Sur - KR 28,0b537550-b399-43fe-9d72-52fd8af2b1c4
"-74,10711641","4,710881873",14502,302A04,Br. Bochica,4,2,6,CL 82 - TV 94L,656ec9ad-59fa-49c4-b4ef-14cc0cc19ab2
"-74,10710733","4,57389911",14503,356A12,Bosque San Carlos,4,2,6,CL 31A Sur - KR 13A,1d6a7ee3-c805-4f79-a994-84a43a843345
"-74,10709473","4,710720222",14504,300A04,Ciudad Bachué II Etapa,4,2,6,CL 82 - KR 95D,aff8b658-d500-4f8b-8f8a-3bd2af35e526
"-74,10697544","4,504266578",14505,200A12,Br. El Líbano,4,2,6,DG 88 Sur - TV 4A,76df5bca-0435-43ca-a470-df091a42da22
"-74,10681763","4,651898436",14506,283A06,Br. Salitre Occidental Cl 24B,4,2,6,KR 68A - CL 24B,348b4dee-a45c-4235-b12e-9ca02eff586b
"-74,10670073","4,509142453",14507,204A12,Br. La Cabaña,4,2,6,CL 81 Sur - KR 4A E,2f3046f5-3de0-43f7-8df6-1dfc52a6767c
"-74,152043","4,682927684",14508,209A06,Br. Batavia,4,2,6,CL 18 - KR 113A,b959e57b-bc1e-436a-9547-3ea6e9f56b68
"-74,10659056","4,756925557",14509,612A03,Urb. Hato Chico,4,2,6,KR 136A - DG 151,b812e63c-fc3d-48a2-89cd-b4c1e93e1821
"-74,10648206","4,581864049",14510,402A11,Br. Olaya,4,2,6,KR 19 - CL 25 Sur,3606d3c0-c6c8-4907-8021-c66385925b38
"-74,10646484","4,682044116",14511,364A05,Br. Villa Luz,4,2,6,CL 64F - KR 77 Bis,36aa9939-c8b3-4841-b622-ca6235726f0f
"-74,10641292","4,509112194",14512,203A12,Br. Gran Yomasa I,4,2,6,CL 81 Sur - KR 4 B Este,4ed4ad13-c0b2-4d92-b283-edd19a00c569
"-74,10621554","4,755328768",14513,611A03,Br. Compartir Suba,4,2,6,KR 128 - DG 146,c12247e9-28ad-4f0f-b620-2d8aae1f13ca
"-74,10617229","4,652272518",14514,284A06,Br. Ismael Perdomo,4,2,6,DG 24C - TV 68,3eb4a951-ab84-4cb9-ad09-1558a20cdad0
"-74,152438","4,638631",14515,140A07,NUEVO SOL,4,2,6,CL 6B - AK 80G,122529d8-1226-4da6-a426-d3bf173b463e
"-74,10602604","4,630288554",14516,282A06,Br. Puente Aranda,4,2,6,AC 17 - KR 52,de06d726-3de9-46da-98f7-58787d528151
"-74,10601243","4,505235798",14517,202A12,Br. El Líbano,4,2,6,CL 87B Sur - TV 2C,0de79da6-9ee3-42de-88a4-df82384c3ac9
"-74,10591455","4,712049434",14518,195A04,Br. Ciudad Bachue II Etapa,4,2,6,CL 83 - KR 95D,4bcc3d54-1e01-4abc-b7be-3f0284058deb
"-74,152374","4,638764",14519,165A07,NUEVO SOL,4,2,6,CL 6B - KR 80G,dcd7121f-5727-4f7d-9fdb-9c980ee981c2
"-74,15039276","4,681142201",14520,306A06,VILLA CARMENZA,4,2,6,CL 18 - KR 111,9401980e-83e4-4a96-a14a-ef08c0bcf6f5
"-74,15030959","4,692020819",14521,231A06,Br. LA PRIMAVERA II,4,2,6,KR 120 - CL 22K,cedb7f0c-c75a-4200-8c6d-34d80de85ed3
"-74,150715","4,63708",14522,161A07,VILLA GALANTE,4,2,6,CL 6B - KR 79C,8be85d36-4d2a-4d23-adf9-16b4ed3a9ba4
"-74,10521462","4,57306139",14523,423A12,Parque Metropolitano Bosque de San Carlos,4,2,6,KR 13 - CL 31 A Sur,f446fb84-2aa2-4ff2-9dfe-6a0a43080892
"-74,15066","4,637181",14524,162A07,VILLA GALANTE,4,2,6,CL 6B - KR 79 C,0ddf3f0b-a59b-4ef7-a095-a73df5e86a3a
"-74,10516274","4,548200453",14525,014B12,Instituto los Ángeles,4,2,6,AC 48Q Sur - KR 1G,cf3e75de-17ac-4405-811f-74ceaa3ec880
"-74,10514512","4,50524416",14526,201A12,Br. Chicó Sur,4,2,6,CL 87B Sur - KR 2B,f7810468-51c6-4f86-8891-1151b040093e
"-74,148853","4,635138",14527,159A07,PIO XII,4,2,6,CL 6BBIS - KR 79B,f4b62772-dea7-425b-9c89-c9ad947d7f27
"-74,148805","4,635189",14528,160A07,PIO XII,4,2,6,CL 6B BIS - KR 79B,343adb32-769b-4419-98eb-a07732b341b5
"-74,14882206","4,679221888",14529,304A06,BELEN,4,2,6,CL 18 - KR 108,ac6c3fc8-19ab-495b-892a-b916e5974cfb
"-74,10487708","4,618550253",14530,273A07,Br. Los Ejidos,4,2,6,CL 9 - KR 41B,a5850e8a-5e4e-4098-9e9e-9d96c75de1aa
"-74,10454549","4,699735202",14531,277A04,PARQUE FLORENCIA,4,2,6,CL 75 - KR 89,44906947-c6fe-42d9-9e2c-8f6061737efa
"-74,10439192","4,70772651",14532,193A04,Br. Primavera Norte,4,2,6,CL 82 - KR 92,38b2faed-b88c-4324-9b81-c45fd497f38b
"-74,104269","4,676513",14533,272A05,Br. El Encanto,4,2,6,KR 73 - CL 63,9435d1da-9691-4654-9294-18300453a8af
"-74,104213","4,676462",14534,273A05,Br. El Encanto,4,2,6,KR 73 - CL 63,3d8ed565-447c-40c1-9cb4-0cbbfcfb2e03
"-74,1040901","4,510031611",14535,206A12,Br. El Curubo,4,2,6,DG 81 Sur Sur - KR 5B Este,6d29ea9f-42ba-4641-bc74-7298fc31dcd9
"-74,10404879","4,699714265",14536,276A04,Br. Florencia,4,2,6,CL 75 - AV. C. de Cali,7f5f728a-dc45-4795-a9ab-f3ebfb522997
"-74,147558","4,634769",14537,163A07,CATANIA,4,2,6,CL 6C - KR 78G,42aaeeaf-a0cc-4995-958c-92487b7e9998
"-74,10390932","4,566838419",14538,304A12,Br. Los Pijaos,4,2,6,CL 35 Sur - KR 10B,f444ac65-bdd9-42bf-a8d0-ae4b07916635
"-74,14747238","4,616809944",14539,530A09,Br. Timiza,4,2,6,KR 73 - CL 38S,28f1cf84-bf26-47c0-b23a-fc9ddbdcada0
"-74,10384546","4,707346642",14540,194A04,Br. Quirigua,4,2,6,CL 82 - KR 90A,e869ffe5-9608-4591-8a34-0deac4734e9f
"-74,14376869","4,622710503",14541,548A08,Kennedy Américas Occidental,4,2,6,KR 73B Bis - CL 3,30720862-a108-49ea-925d-56e438b134f5
"-74,1427085","4,626111739",14542,547A08,Kennedy Super Manzana 1,4,2,6,KR 73B Bis - CL 2A Sur,a39e281c-eac1-4a4f-b6b0-a869083a229d
"-74,10371275","4,510045096",14543,207A12,Br. El Curubo,4,2,6,CL 80 A Sur - KR 5F Este,4c857097-a8c4-47fb-b1f2-83bddb21f2f6
"-74,14119921","4,594432804",14544,269A10,Br. Venecia,4,2,6,AK 54 - DG 45 Sur,75343e21-02e1-460e-9ec7-c63705bbe77b
"-74,10356126","4,566561057",14545,305A12,Br. Los Pijaos,4,2,6,CL 35 Sur - AK 10,9b76fdd2-ffb4-4dcb-ba88-013fa4016399
"-74,10347958","4,698855091",14546,257A04,Br. La Soledad Norte,4,2,6,CL 75 - KR 85-27,0721a769-acdb-46c7-a80d-85576e6af8b3
"-74,14113736","4,668707268",14547,366A06,VILLEMAR,4,2,6,KR 96C - CL 17A-58/54,9a3d702f-a380-47e7-a31a-14c6aafe0d22
"-74,1032778","4,673470607",14548,427A05,La Reliquia,4,2,6,CL 63Bis - KR 71A,4b59da09-1178-40a6-819d-ae52629b6c31
"-74,13886533","4,652551283",14549,190A07,Br. La Pampa,4,2,6,CL 13A - KR 81A,c1a2615f-6b2f-4093-bbba-c7afcf39a712
"-74,13878141","4,670371811",14550,367A06,SENA FONTIBON,4,2,6,KR 96C - CL 20A-10/12,011bd2e0-4a8b-45ce-9eb7-dbf53319778b
"-74,13861771","4,652141683",14551,189A07,Br. La Pampa,4,2,6,KR 81A - CL 13,6f2f8bb7-575b-46f9-a506-347efd4b7a2c
"-74,10308681","4,599616193",14552,414A00,Parque La Perla,4,2,6,KR 29B - CL 1D,82df0a4b-5396-423c-b448-2cd08beb059f
"-74,10293765","4,712518711",14553,304A04,Br. Bachué I y II,4,2,6,KR 95 - CL 86A,b56ea110-f2d4-4c9c-939d-be6155a80530
"-74,13778547","4,582158943",14554,140A10,Br. El Carmen,4,2,6,CL 52A Sur - KR 31,15262447-a4f9-4f7d-bab2-045ced38deb6
"-74,10281596","4,705983107",14555,189A04,Br. Quirigua oriental,4,2,6,KR 90 - CL 81A,dbe8b039-327e-48db-99da-3756e7f23b34
"-74,10274865","4,673895708",14556,423A05,La Reliquia,4,2,6,CL 63A - KR 71A,8d36ea0d-5f30-4f21-b20e-b211a4a4ff6f
"-74,10235407","4,599359284",14557,677A00,Br. Santa Isabel Sur,4,2,6,KR 29 - CL 1D Bis,401679a6-85c3-4350-880c-70adb341e96c
"-74,13728","4,671459",14558,368A06,Colegio Teresita de Lisieux,4,2,6,TV 96B - KR 20D-30 Al lado,f3d67934-1dcd-4bff-a5d9-b14f5577b71a
"-74,10212677","4,504858334",14559,384A12,Br. El Bosque,4,2,6,DG 81 A Bis Sur - TV 6 E,24f76101-3f0f-4578-908d-db81abff2e66
"-74,10212374","4,697757995",14560,258A04,Br. La Soledad Norte,4,2,6,CL 75 - KR 83,87500c6d-7bec-4348-846d-2b8c20c00bfa
"-74,10203343","4,706855851",14561,190A04,Br. Quirigua oriental,4,2,6,KR 90 - CL 82 BIS,bc27a060-9b5b-4bd6-98de-67a0a36a2aa9
"-74,10194299","4,50530185",14562,378A12,Br. El Bosque,4,2,6,DG 81 A Bis Sur - TV 6 E,ac23e39c-f335-4e03-82ec-25d27c5a473d
"-74,10192363","4,509428681",14563,208A12,Br. Compostela I,4,2,6,CL 80A Sur - KR 6 Este,c6b766c9-c68a-463a-9bd3-da5effc7098b
"-74,10180337","4,672191553",14564,428A05,La Reliquia,4,2,6,CL 63Bis - KR 70C,a715eb17-73f8-4bef-be93-3f8ec3db895b
"-74,10164967","4,70634373",14565,249A04,Br. Quirigua oriental,4,2,6,KR 89A - DG 83C,d9959915-155b-421c-80d9-d8835e258b4a
"-74,1016158","4,509428924",14566,209A12,Br. Compostela I,4,2,6,CL 80A Sur - KR 6A Este,1e2fad31-62de-4369-93f6-554602077d5b
"-74,10157287","4,503918765",14567,385A12,Desarrollo San Felipe,4,2,6,TV 6 E - CL 83 A Sur,efc0c81e-a856-4529-817c-e01711fc3582
"-74,10135692","4,503538286",14568,377A12,Br. San Felipe de Usme,4,2,6,TV 6 E - CL 83B Sur,e571e5db-d29d-4a9b-9e94-dd86c0568bbe
"-74,13696689","4,579996555",14569,136A10,Br. El Carmen,4,2,6,CL 52 A Sur - KR 28,efe9a085-2d81-4484-98a2-9e8d4b3575c6
"-74,13385297","4,598947152",14570,446A09,Br. La Alqueria,4,2,6,KR 52C - CL 40B Sur,05586531-38d6-4a55-b2e2-1c3381ebea98
"-74,10126734","4,600614155",14571,419A00,Parque Zonal Santa Isabel,4,2,6,KR 29 - CL 1G,dc4ee432-5d5b-4407-b947-c4c193046fab
"-74,10106514","4,567237913",14572,193A13,Br. San Isidro,4,2,6,KR 9 - CL 32 Sur,3fdc2062-e488-4144-b4f4-f4cb1e51f4c8
"-74,13148662","4,602612337",14573,451A09,Br. Ospina Perez,4,2,6,KR 52C - CL 37A,a062b28d-90eb-4a92-9844-b2dff2f84bc5
"-74,10099597","4,714515588",14574,294A04,Br. Bachué I y II,4,2,6,KR 95 - CL 88,0dc1598d-781c-4609-b89f-31ae0ef3bbce
"-74,10082771","4,707778909",14575,250A04,Br. Quirigua oriental,4,2,6,KR 89A - DG 83C,7fab8817-b811-4dbe-9752-7faab23bf2f1
"-74,13124663","4,602812803",14576,452A09,Br. Ospina Perez,4,2,6,KR 52C Sur - CL 37A Sur,beca4a85-d5f4-45b6-bd16-88c516c6be7d
"-74,10059081","4,564627715",14577,192A13,Desarrollo San Isidro II Sector,4,2,6,CL 34 Sur - KR 7,c7b6aa0c-f9ab-4bb2-ad8a-c633d5702a5b
"-74,1003899","4,505732167",14578,214A12,Br. El Bosque,4,2,6,KR 7 A E - CL 82 Bis Surir,d5bd17a9-69fd-43ab-b271-c45c18581248
"-74,10035612","4,600685866",14579,420A00,Br. Santa Isabel,4,2,6,CL 2 - KR 28,294924f7-bd2a-4078-b892-9128b1b85b8d
"-74,10033784","4,505366962",14580,386A12,Br. El Bosque,4,2,6,KR 7 A E - CL 82 Bis A Sur,68bb1962-0617-485a-a277-f7b38bb81a98
"-74,1001327","4,715130014",14581,021B04,Br. Ciudad Bachué I Etapa,4,2,6,AC 90 - TV 94L,ebeafb92-858a-4aa6-b9a6-de16d11a3730
"-74,10003926","4,502234431",14582,383A12,Br. Casaloma,4,2,6,TV 8 E - CL 84 B Sur,926d1d95-4fa7-4788-a90e-18217870ab16
"-74,09998938","4,50867556",14583,215A12,Br. Compostela I,4,2,6,KR 7C E - CL 80A Sur,81157654-5f13-46c9-ab33-a38a41dd1121
"-74,09989425","4,507731796",14584,216A12,Br. Yomasita,4,2,6,KR 7C E - CL 81 Bis Sur,6c1eaffb-8165-4ac2-8f3c-0a5650eda032
"-74,09972845","4,50181221",14585,379A12,Br. Casaloma,4,2,6,TV 8E - CL 84 D Sur,9632340a-3959-4a2e-a352-30ecf72bd6ec
"-74,09955897","4,564336631",14586,046A13,Br. Las Lomas,4,2,6,KR 5 A - CL 33 Sur,3889e2fa-caca-47eb-ae9f-691c0e420435
"-74,09944232","4,730580086",14587,511A03,Pq. Lagos de Suba,4,2,6,KR 102A - CL 129C,6f854cc3-8a49-4822-973d-1102398ff915
"-74,09943046","4,730397507",14588,375A03,Pq. Lagos de Suba,4,2,6,KR 102A - CL 129C,5917b579-3c20-4e7f-a57a-5c7db74b4fca
"-74,09907066","4,695311394",14589,259A04,Br. Tabora,4,2,6,CL 75 - KR 78-93 (ANTIGUA),cca8e0c9-5d5e-4d53-bf9f-d0fed9a3e4c6
"-74,13004816","4,642834306",14590,269A07,MIRADOR CASTILLA III,4,2,6,KR 71D - CL 12,60ec790e-9aad-4d99-ab33-ee987c78af07
"-74,09874196","4,569234732",14591,209A13,Br. 20 de Julio,4,2,6,KR 9 - CL 30D Sur,b48f2a32-1437-41c4-9cae-66ec563514d0
"-74,09859943","4,693443258",14592,260A04,IED TABORA SEDE A,4,2,6,KR 77B - CL 74-25,651c3aee-e8fd-4555-b104-e91a29945af5
"-74,09850929","4,732914736",14593,376A03,Br. Lago de Suba,4,2,6,KR 102A - CL 130D-42,3a8290a0-00c6-4436-926e-7a54116ea726
"-74,09850393","4,544095124",14594,492A13,Br. Canadá San Luis,4,2,6,CL 48 Sur - KR 3 E,904fdb6f-4c64-4fa9-a4b8-87f662411d66
"-74,09849626","4,697017329",14595,254A04,Br. La Granja,4,2,6,CL 76 - KR 78A,bd77e303-7255-41b6-8547-fb647ea3fa22
"-74,09836064","4,733022516",14596,377A03,Br. Lago de Suba,4,2,6,KR 102A - CL 130D,8ccd632c-fe35-46d0-b79b-11cfd6c767e4
"-74,09830589","4,543971825",14597,493A13,Br. Canadá San Luis,4,2,6,CL 48 Sur - KR 3 E,d551917c-6d0b-4bc8-a2fd-b320d0d44c5a
"-74,09818748","4,598977189",14598,423A00,Br. Santa Isabel,4,2,6,CL 2 - KR 26,c40dc619-896b-4912-8db4-e382a1ca0342
"-74,09801441","4,757830419",14599,566A03,Br. Los Almendros del Norte,4,2,6,KR 114 - CL 152D,b45cb34f-6811-45b6-9ad6-49df20c6c87c
"-74,09784502","4,691610327",14600,181B04,Parque Estadio Tabora,4,2,6,KR 76 - CL 73,367ab138-382a-4bf8-abe3-54fe03ea13fd
"-74,09779744","4,671132595",14601,397A05,Br. Bosque Popular,4,2,6,CL 63 C - KR 69F,a4f6e2ff-ac0c-4847-853a-a825b4273c7f
"-74,1297158","4,6456952",14602,304A07,BAZAAR ALSACIA,4,2,6,CL 12B - AV. Boyacá,335bc45f-c6e7-4591-988b-4cb8fbddceae
"-74,09776065","4,699494239",14603,255A04,Estación Granja - Cra. 77,4,2,6,KR 81 - CL 78-08,bcd1ce1c-ed21-49f5-95b1-4a47b54635f2
"-74,12780212","4,640666639",14604,231A07,ALSACIA REAL,4,2,6,CL 12A - KR 71B,c788c2eb-edcd-4e3d-ac27-1a0c3395935d
"-74,09761881","4,598742177",14605,425A00,Br. Santa Isabel,4,2,6,CL 2 - KR 25A,3c449ff1-ea49-4557-abb2-96d136644689
"-74,12717675","4,644810339",14606,303A07,ALSACIA RESERVADOII,4,2,6,KR 71D - CL 12C,dcfeed1e-923a-4670-ad68-52c21153ee23
"-74,09745139","4,692128301",14607,181A04,Parque Estadio Tabora,4,2,6,KR 76 - CL 73 A,81be044f-28be-4b33-a0df-32a2bc3d6c38
"-74,09737646","4,588826415",14608,409A11,Colegio Adventista Emmanuel,4,2,6,DG 11 Sur - KR 18A,b0cc262f-3e6b-4d8f-affa-3b18c790883a
"-74,09733621","4,61581565",14609,250A07,Br. Pensilvania,4,2,6,CL 12 - KR 34 Bis,b9b33969-018f-4996-84c5-23e69ea85ab5
"-74,09727786","4,723363652",14610,594A03,Humedal Juan Amarillo,4,2,6,KR 95A - CL 127C,7147d3cd-003c-49d0-b4aa-72d2d48da9ac
"-74,09720081","4,589651897",14611,410A11,Br. San Antonio,4,2,6,KR 19 - CL 9 Sur,ca4c294b-f5de-405e-808b-f3cb20c2d057
"-74,09708233","4,692844668",14612,180A04,Parque Tabora,4,2,6,KR 74 - CL 74,21cfc8e7-1c01-450f-81bf-982749b15c93
"-74,09694983","4,669321367",14613,281A05,Br. Bosque Popular,4,2,6,KR 69 - CL 63A,16a34b9c-47ee-44eb-92f8-5de65e955450
"-74,12567848","4,641442183",14614,302A07,SANTARITA DE ALSCACIA,4,2,6,CL 12C - KR 71B,0bbbecdb-87de-4983-b8d2-67025a41d177
"-74,12172322","4,620546287",14615,507A08,Colegio Nuestra Sra del Rosario,4,2,6,KR 60 - CL 2C,5f9b47e9-0911-4f59-b161-909d76a44108
"-74,09663569","4,553998928",14616,187A13,Urb. Guacamayas,4,2,6,CL 37B Sur - TV 1,8f2e8849-09f3-486e-8d5f-703aa5f80412
"-74,09659136","4,695475495",14617,253A04,Br. La Granja,4,2,6,CL 76 - KR 77,51d05ac1-3aae-435b-8ff5-70ed784b851b
"-74,09652574","4,553658992",14618,186A13,Urb. Guacamayas,4,2,6,CL 37B Sur - TV 1,caf5ea74-721e-4285-bb86-4e9fa95572db
"-74,09652116","4,542170923",14619,495A13,IED Nueva Roma,4,2,6,TV 4 E - CL 47B Sur,b0ce2318-fcbd-4a7d-b0e3-cb8cc4e22a15
"-74,09635299","4,542229802",14620,494A13,IED Nueva Roma,4,2,6,TV 4 E - CL 47A Sur,d61c9e98-eded-4e87-89d7-190dd972ab30
"-74,12133136","4,641234419",14621,200A06,Br. Granjas de Techo,4,2,6,KR 68D - AC 13,598b0955-0716-41de-8e07-d5b4f2a0d540
"-74,09611547","4,694036417",14622,178A04,Humedal Santamaría del Lago,4,2,6,KR 76 - CL 75A-21,3c34e706-66bd-4b36-b7b0-15f0a5f18904
"-74,09586856","4,544454101",14623,488A13,Villa del Cerro,4,2,6,CL 46A Sur - KR 3C E,8d7acd7f-1959-4772-8354-b66838bab492
"-74,09581614","4,544252596",14624,489A13,Villa del Cerro,4,2,6,CL 46A Sur - KR 3C E,972c6a73-4c00-4ccc-a317-94a8f8d4bc77
"-74,09575517","4,671188307",14625,283A05,PARQUE EL TREBOL N-S,4,2,6,KR 69 - CL 64C,504f4401-741c-4bf0-a8a1-0db6ba449da0
"-74,11811112","4,667563663",14626,347A06,Br. Modelia,4,2,6,KR 75 - CL 24D,ca8b8b2e-2eaa-4591-9092-7f62606994e9
"-74,0954699","4,671414696",14627,282A05,PARQUE EL TREBOL S-N,4,2,6,KR 69 - CL 64A,e8984dbb-54e1-4bdf-8b6c-7aa418fe9a31
"-74,09540122","4,70367856",14628,285A04,Br. Los Cerezos,4,2,6,KR 81A - DG 82G,518f8c11-6c50-49b8-bc47-628ce40a2c78
"-74,09539235","4,614107984",14629,248A07,Br. Pensilvania,4,2,6,CL 12 - KR 32,dabd90f7-2add-40aa-bb2a-ac1c24807635
"-74,09530803","4,543293476",14630,464A13,Br. Nueva Roma Oriental Dardanelos,4,2,6,KR 4 Este - CL 47 Sur,3bc13a1f-d221-4caa-8d6c-5b6465a8560f
"-74,09488422","4,592821821",14631,411A11,Br. San Antonio,4,2,6,KR 19 - CL 2 Sur,83db1bc2-7607-4ac0-bbe2-321eff88b141
"-74,0944176","4,543668937",14632,429A13,Br. San Jacinto,4,2,6,DG 50 Sur - KR 4 E,0cb7bbcd-d4cd-42d0-902e-8895f5a4e86a
"-74,09411067","4,543464743",14633,426A13,Br. Santa Rita Suroriental,4,2,6,DG 50 Sur - KR 5A E,fb9e771b-4777-4963-a03e-f3b5264534c8
"-74,1161424","4,669344798",14634,280A06,Br. Modelia,4,2,6,KR 75 - CL 25F,1d6d847e-1f3a-4695-bc13-3e6483f67db0
"-74,11466287","4,695092883",14635,320A05,COTRANSPENSILVANIA,4,2,6,CL 68A - 93-38,104650ca-8a39-4f9a-9cfd-9e1a94dce219
"-74,11345269","4,695366249",14636,327A05,FLORIDA BLANCA,4,2,6,CL 69A - Kr92,b4779c6f-4281-4e99-b9ea-3e4ad17b1100
"-74,09388265","4,719641388",14637,331A03,Br. El Rincón de Suba,4,2,6,CL 127B - KR 92B,1dd7cce0-e6bf-4d40-923d-f8a66f6e8a42
"-74,09372717","4,596775602",14638,429A00,Br. El Vergel,4,2,6,CL 2 - KR 20A,1c851a43-6ed2-4c19-9f75-067880cbe8c7
"-74,09347712","4,674412016",14639,295A05,LA ESTRADITA N-S,4,2,6,KR 69 - AC 66,b9cd1d35-a882-465a-87fa-e88dce2a1a4f
"-74,11340862","4,695231848",14640,324A05,FLORIDA BLANCA,4,2,6,CL 69A - KR 92,742b5204-c58c-44c2-a229-00d4cd74cf67
"-74,09319495","4,543663972",14641,486A13,Br. San Jacinto,4,2,6,CL 46B Sur - KR 5BisA E,0041aee1-3840-495f-aa04-3b2ea99313e7
"-74,09318944","4,674644184",14642,294A05,Br. La Estradita,4,2,6,KR 69 - CL 65,3b9b4b4e-3961-4f99-baca-fb805207664c
"-74,09315137","4,708915057",14643,028B04,Br. La Serena,4,2,6,CL 90 - KR 84,1eb8e715-27e9-4cca-9711-fe8fd8123dfb
"-74,09302306","4,567118969",14644,459A13,Montebello,4,2,6,CL 27A Sur - KR 2B,8ce5d370-af78-4ca3-87bd-d109e7e4de45
"-74,09280929","4,566953435",14645,449A13,Córdoba,4,2,6,CL 27A Sur - KR 2 Bis,443cba42-08ed-4b50-809b-70154619e09e
"-74,110963","4,49791",14646,339A12,Br. Serranias,4,2,6,DG 93 B Sur - TV 3 C Este,b88e5b3f-3f4f-48f2-9841-f170d6d43501
"-74,09271298","4,543308723",14647,487A13,Br. San Jacinto,4,2,6,CL 46B Sur - KR 6A E,45c15bc3-1e00-453f-b9fc-68f1a03b906c
"-74,09262978","4,703699221",14648,286A04,Br. La Serena,4,2,6,DG 83 - KR 76,11ec39e0-b13b-4646-a7f0-d0bcad122f37
"-74,11107607","4,499705919",14649,338A12,Br. Los Comuneros,4,2,6,DG 93 B Sur - KR 3 F Este,4b0a41ad-5bbc-429b-8b2e-0dcafc178c0b
"-74,11083364","4,497955177",14650,337A12,Br. Serranias,4,2,6,CL 96 Bis Sur - KR 4 B Este,8f164073-c8b5-41f7-914c-6df600c8c499
"-74,11070321","4,69439857",14651,326A05,SANTACATALINA DE SIENA,4,2,6,KR 90 - CL 69A,36f2c36a-dc7c-4947-8a32-44ab69ede488
"-74,09182632","4,596123916",14652,434A00,Br. Eduardo Santos,4,2,6,CL 2 - KR 19,c134a62a-45f9-4778-a726-48cb2dbeb3d4
"-74,09178335","4,676773521",14653,358A05,IED República de Colombia,4,2,6,KR 69 - CL 69Bis,05d273b6-9b47-42da-8b18-cec205e75703
"-74,10950454","4,692977993",14654,338A05,LA FLORIDA,4,2,6,CL 69A - KR 87A,14ca1f49-1bcf-4399-9313-57729e014ea3
"-74,09135095","4,54394013",14655,175A13,Br. La Gloria,4,2,6,KR 7A E - DG 45A Sur,15689a33-2fa1-40c5-be0f-76e840044970
"-74,09131287","4,543795625",14656,176A13,Br. La Gloria,4,2,6,KR 7A E - DG 45A Sur,0dd80055-0653-4a40-959b-48be98492774
"-74,09101896","4,725653027",14657,367A03,Br. Los Cerezos San Joaquín,4,2,6,DG 129B Bis - KR 93,fa938991-69c2-436b-89cf-8cc390ceafd7
"-74,09092703","4,677816239",14658,357A05,IED República de Colombia,4,2,6,KR 69 - CL 68A,6fc5db83-fb76-42aa-abe6-8768dc24dd8b
"-74,0909032","4,566075351",14659,450A13,Córdoba,4,2,6,CL 27A Sur - KR 1 Bis,585e9ea8-1102-4d64-ba0a-05e53459b164
"-74,09089549","4,566154658",14660,458A13,Montebello,4,2,6,CL 27A Sur - KR 1 Bis,b7ea17ee-444a-47f8-879c-59bc0238b7ec
"-74,091551","4,524056",14661,139A13,Br. Juan Rey,4,2,6,CL 70 Sur - KR 11D E,de5576f4-a132-4adc-9e99-441e543bde6d
"-74,10789348","4,690480084",14662,365A05,Nuestra Señora del Amparo,4,2,6,KR 84 A - CL 68 A,7cf54222-2336-4c78-87e4-b4682227aa99
"-74,09041715","4,725936474",14663,597A03,Br. Rincón-Escuela,4,2,6,KR 93 - CL 129BBis,8c9bcd1a-54a1-4e48-9e8e-7893d53941b9
"-74,09039379","4,728298407",14664,111B03,Br. El Rincón Norte,4,2,6,CL 130C - KR 93A,cd4a6663-8ace-457f-becb-da962be1b962
"-74,09011321","4,732312575",14665,024A03,Br. Villa Elisa,4,2,6,AC 132 - KR 94C,392cc87b-989e-4a90-af95-76449f280ae9
"-74,09009248","4,727357448",14666,596A03,Br. Costa Rica,4,2,6,KR 93 - CL 130A,08fdcffa-c8f9-4242-b53f-d18026215408
"-74,09001974","4,723863146",14667,360A03,Br. El Rincón,4,2,6,CL 129 - KR 91A,86cd3240-106a-4ab5-98ca-d17097233ba7
"-74,08991458","4,718260173",14668,357A03,Br. Altos de la Esperanza I Sector,4,2,6,KR 89 - CL 127C,57b9938f-b0eb-474a-bf28-1fda327f9061
"-74,0898702","4,718153648",14669,358A03,Br. Altos de la Esperanza I Sector,4,2,6,KR 89 - CL 127C,8c2150e7-3daa-4272-9c85-b750e50a7df0
"-74,10611316","4,679638046",14670,376A05,Colegio Federico Bessel,4,2,6,KR 75 - CL 64C 23,dc35f1be-9f67-4b1c-abbe-62ea5b6c1802
"-74,10554018","4,569689329",14671,315A12,Colegio Carmen Teresiano,4,2,6,CL 34 BIS Sur - KR 12,d33f5b33-a0c5-414b-b4df-9d6b3054c030
"-74,08952836","4,562682215",14672,452A13,Bello Horizonte,4,2,6,DG 28 Sur - KR 2A Este,f8bcb11b-f611-4dd1-983c-290bc9ff1ff6
"-74,08923547","4,680398402",14673,298A05,IED República de Colombia,4,2,6,KR 69 - CL 71,e26d5259-357f-4c9e-a6c8-0faf4dbeebcb
"-74,08920875","4,674952764",14674,447A05,Br. Bellavista,4,2,6,CL 67B - KR 68B,f4eb8075-ab38-420d-8cdb-bd071ad0c71f
"-74,08889345","4,680018158",14675,297A05,AC 72,4,2,6,KR 68H - CL 71,f65586ad-3e7f-45f4-9b23-882e2ea491e1
"-74,08863631","4,723437625",14676,364A03,Colegio San José de Calasanz,4,2,6,CL 129 - KR 89,263e7dfd-2cb7-4a46-b703-1cb60ebeb394
"-74,08848757","4,723303036",14677,363A03,Colegio San José de Calasanz,4,2,6,CL 129 - KR 89,92454197-5541-4455-94c9-0db60490831d
"-74,08831605","4,719184028",14678,516A03,Br. Ciudad Hunza,4,2,6,CL 128 - KR 87D,0d55056b-5f09-4342-8677-737ffcfb4e22
"-74,08847978","4,645502646",14679,393A05,Rafael Nuñez,4,2,6,CL 44F - KR 51,af08d009-839d-4a8a-b006-f860fcd57365
"-74,08811713","4,613271951",14680,713A00,Br. Paloquemao,4,2,6,AK 27 - CL 15,cea3c0eb-164c-4212-b06d-6fe2a6dfeb0e
"-74,10552789","4,680445719",14681,431A05,Br. El Encanto,4,2,6,KR 75 - CL 64C,f6dead96-8580-470e-bd45-48c37d9d2339
"-74,08788457","4,556532771",14682,456A13,Horacio Orjuela,4,2,6,DG 32B Sur - TV 6 Este,caaea5f5-fdab-403b-971a-832fec1e3010
"-74,10531486","4,690353144",14683,334A05,PARQUE LA CLARITA,4,2,6,CL 69A - KR 81,01c5e539-c392-4328-b681-e5f5089f8142
"-74,0875951","4,600170316",14684,444A00,Br. La Estanzuela,4,2,6,AK 18 - CL 6A,8a06bfd3-0de5-49fa-b001-8f53273b56de
"-74,10504444","4,56728885",14685,302A12,Urb. Las Lomas I y II Sector,4,2,6,CL 36 Sur - KR 11,758aebeb-e470-444b-b738-39c31c792f74
"-74,10492617","4,567367745",14686,303A12,Br. San Luis,4,2,6,CL 36 Sur - KR 11,1306cb77-e68c-422b-82ec-842dffe8b73f
"-74,08652771","4,601777853",14687,760A00,Br. Voto Nacional,4,2,6,AK 18 - CL 8A,c70f769c-d3d0-4690-a4e7-510bcbaa13d2
"-74,10388581","4,691630128",14688,396A05,Br. Sta Helenita,4,2,6,CL 71 - KR 81,ceb91128-0061-49a5-b904-e474b999a991
"-74,08631898","4,722380837",14689,519A03,Br. Ciudad Hunza,4,2,6,KR 87B - CL 128D Bis,2f9b1a53-8fe9-4fdf-b4d7-5b8a538b44dc
"-74,08626456","4,722581428",14690,520A03,Urbanización Balcón de Suba,4,2,6,KR 87B - CL 128D,ca2569f9-7a91-413e-8ed3-46981c0cfddf
"-74,08611128","4,543045597",14691,174A13,Br. Altamira,4,2,6,KR 12 E - CL 43A Sur,ba3a92eb-5238-4e5c-ab08-c4ab8c5b06b4
"-74,0860056","4,619643415",14692,009A00,C.C. Calima,4,2,6,AC 22 - KR 29A,fec1ffb5-135c-45aa-8548-960b6b3fb1a3
"-74,08572008","4,545378895",14693,467A13,Br. San José Suroriental,4,2,6,KR 12 Este - CL 42 Sur,265ed937-f73a-4783-aec1-20080bae829a
"-74,08568964","4,719459849",14694,514A03,Br. Guillermo Nuñez,4,2,6,KR 86B - CL 128,783ebc63-04de-4b76-96f8-dda0bf39885f
"-74,08562332","4,721358018",14695,552A03,Br. La Flor - Ciudad Hunza,4,2,6,KR 86B - CL 128C,a7a63ca8-05bf-4f56-b0e4-eea542a4dbb0
"-74,08553102","4,71967883",14696,513A03,Br. Guillermo Nuñez,4,2,6,KR 86B - CL 128,90a8d74d-bf2a-456d-9394-bda3ecab6302
"-74,08552054","4,54160705",14697,465A13,Br. Panorama,4,2,6,CL 46 Sur - KR 12A Bis Este,f131fa12-53ce-4fe4-a096-b1e7fdf95a84
"-74,08550158","4,721492042",14698,551A03,Br. Naranjos Altos - Ciudad Hunza,4,2,6,KR 86B - CL 128C,6a261dd6-3bc8-407f-b701-12647924c7e9
"-74,08523518","4,57272994",14699,380A13,Parque Metropolitano San Cristóbal,4,2,6,CL 17 A Sur - KR 3B Este,e8e11a17-9699-4c70-a433-82443567a8a7
"-74,08496767","4,604423102",14700,466A00,Plaza España,4,2,6,AK 18 - CL 11,65a76d3f-faef-49e1-bb03-140b9348235c
"-74,10318126","4,575545296",14701,334A12,Br. Portal de San Carlos,4,2,6,KR 13 - CL 27 Sur,8b80f4bd-1cb3-4d79-a902-d0170588b457
"-74,0847661","4,557492156",14702,454A13,Sidel-Terrazas de Oriente,4,2,6,KR 9B Este - CL 32B Sur,c0393d3d-b471-4c19-aff6-bdc553ad9e5b
"-74,08461126","4,557800672",14703,533A13,Urb. Sidel,4,2,6,KR 9B Este - CL 32B Sur,beef734d-df7f-4e18-83b7-b076b09d7c16
"-74,1030878","4,575072981",14704,333A12,Br. Portal de San Carlos,4,2,6,KR 13 - CL 28 Sur,c06a1e46-8b17-47fc-9879-24b046b018e8
"-74,08459624","4,542518127",14705,370A13,Br. Altamira,4,2,6,KR 13 E - CL 44,4aee864d-a564-4955-9746-0a33a53290ce
"-74,10282993","4,688377862",14706,336A05,IED CARLOS LLERAS,4,2,6,CL 69A - KR 77B,cc0de90d-cb54-4d5e-a733-a4703732cad8
"-74,10101607","4,578337156",14707,343A12,Br. San José Sur,4,2,6,KR 13 - CL 22 Sur,c3da78b2-4bcb-4475-a099-d103dad67ae3
"-74,10071989","4,578113961",14708,342A12,Br. San José Sur,4,2,6,KR 13 - CL 22B Sur,50d925f7-94a5-4bc0-9e6d-74eb49092dd1
"-74,08425744","4,544648013",14709,466A13,Br. Altamira Chiquita,4,2,6,KR 13 Este - CL 42C Sur,a78a1030-49dd-412d-b782-4e3185306467
"-74,09777659","4,555030952",14710,368A13,Br. Las Guacamayas,4,2,6,KR 2A - CL 37C,b0920e58-f79b-4f6d-96f7-45b1caf0383c
"-74,08323489","4,559808458",14711,501A13,Br. El Ramajal,4,2,6,CL 30 Sur - TV 4 Este,5308c8b6-995b-4ee7-bf8d-5159fb15826b
"-74,09775703","4,553459731",14712,366A13,Br. Las Guacamayas,4,2,6,KR 1B - CL 38 - 39 Sur,acb3d395-d31a-4e99-97e8-17190d4ee7a1
"-74,08314282","4,559907961",14713,500A13,Br. El Ramajal,4,2,6,CL 30 Sur - TV 4 Este,8d03306d-84e8-4f7e-a5f8-b4541265b129
"-74,08302553","4,580502179",14714,391A13,Camino Viejo de San Cristóbal,4,2,6,CL 7 Sur - KR 5,271c6dab-ea27-4952-88a2-f8f84f781b4f
"-74,08269956","4,590324267",14715,473A13,Iglesia Las Cruces,4,2,6,KR 9 - CL 2,a9d4ba86-a004-40f5-9dc9-66ae281b39e3
"-74,08260407","4,560860302",14716,499A13,Br. El Ramajal,4,2,6,CL 29 Sur - TV 4 Bis Este,42ad4e58-f835-4d6c-91e2-27eb89a02fb8
"-74,08258209","4,573447164",14717,379A13,Pq. Urbano San Cristóbal,4,2,6,TV 1A E - CL 12D Sur,f39ec864-47f8-4046-a479-58333483b978
"-74,08245543","4,69708649",14718,603A03,Urb. Familiar Potosí I Sector,4,2,6,CL 97 - AV. Boyacá,f2050283-aaa9-417a-9003-926cfbe4fd14
"-74,08232947","4,560971726",14719,498A13,Br. El Ramajal,4,2,6,CL 29 Sur - TV 4Bis A Este,e445d886-d711-4eee-b1c7-bf390e507219
"-74,08230281","4,756206964",14720,491A03,Br. El Pensil,4,2,6,CL 158 - KR 97,9fff4e48-fda9-474d-99fc-f2ff4f31c537
"-74,0822425","4,558411286",14721,227A13,Br. Ramajal,4,2,6,AV. Circunvalar - TV 4 BIS E,4a49e1bb-ed4a-420f-84a0-2895900a6c75
"-74,08218217","4,583363854",14722,324A13,Br. Las Brisas,4,2,6,TV 5A - CL 3S,4ecb6421-8fa2-4502-b37f-5e5d69c58cb4
"-74,08206891","4,558584059",14723,228A13,Br. Ramajal,4,2,6,AV. Circunvalar - TV 4 BIS E,4226bcc2-1cb8-4143-b31c-ad77f7514444
"-74,08200405","4,588943694",14724,514A13,Br. Las Cruces,4,2,6,KR 8 - CL 1D,a51f3e2d-2faa-46f1-9d33-7cb3217ddb29
"-74,08179123","4,594690359",14725,066A00,Estación Bicentenario,4,2,6,CL 5 - AK 10,14c15c46-dda1-4e77-91d5-bc8da8841f42
"-74,08164226","4,586827043",14726,512A13,Br. Las Brisas,4,2,6,AK 7 - CL 0 Sur,3bd20f28-0b54-4a59-8ac5-2a0d6ed7c842
"-74,09774241","4,617714109",14727,282A07,LOS EJIDOS,4,2,6,KR 36 - Cl12A,a00e2362-a499-443e-b3f3-f28835d9009a
"-74,08096481","4,586279982",14728,327A13,Br. Las Cruces,4,2,6,KR 6 - AC 1,9b86d297-2a1d-4d1b-9af8-6ca80fb98f9b
"-74,08056459","4,577287755",14729,390A13,Br. La María,4,2,6,KR 1A - CL 6C Sur,06ebdbf7-7750-45cf-b685-5183071dc034
"-74,08041139","4,755241739",14730,481A03,Br. Salitre Suba,4,2,6,CL 158 - KR 93A,c824d6bb-e89d-457a-b545-20f08a660203
"-74,08015203","4,561953524",14731,496A13,Br. Amapolas,4,2,6,CL 28B Sur - KR 12C Este,538a7edd-0a73-480c-a0bd-226d7f0e5458
"-74,08005807","4,695541875",14732,553A03,Portal de Pontevedra,4,2,6,KR 71 - CL 97,53384722-b46a-4f19-99b1-a9464e5c3605
"-74,08000851","4,576791485",14733,480A13,Br. Buenos Aires II Sector,4,2,6,TV 1B E - CL 6C Sur,24b4ddbd-c440-4333-93e3-61aa4ccdf047
"-74,08000158","4,561873098",14734,497A13,Br. Amapolas,4,2,6,CL 28B Sur - KR 12C Bis Este,d814d295-1c0f-49eb-b458-aae55b24d00e
"-74,07996096","4,565351757",14735,237A13,Br. La Castaña,4,2,6,CL 18 Sur - KR 8A E,a2f29cec-9b34-47ff-ba36-4b4c6a3f5f2b
"-74,07981858","4,565380707",14736,240A13,Br. La Castaña,4,2,6,CL 18 Sur - KR 8A E,3ba3debf-e77e-43b3-aac1-f43c21dd3677
"-74,07960428","4,619098801",14737,511A00,Br. Santa Fe,4,2,6,KR 24 - CL 23-60,fdda6f29-ab93-4e7c-9d63-c85b32132108
"-74,07957589","4,578699913",14738,479A13,Br. Buenos Aires,4,2,6,TV 1C E - CL 6 Sur,e8f9adaa-c8d9-4135-a419-12580ebc1610
"-74,07953537","4,559450558",14739,229A13,Br. Ramajal,4,2,6,AV. Circunvalar - CL 31 Sur,0c28c39c-2335-476b-a8ee-2f37425bc4ac
"-74,07950255","4,588873802",14740,328A13,Br. Las Cruces,4,2,6,KR 6 - CL 1F,a325583b-5789-4f10-ba6a-3b82258ff5b7
"-74,07937687","4,673158046",14741,225A04,Hospital Chapinero,4,2,6,KR 60 - CL 72A,e2db3f3e-64a6-40ee-ab7b-d639d20bdf21
"-74,07933637","4,559338556",14742,230A13,Br. Ramajal,4,2,6,AV. Circunvalar - CL 30A Sur,d8e0e4ce-a3a4-4581-9bb3-15dac8392f53
"-74,07923044","4,543507422",14743,382A13,Br. Moralba,4,2,6,KR 17A Este - CL 42C Sur,519bd07e-358a-4662-a504-1d2cb6c0d48f
"-74,09766594","4,5534814",14744,367A13,Br. Las Guacamayas,4,2,6,KR 1B - CL 38 - 20 Sur,de2f39c3-6f89-4d45-9829-2bae77c49df7
"-74,07893003","4,69026822",14745,219A03,Br. Julio Flórez,4,2,6,CL 95 - KR 69B-56,541c968f-b8fc-425f-a2da-a00ea568e415
"-74,07892428","4,631927332",14746,513A00,Br. La Soledad,4,2,6,AK 28 - CL 40A-56,a0026328-354b-4fc3-b9f8-1cbe306d2ae3
"-74,0785908","4,691678412",14747,220A03,Br. La Alborada,4,2,6,AK 70 - CL 95A 58 AL LADO,c0098e2b-e327-409c-af86-49f2f09fdca3
"-74,07854194","4,581569655",14748,474A13,Br. El Balcón,4,2,6,AC 1 - KR 1B,693f2a80-a1c7-4bb7-bd03-ae2c34c72114
"-74,07840303","4,607692452",14749,470A00,Br. La Favorita,4,2,6,CL 17 - KR 15,825ec86e-093a-4318-9914-e8e5c7b28e18
"-74,0975949","4,555171653",14750,369A13,CAI Guacamayas,4,2,6,KR 2A - CL 37B,89b75889-0181-41a2-92b9-67a529fd0039
"-74,07803306","4,629395628",14751,514A00,Br. La Soledad,4,2,6,AK 28 - CL 39B-34,38be3aa4-e068-4ed4-8d38-65d41c01b28a
"-74,07777353","4,612282858",14752,475A00,Br. Santa Fe,4,2,6,KR 17 - CL 21 - 18,726f86b3-a0ba-466b-a98a-3c0817ff13a2
"-74,07775128","4,677248528",14753,228A04,Colegio San Mateo,4,2,6,KR 62 - CL 78,a6dbf3b0-e08c-4a5a-aac1-2b7e0765a9e0
"-74,07798582","4,615815072",14754,477A00,Br. Santa Fe,4,2,6,CL 23 - KR 18B-25,46ec8cbb-93e5-4108-b822-959a8ebae479
"-74,07757622","4,675528149",14755,307A04,Br. La libertad,4,2,6,KR 60 - CL 75B,30e9b825-c806-45b3-b766-d6249efd8d67
"-74,07735541","4,64166817",14756,523A00,Br. Belalcázar,4,2,6,KR 28 - CL 52,f2d0c32a-fc09-409f-8c5c-698237d4031e
"-74,07730663","4,576658039",14757,278A13,Br. Vitelma - Ciudadela Parque de la Roca,4,2,6,KR 8E - CL 6G Sur,9431a51c-ea15-404d-b15a-9c84b3b8efbf
"-74,07710722","4,68778782",14758,509A03,IED Julio Florez,4,2,6,CL 95 - KR 68B,d73aeaf7-671f-447d-8e3e-f72e29d0155a
"-74,0770265","4,578005921",14759,472A13,Br. Vitelma,4,2,6,CL 6 Sur - KR 7 E,75ed8c77-65d6-4281-9567-1ee040532f5e
"-74,07689743","4,606620155",14760,834A00,Br. La Capuchina,4,2,6,CL 17 - KR 13,01071137-79e0-40e7-a96f-27df3868cdfc
"-74,0767556","4,57923511",14761,290A13,Br. Cartagena,4,2,6,CL 3 Sur - KR 4B E,4e5afdf1-37f0-44b6-9916-717ded154623
"-74,07651069","4,579088815",14762,289A13,Br. Vitelma - Ciudadela Parque de la Roca,4,2,6,CL 3S - KR 4A E,e4ac63b7-fbc7-4468-a5c9-9e6a83fd1d30
"-74,07645087","4,656058044",14763,574A00,Br. Benjamín Herrera,4,2,6,KR 28A - 63D,9d904fa2-b171-4d66-846c-888cc8036441
"-74,07621201","4,613218997",14764,647A00,La Carmelita,4,2,6,CL 23 - KR 17,49c09425-6205-4639-ac42-b2ee16157241
"-74,07600064","4,652582379",14765,572A00,Br. Benjamín Herrera,4,2,6,CL 63A - KR 28A,dece08c7-64ad-466f-8827-04f7526c7993
"-74,0759245","4,688378015",14766,221A03,Br. Julio Flórez,4,2,6,KR 68B - CL 96-15 (AL LADO),fdfaf1bf-a4b4-4638-ae11-ae7868d4c256
"-74,07590493","4,623334325",14767,517A00,Br. Teusaquillo,4,2,6,AC 28 - KR 25,db10cc7d-37dc-4eae-96f9-756162415ac1
"-74,07588549","4,586739058",14768,477A13,Br. Atanasio Girardot,4,2,6,KR 2A - CL 2A,33e48b2f-716f-47c5-8604-f26f4428ff13
"-74,07572023","4,652770223",14769,573A00,Br. Benjamín Herrera,4,2,6,KR 28 - CL 63A,d4dba6f2-f046-4a61-8d8f-438589f0546d
"-74,07566308","4,658519475",14770,576A00,Br. La Paz,4,2,6,KR 28A - 64A,d954708b-2f04-4702-aca4-bbb51a380228
"-74,07565469","4,629162671",14771,521A00,Br. La Soledad,4,2,6,CL 39A - AK 24,b71958fb-382a-449d-b896-ef2b986bcc4e
"-74,07557461","4,69252367",14772,507A03,Br.  El Eden,4,2,6,KR 69C - CL 98A,08e878ce-13ad-4363-9020-f4f65b8588e6
"-74,09624159","4,619374658",14773,329A07,INDUSTRIAL CENTENARIO,4,2,6,AK 36 - CL 38,3d343558-17dd-44c9-b5aa-9ec57cbe2de8
"-74,07545735","4,693971055",14774,227A03,Urbanización Los Sauces,4,2,6,AK 70 - CL 99-20/99A 20 AL LADO,d07c0cbf-0cd6-4258-9364-865625c883d3
"-74,07540639","4,655438387",14775,575A00,Br. Benjamín Herrera,4,2,6,KR 28 - CL 63D,f24843bc-1d63-46f0-8b6c-c1ae6fb36670
"-74,09389955","4,621804155",14776,286A07,SALESIANO LEON XIII,4,2,6,AK 36 - CL 17A,0a547166-468f-4e0e-8a87-9d059820550a
"-74,0938865","4,728128984",14777,351A03,Br. El Rincón Norte,4,2,6,KR 95A - CL 129C,d4a2a297-3599-4845-983e-017e94529518
"-74,07484459","4,675044858",14778,163A04,Br. Jorge Eliecer Gaitan,4,2,6,CL 78 - KR 55B,8d8f59ab-5bdb-426a-bd82-fc5b84509a6e
"-74,07429761","4,660467392",14779,578A00,Br. Alcázares,4,2,6,KR 28 A - CL 66,542a5124-0ea8-4ee6-b1d9-732078ac26e2
"-74,07425175","4,736979691",14780,543A03,Br. Casa Blanca I,4,2,6,TV 77 - CL 146A,22dd7624-8642-44c7-8e01-e7b129311be0
"-74,07417812","4,737008815",14781,569A03,Escuela de Carabineros,4,2,6,TV 77 - CL 146A,22c9209d-a7f2-4210-939a-a8588992e76c
"-74,07409542","4,569852149",14782,408A13,Río San Cristóbal,4,2,6,CL 12 Sur - KR 11 Este,d9b97f74-b72e-4f89-80f5-1f3f5382e207
"-74,08790106","4,681870639",14783,182A04,Br. Las Ferias,4,2,6,KR 68H - CL 72 A,07d7f137-ad16-4942-9e38-03c5f83ef37e
"-74,07319824","4,640522352",14784,527A00,Parroquia Santa Martha,4,2,6,CL 52 - KR 22,59680737-38d0-4732-ab59-67705db0e7d0
"-74,07313042","4,660865461",14785,579A00,Colegio Marillac,4,2,6,KR 28 - CL 67,1099372a-540d-4ae4-9929-9beb74949414
"-74,07298646","4,652100283",14786,763A00,Br. Quinta Mutis,4,2,6,CL 63A - KR 26,1c7a7b1e-dbdf-464c-bc16-4a750f88d6ad
"-74,07292594","4,662407981",14787,580A00,Br. Alcázares,4,2,6,KR 28 A - AC 68,9b258dbe-58a8-499a-a56f-6d4f3bb94900
"-74,07289775","4,645170252",14788,269A00,Br. San Luis,4,2,6,AC 57 - AK 24,05589fa1-fd9d-4637-bb04-7a3829a0cbb0
"-74,08729944","4,68777982",14789,235A04,Br. Las Ferias Occidental,4,2,6,KR 69Q - CL 75,d5717d31-d663-432b-811f-a96b21d2e2ea
"-74,07180807","4,567671092",14790,287A13,Br. Montecarlo,4,2,6,CL 13A Sur - KR 20B E,f36076e9-9866-481f-9b01-5ad4bb59d7e5
"-74,07219041","4,570211396",14791,392A13,Br. Montecarlo,4,2,6,CL 8 Sur - KR 12 Este,fc64b837-41ca-42df-b0da-7256c8437952
"-74,07196484","4,569422599",14792,393A13,Br. Montecarlo,4,2,6,CL 9 Sur - KR 12 Este,65326d28-b12e-44a2-ab20-25c31e1167e6
"-74,0715972","4,746124167",14793,305A02,Br. Casa Blanca El Pinar,4,2,6,TV 77 - CL 160,43e1b6d5-7f9f-421d-a355-33255b52df3b
"-74,07158899","4,635258669",14794,528A00,Br. Palermo Tv 19 Bis,4,2,6,TV 19 BIS - DG 45D-49,6eb742bf-63fa-4805-b1d8-44bc4084025d
"-74,07149537","4,746242034",14795,306A02,Br. Gilmar - La Sirena,4,2,6,TV 77 - CL 160,2aec3b17-a85f-447d-a266-b3ebc9ec694b
"-74,07144103","4,568814414",14796,395A13,Br. Montecarlo,4,2,6,KR 14 Este - CL 9A Sur,cf00d7b2-a626-4600-a89d-46bcfae62652
"-74,08664794","4,685459542",14797,324A04,Br. Las Ferias,4,2,6,CL 75 - KR 69B,4272f238-3090-4173-9823-3f27f6c4438c
"-74,07077947","4,665348184",14798,581A00,Br. Alcázares,4,2,6,KR 28 A - CL 71 B,4c2c7d0a-cdef-4322-a3b7-04f688f4dfed
"-74,0706436","4,589813403",14799,448A13,Br. El Guavio,4,2,6,CL 5 - KR 3 Este,9b76fd14-9394-477a-8763-dd777575365c
"-74,07048216","4,638445314",14800,531A00,ECCI,4,2,6,KR 18 - CL 50-35,baeb3271-941b-41d4-afc3-132132a76dda
"-74,07044841","4,639138508",14801,532A00,Br. Alfonso López,4,2,6,CL 51 - KR 18-16,8df37ede-85a1-4442-9b0d-f7d4d52d7eef
"-74,07043963","4,664695102",14802,582A00,Urb. Los Alcazares,4,2,6,KR 28 - CL 71B,10a12482-774f-4474-afd7-449e2415cf96
"-74,07067503","4,567826631",14803,396A13,Br. San Cristóbal Alto,4,2,6,DG 10 Sur - KR 17 Este,e267b565-b776-45af-9b29-84b27a0481a0
"-74,07032758","4,640024739",14804,533A00,AK 17,4,2,6,CL 52 - KR 18,1fe75540-d912-4ee3-a49f-6ae49cab40d0
"-74,07032736","4,581849664",14805,300A13,Br. El Consuelo,4,2,6,TV 8A E - DG 1A,ea393409-58eb-47c8-802f-768e01066625
"-74,071183","4,719652",14806,203A02,C. R. Rincón de las Villas,4,2,6,KR 59 - CL 129,3abdf95b-dc49-45f4-93ba-f887e3260966
"-74,06968967","4,583231365",14807,304A13,Br. El Consuelo,4,2,6,DG 1B - KR 9 Este,866b9293-5df0-48cb-aa67-8cb2bee4057a
"-74,08560926","4,68619558",14808,212A04,Br. Las Ferias,4,2,6,CL 77 - KR 69H,4798a094-8bc1-4efd-909d-0ccb3b639f98
"-74,08469615","4,683376349",14809,230A04,Br. Las Ferias,4,2,6,KR 68H - CL 75,4811b3c8-35f2-45c9-be6d-c8aa15190925
"-74,069999","4,722586",14810,206A02,Br. Ciudad Jardín Norte,4,2,6,KR 59 - CL 131,94f31dd0-0d0b-4dd4-b46b-635773bf6211
"-74,06907276","4,653197121",14811,619A00,Br. Baquero,4,2,6,KR 19A - CL 63C,c68ffc53-d659-4e00-bb5a-9cef2e9da0b0
"-74,06903398","4,584056384",14812,360A13,Br. Rocío Centro Oriental,4,2,6,KR 9 E - CL 2D,07428c69-ec69-402f-bd52-e9ba5a87ee8e
"-74,06867702","4,748107788",14813,303A02,Br. Claret Norte,4,2,6,KR 74 - CL 163,7ee61d95-4f63-49f9-959b-8fe07c245b97
"-74,06859491","4,581190478",14814,445A13,Br. El Consuelo,4,2,6,TV 11C E - CL 2,6d1e2f3d-ba7a-4083-9b81-13edf78ea514
"-74,06859102","4,589450207",14815,365A13,Br. El Guavio,4,2,6,CL 6 - KR 5 A Este,aac0447e-f767-4dfc-847a-953115829604
"-74,06851037","4,748325405",14816,304A02,Br. Claret Norte,4,2,6,KR 74 - CL 163,3b153eb8-c5d0-463a-8775-84394455bff8
"-74,06801312","4,586787414",14817,363A13,CED Los Pinos,4,2,6,KR 6B E - DG 4,ca4a39a6-b256-4d43-8ea8-25c0269c2c95
"-74,08460644","4,565306683",14818,233A13,Br. San Pedro,4,2,6,TV 4 Este - CL 24 Sur,24467cfd-d66a-439b-affc-3174eef01573
"-74,08135732","4,683070638",14819,237A04,Éxito Calle 80,4,2,6,CL 78BIS - KR 68B,3316871f-e4af-4e21-989a-5889b237bd5f
"-74,06758913","4,683747562",14820,570A03,Br. Rionegro,4,2,6,TV 60C - CL 94A,86463e77-28ae-4c1f-8f74-7b7565ea4f39
"-74,06751779","4,582168887",14821,313A13,Br. Rocio Centro Oriental,4,2,6,KR 11A Este - DG 2B Bis,c9c199c4-b9b2-4934-8116-3dc9729a7a96
"-74,07835423","4,697223812",14822,539A03,Br. Santa Rosa,4,2,6,KR 71 - CL 99,571d20f9-b1b4-44a9-94ac-0aad43f7526f
"-74,06724589","4,682204577",14823,571A03,Br. Rionegro,4,2,6,CL 93A - KR 60A,0b718ec6-1ed0-45e5-a4e3-65c171b7a354
"-74,06709394","4,583796576",14824,447A13,Br. Los Laches,4,2,6,TV 9 E - DG 3C,0e7dc0be-1ca6-47a0-aee8-d97e8ce9c483
"-74,07489968","4,673319502",14825,305A04,Br. Doce de Octubre,4,2,6,KR 55A - CL 75,d74730cb-18bd-433e-9723-1665bd2c46da
"-74,06675515","4,586415601",14826,443A13,Br. Los Laches,4,2,6,CL 5 - KR 7A Este,44383492-0026-4059-a58f-9aa19e5eb601
"-74,06671437","4,68557225",14827,527A03,Parque Los Andes,4,2,6,CL 97 - KR 60D,f45e8839-3046-486d-ad60-ebd982e10ee0
"-74,06655089","4,591056686",14828,487A00,Br. Egipto Alto,4,2,6,TV 6 Este - CL 9A,30fe4879-938c-4431-977d-520d5e55279e
"-74,06648668","4,589110915",14829,485A00,Br. Egipto Alto,4,2,6,TV 6 Este - CL 7,ac3717c9-235b-4cdb-85c7-10809dcc93ba
"-74,06631925","4,75094238",14830,240A02,Br. Portales del Norte,4,2,6,CL 167 - KR 73,fd2ac5ca-d5c8-4e36-8b2b-05f7d213fe42
"-74,06590944","4,750991717",14831,241A02,Br. Portales del Norte,4,2,6,CL 167 - KR 73,6e21029e-64a5-4239-a000-a2615d09059c
"-74,06578175","4,595644798",14832,495A00,Vía Choachí,4,2,6,Vía Choachí km 0.4,9839f984-09b2-4455-b0dc-5a7129c078da
"-74,06572848","4,613714727",14833,659A00,Br. La Macarena,4,2,6,KR 4 - CL 26A,4f691026-5c71-4b20-ae6c-ed4dcb88211e
"-74,06564075","4,595676797",14834,496A00,Vía Choachí,4,2,6,Vía Choachí km 0.4,60dc13e9-11e4-44fa-8b0d-1c3f59e6685a
"-74,07113443","4,590496776",14835,351A13,Cl 5A,4,2,6,KR 3 E - CL 5A,ba7d0283-a1de-470b-970c-3e0f85fe24b2
"-74,069152","4,687933",14836,541A03,Br. Los Andes,4,2,6,KR 64 - CL 97,4a3f04dd-4a7a-4a23-b38c-1d0aeb6d9856
"-74,06910215","4,68664119",14837,540A03,Br. Los Andes,4,2,6,CL 97 - KR 63,865763fa-4cf9-493b-92ef-24baf156489f
"-74,06538864","4,685482039",14838,526A03,IED Domingo Faustino Sarmiento,4,2,6,CL 97 - KR 58,2dbe338a-266a-432e-a0e0-b2b1ca80f995
"-74,06538708","4,628009914",14839,BD-006A,Universidad Distrital,4,2,6,AK 7 - CL 40,059543a6-0bd5-4c31-88cc-71278d938da8
"-74,0650599","4,628369009",14840,BD-005A,Universidad Javeriana,4,2,6,AK 7 - CL 40,5dc0d6c4-fc6c-431d-add4-247ef5283ef9
"-74,06476467","4,616212167",14841,660A00,Br. La Macarena,4,2,6,KR 4 - DG 30A,2f6cb7a9-03ec-4bde-82fc-6c33127e8376
"-74,06465314","4,738890578",14842,208A02,Br. La Sirena,4,2,6,KR 59 - CL 152,334b3b3d-8b1c-4e1c-aeeb-a01b6cc6578b
"-74,06458702","4,681572345",14843,528A03,Estación Rionegro,4,2,6,KR 57 - CL 93,d932da75-f3e4-4a2c-b040-89752c135959
"-74,06427266","4,660449185",14844,678A00,Br. Colombia,4,2,6,KR 19 - AC 72,de4a4487-073e-4952-92de-c7e9294630d1
"-74,06413483","4,632135928",14845,BD-008A,Calle 45,4,2,6,AK 7 - AC 45,d60fb555-d190-4934-a85f-65380b55a6ba
"-74,06394912","4,632021313",14846,BD-007A,Calle 45,4,2,6,AK 7 - AC 45,72154935-e75b-49ab-96e8-80798873daf4
"-74,06373712","4,739283108",14847,344A02,Br. Mazurén,4,2,6,CL 152B - KR 58C,75c1baf2-1a5a-4b5e-80c0-e7e6fb2c1836
"-74,0636393","4,65104325",14848,052A00,Br. Chapinero Norte,4,2,6,CL 64 - AV. Caracas,510df15c-4c8e-43e0-a38d-ec200289e8c9
"-74,06317964","4,662233787",14849,628A00,Br. San Felipe,4,2,6,KR 20 B - CL 73,13cad777-e63f-4d81-b00c-209962cac61b
"-74,0630751","4,741418209",14850,340A02,Br. Mazurén,4,2,6,CL 153 - KR 58C,2838e4fe-4d8f-4f58-91a6-e1201930c10f
"-74,06293748","4,616113146",14851,804A00,Br. La Perseverancia,4,2,6,KR 3 - CL 31,653e275d-fc74-4996-88c9-d202bbc6b84e
"-74,06287142","4,750361358",14852,251A02,Gimnasio El Renuevo,4,2,6,CL 167 - KR 62-48 (AL LADO),24bfa916-702e-4be3-a2f1-c7d2859b39ce
"-74,06273382","4,68104912",14853,670A00,Br. La Castellana,4,2,6,CL 93 - KR 49A,da1ddd64-601b-4495-92a3-cf4bbe4c163f
"-74,06303364","4,754997037",14854,292A02,San Jose V Sector,4,2,6,CL 169 B - KR 67,c4d55e5a-b6de-4077-bc12-7bcebd1e0118
"-74,06266617","4,689122552",14855,055A02,Clínica General de la 100,4,2,6,KR 53 - AC 100,14c04f4f-cce7-4f2a-b212-bddc3d8f0009
"-74,06259091","4,693243025",14856,057A02,Parroquia Santo Domingo Savio,4,2,6,KR 53 - CL 104,ab67984c-f165-40d4-96b9-85665f673d16
"-74,06240501","4,641801547",14857,BD-012A,SENA - Dirección General,4,2,6,AK 7 - CL 55,186e57b6-7d1e-48ff-8f1c-1cc7015a1198
"-74,06221391","4,663801256",14858,627A00,Br. San Felipe,4,2,6,KR 20 B - CL 75,3603d8a4-f572-4176-b103-da6d78d9d64a
"-74,06200166","4,712347076",14859,189A02,Br. Prado Veraniego Sur,4,2,6,CL 127D - KR 53C,b63379a2-456e-434d-988a-4b9627350649
"-74,06195654","4,636730626",14860,639A00,Urbanización América,4,2,6,TV 3 - CL 51,3249aac3-aa9d-4938-984e-d02210b5430a
"-74,06186485","4,642958127",14861,BD-011A,Br. Bosque Calderón,4,2,6,AK 7 - CL 57,2f777516-467b-4fd1-ba7a-6b981f44272d
"-74,05973567","4,712128679",14862,191A02,Br. Prado Sur,4,2,6,CL 127D - KR 52A,6041de9d-ca9c-48c7-ae46-fadbfc4d8de8
"-74,06201252","4,714665366",14863,199A02,Br. Prado Veraniego Sur,4,2,6,KR 54 - CL 128A,b56ca256-25a9-40d3-93a6-95ab79097266
"-74,06141878","4,661350277",14864,706A00,Br. Porciúncula,4,2,6,AV. Caracas - CL 73,eef93857-84bb-46d8-a34b-d65bf98a883f
"-74,06105874","4,66323887",14865,707A00,Estación Calle 76,4,2,6,AV. Caracas - CL 75,1184ce0a-4647-40cc-b017-ede6b6db3887
"-74,06049901","4,63548335",14866,551A00,Urbanización Camelia,4,2,6,CL 51 - KR 3,fec1545d-681b-4a05-884f-a6a42fa74046
"-74,06064486","4,668153102",14867,722A00,Estación Héroes,4,2,6,Auto Norte - CL 80 Bis,54bec135-ebf6-4093-9c09-959764a8f72b
"-74,060593","4,67867679",14868,669A00,Br. La Castellana,4,2,6,KR 47 - CL 91,c8ea522c-9747-459c-9314-e58a9f29e5d8
"-74,06055792","4,751778251",14869,246A02,C. C. Portales,4,2,6,KR 62 - CL 168,ebcb42e0-11b6-46f8-b1d7-45fd380be900
"-74,059044","4,648276291",14870,562A00,Club de Comercio de Bogotá,4,2,6,CL 64 - KR 5,75181cbd-c0ea-4940-8608-d283c576ddc5
"-74,05634097","4,742911126",14871,226A02,Br. Cantalejo,4,2,6,CL 161 - KR 54,2b968eb4-b0d9-4ab4-9c9c-a5fd610a9989
"-74,05639186","4,717793792",14872,190A02,CALLE 129A,4,2,6,KR 47 - CL 129,9102aab8-110e-4cd1-bf94-16da98bff339
"-74,06022256","4,667128767",14873,754A00,Estación Héroes,4,2,6,Auto Norte - CL 79,91da2aa3-ee38-4bc2-9b90-77eaefa3e89a
"-74,06012349","4,740330943",14874,342A02,Br. Mazurén,4,2,6,CL 153 - KR 56,94b95244-3644-49c3-b2d5-c9a5d9807872
"-74,0600872","4,642674737",14875,560A00,Universidad de la Salle Sede Chapinero,4,2,6,KR 4 - CL 58 BIS,20b18de7-5055-4558-b15a-bc4621d2e2a7
"-74,06006891","4,659010885",14876,762A00,Br. La Porciúncula,4,2,6,KR 13 - AC 72,3cecf324-9a5e-4c0d-9bda-69e04c438e76
"-74,06000619","4,672682055",14877,721A00,Estación Calle 85,4,2,6,Auto Norte - CL 84,4401d4f1-e54f-472a-8bcd-44a845cc8c39
"-74,06006149","4,660710037",14878,623A00,Universidad Sergio Arboleda,4,2,6,CL 74 - KR 13,a7094a6b-7596-479e-b4b6-f2a4d31ce28d
"-74,05969211","4,669866358",14879,755A00,U. San Martín,4,2,6,Auto Norte - CL 82,9256381c-aed8-4e50-beac-b8b76dbdb4f7
"-74,05962739","4,634158667",14880,544A00,Br. Siberia Central,4,2,6,DG 47A - TV 1 Este,70ae89cc-bc47-47f6-82a6-1826eed976a6
"-74,05953386","4,629066545",14881,783A00,Br. El Paraíso,4,2,6,DG 42 - TV 2 Este,b9968d97-557e-41fb-b323-34da9252c292
"-74,05949052","4,675761415",14882,720A00,Estación Virrey,4,2,6,Auto Norte - CL 87,55d9a0fa-0d25-464d-bf3d-142175e837ad
"-74,05939477","4,628408377",14883,540A00,Br. El Paraíso,4,2,6,CL 42 - KR 2 Bis Este,8ef8fe62-ae4f-48dd-8620-41fe6a7465d6
"-74,05938727","4,634595336",14884,543A00,Br. Siberia Central,4,2,6,TV 1 Este - CL 47B,4423b84c-b44a-4a54-ad8d-7b8d9e529813
"-74,06012","4,628509",14885,539A00,Br. El Paraíso,4,2,6,CL 42 - KR 2 Este,991cf010-053d-4c0a-a862-1243dac9cf2a
"-74,05926865","4,672369088",14886,766A00,Estación Calle 85,4,2,6,Auto Norte - CL 85,251206c2-cbab-4e40-8d25-727053adbc41
"-74,05616069","4,742789489",14887,225A02,Br. Cantalejo,4,2,6,CL 161 - KR 54,9cce7282-b90d-422c-b7fd-07d43864eca4
"-74,05880454","4,711194204",14888,184A02,Br. Niza IX,4,2,6,KR 51A - CL 127B Bis,42ec409c-7385-4440-ae43-acc5ec4ba4b9
"-74,05810999","4,633762968",14889,637A00,Br. Pardo Rubio,4,2,6,TV 3 Bis Este - CL 47A,cb34f158-4e32-486e-8733-cba4dae8f18b
"-74,05791738","4,633823078",14890,640A00,Br. Siberia Central,4,2,6,TV 3 Bis Este - CL 48,db4f3f35-04e5-46ea-be7a-0dafdd28c4e4
"-74,05847054","4,656816648",14891,BD-050A,U. Pedagógica,4,2,6,AC 72 - Kr 10,eec841ee-6522-486b-a541-f30e0ac28b12
"-74,05835322","4,682718817",14892,840A00,Br. La Castellana,4,2,6,Auto Norte - CL 94 Bis,8dd70f98-60ab-4a5c-8762-a391e013e4aa
"-74,05785254","4,685353739",14893,759A00,Estación Calle 100,4,2,6,Auto Norte - CL 95,3de16690-4fd0-4472-adac-293978ac124d
"-74,0576128","4,632623824",14894,641A00,Br. Siberia Central,4,2,6,TV 4 Este - CL 47A,894d0a98-f7f0-46bb-8ed5-1f76dadafe29
"-74,05753338","4,627401062",14895,643A00,Br. El Paraíso,4,2,6,CL 42 - KR 4 Este,a23abea3-e75a-4c52-a30b-9fdb9153a1b9
"-74,05733243","4,632814778",14896,636A00,Br. Siberia Central,4,2,6,TV 4 Este - CL 47,bba45149-108f-418e-9eab-9769a64a497a
"-74,05767168","4,627564515",14897,634A00,Br. El Paraíso,4,2,6,CL 42 - KR 5 Este,d2cbf384-0e4b-4509-a960-749a75f2dae7
"-74,057634","4,631711",14898,642A00,Br. Villa del Cerro,4,2,6,TV 4 Este - CL 45C,341440f4-d555-475e-8918-86429f1efc42
"-74,057488","4,631669",14899,635A00,Br. Villa del Cerro,4,2,6,TV 4 Este - CL 45C,c3955aef-c4bd-4a6d-81fe-2080a659a181
"-74,0573048","4,683835651",14900,758A00,Br. Chicó Norte III Sector,4,2,6,Auto Norte - CL 95,b7918017-aca5-44a8-8c50-c9b0de88973e
"-74,05788558","4,644127794",14901,644A00,Urb. Bosque Calderón,4,2,6,CL 60A - KR 3A - 10,e93ab7ed-ff8f-4c3f-a526-708a2b075015
"-74,05713533","4,689855204",14902,330A02,Br. Santa Margarita,4,2,6,Auto Norte - Calle 103,549c9662-e3aa-4910-8f5e-9a879c456502
"-74,054497","4,675081",14903,070A00,CADE Chicó,4,2,6,CL 90 - KR 16,f91436e8-c596-4e42-a094-bea617d571f9
"-74,05435775","4,668858447",14904,296A00,Parque León de Greiff,4,2,6,CL 84 BIS - KR 13,440c7fa4-0531-46fb-b897-40084ebf440a
"-74,05422937","4,741205608",14905,227A02,Campos de Silencio,4,2,6,KR 54 - CL 159,1ea30010-2757-4b5e-9b4c-d02573950b5e
"-74,05414653","4,741022242",14906,228A02,Campos de Silencio,4,2,6,KR 54 - CL 159,ef1fb5d1-f970-4e3a-9259-2a808559f63c
"-74,05372978","4,715706314",14907,095A02,Br. Prado Veraniego,4,2,6,CL 129 - KR 45 A,0ce052a2-b34f-4cbf-a17c-72fe3ce15067
"-74,05667868","4,722377091",14908,186A02,Br. San José del Prado,4,2,6,KR 52A - CL 134D,429a7cc1-d160-4287-a4bb-4141a0e9867b
"-74,0527281","4,72008336",14909,193A02,RESIDENCIAL ALCALA,4,2,6,KR 45A - CL 134A,f7d6eb1e-863a-42ad-836f-028b69079e58
"-74,057488","4,661848",14910,BD-051A,AK 11,4,2,6,CL 76 - AK 11,334229ed-1184-4e51-af7f-4e13ce9d259c
"-74,05655462","4,693271617",14911,329A02,Estación Calle 106,4,2,6,Auto Norte - CL 104A,704f8e7b-8c90-47ee-b275-1a6c68187756
"-74,05648243","4,739418144",14912,341A02,Canal Córdoba,4,2,6,AC 153 - KR 54,8a74eb6f-6dfb-4168-b7ef-21dd1bb1cff4
"-74,04972141","4,679146773",14913,116A00,AK 15,4,2,6,CL 94 - KR 14,928990e5-8342-4d07-9388-c756431f6b84
"-74,04960728","4,789225373",14914,273A02,Campus U. Santo Tomás,4,2,6,AC 209 - KR 54,146de725-fb7b-4c28-8ca7-a2dc40c71a3c
"-74,04884226","4,789185369",14915,272A02,Campus U. Santo Tomás,4,2,6,AC 209 - KR 54,bfbf6238-b677-4d5e-8e99-1ec1ad61c7e7
"-74,05628499","4,690012649",14916,627A01,Br. Santa Bibiana,4,2,6,Auto Norte - CL 103,4358cca2-7252-4190-8a2d-57b74f10d1c3
"-74,05638863","4,627206195",14917,546A00,Br. El Paraíso,4,2,6,CL 42 - KR 6 Este,74cb57de-7476-408b-a589-dcfcb9160f9b
"-74,05623495","4,627095909",14918,545A00,Br. El Paraíso,4,2,6,CL 42 - KR 6 Este,48e9caef-e4ae-425e-a52a-990006e6fa72
"-74,05600175","4,653805198",14919,BD-018A,Av. Chile,4,2,6,AK 7 - CL 71,c287459b-3cd6-4ae7-80c7-dca2a17a4129
"-74,05590301","4,724641145",14920,205A02,Br. San José del Prado,4,2,6,KR 52A - CL 137A,2652bd52-c23a-4f47-8ca7-d1bfe8db3d6c
"-74,05588184","4,72141917",14921,194A02,Br. San José del Prado,4,2,6,KR 50 - CL 134C,3ae91cf6-e3f4-4c88-8547-c2213dfff369
"-74,05575415","4,653785629",14922,BD-017A,Av. Chile,4,2,6,AK 7 - CL 70A,69a92d4e-3f70-4485-8f3b-93037f1836ba
"-74,05574425","4,693236066",14923,628A01,Estación Calle 106,4,2,6,Auto Norte - CL 105,dcdad8de-0f92-4630-a6da-9753a999de53
"-74,05565313","4,698544497",14924,327A02,Estación Pepe Sierra,4,2,6,Auto Norte - CL 114A,fd2f9623-9003-48af-a830-63f598155218
"-74,05560497","4,749370238",14925,074A02,Br. Britalia,4,2,6,CL 167 - KR 54D-22,e188a936-1be2-4b8e-a9cc-ba28624c23c2
"-74,05507855","4,721561799",14926,195A02,Br. San José del Prado,4,2,6,KR 49 - CL 134D,3205471e-3e05-4d5b-9abd-bd7a588861e6
"-74,05505916","4,69728927",14927,629A01,Br. San Patricio,4,2,6,Auto Norte - CL 109,63d47bbb-2457-4227-b2e9-03c77e71ef67
"-74,05496504","4,702627276",14928,326A02,Br. El Batan,4,2,6,Auto Norte - CL 120,924f2503-98da-4337-b698-d1e724024868
"-74,05489783","4,640385506",14929,559A00,Br. Ingemar,4,2,6,DG 57 - TV 4 Este,32f2a4e3-3a03-47f6-8c79-a3118cf44972
"-74,0544967","4,700741405",14930,631A01,Br. Santa Bárbara Occidental,4,2,6,Auto Norte - CL 118,2a3d220d-8338-4a72-b974-87ac11697d3b
"-74,05444467","4,705785148",14931,325A02,Estación Calle 127,4,2,6,Auto Norte - CL 125,6adb9bdb-0c20-4df7-9ad9-60a4e7f1b21d
"-74,05438714","4,656485937",14932,BD-019A,Br. Bellavista,4,2,6,AK 7 - CL 73,6c331eda-7b5c-43fb-97e9-45b430188266
"-74,04699476","4,677733454",14933,286A00,Br. Chicó Borte,4,2,6,CL 94 - KR 11A-12,aee178a7-d49c-4032-852c-aa3516ea6ded
"-74,04508714","4,788590345",14934,265A02,Gimnasio Los Andes,4,2,6,AC 209 - Auto Norte,938ceb91-3e06-4bca-8e94-0b1a278cfdbc
"-74,04484513","4,788437342",14935,264A02,Gimnasio Los Andes,4,2,6,AC 209 - Auto Norte,e3c217f5-45d9-4685-afa1-b9ea7a07d8a1
"-74,038851","4,758433",14936,427A01,Br. San Antonio,4,2,6,KR 17B - CL 181A,d4a45559-1cd4-4a60-8db5-64713a3354c1
"-74,05421088","4,723133306",14937,201A02,Br. San José del Prado - Fuerteventura,4,2,6,CL 137 - KR 47,c2ebe0c1-4f95-455f-bf01-c3f1718ba094
"-74,0541537","4,72132601",14938,187A02,Br. San José del Prado,4,2,6,KR 47 - CL 134 D,bbf2100f-40fb-4c4b-9351-2ddf00a8d422
"-74,05381047","4,704738827",14939,632A01,Estación Calle 127,4,2,6,Auto Norte - CL 123,4c280a7e-d1a0-4862-85ca-4ab63bb262b0
"-74,05368673","4,710238373",14940,324A02,Br. Canódromo,4,2,6,Auto Norte - CL 127B Bis,b6e2add3-7061-410a-ab21-3fda651d4220
"-74,05311976","4,708957584",14941,633A01,Br. La Calleja,4,2,6,Auto Norte- CL 127A,f73e1476-55fb-487c-9532-c94d02018bf5
"-74,05309798","4,713762753",14942,323A02,Estación Prado,4,2,6,Auto Norte - CL 128A,62dc52bc-e9a8-4fb2-9d5d-23765bc24e40
"-74,03025804","4,709716595",14943,572A01,Universidad El Bosque,4,2,6,KR 7 Bis - CL 131,cd78dfc6-5865-4164-811d-d0b841e3748d
"-74,02979368","4,716482313",14944,095A01,Centro Comercial Palatino,4,2,6,CL 140 - AK 7,3b4561a1-6b84-4f47-8c68-930141ab6435
"-74,02888","4,767465",14945,465A01,Br. Tibabita,4,2,6,KR 8 - CL 190,0c90347e-5b48-48f9-9ee5-f08776c6ba68
"-74,05271335","4,749046044",14946,072A02,Unidad Residencial Granada Norte,4,2,6,CL 167 - KR 51,6d998a37-ac12-4898-bf18-968903fc1679
"-74,05259325","4,716695559",14947,322A02,Br. Prado Veraniego,4,2,6,Auto Norte - CL 130,d405efef-acca-4288-8340-91682e4d7696
"-74,05244003","4,713077804",14948,634A01,Estación Prado,4,2,6,Auto Norte - CL 128A,f22c4486-a783-4c3d-b057-dbc08e0011e4
"-74,02285007","4,666861476",14949,512A01,Dg 95,4,2,6,DG 95 - KR 6 E,ebcb7b1e-4bd5-44c2-8e6f-be8b4f64861b
"-74,05207863","4,722216131",14950,252A02,Br. San José del Prado,4,2,6,KR 45A - CL 137,c4574744-d98d-4d5d-8b6c-a1d47b7dd03c
"-74,02225803","4,664152262",14951,542A01,KR 11A Este,4,2,6,KR 11A E - CL 94A,50cf8686-c9bc-41f5-a8f7-c75b90693630
"-74,05184091","4,716577888",14952,635A01,Conjunto Residencial Santacoloma,4,2,6,Auto Norte - CL 130,c6183a51-30b8-45bf-b90c-d7ce45f671c3
"-74,05095684","4,721828157",14953,636A01,Parque Alcalá,4,2,6,Auto Norte - CL 136,bb758f59-ca7c-468a-9fce-f49c84743d1c
"-74,0221919","4,66808633",14954,357A01,Br. San Luis,4,2,6,CL 96A - KR 6 E,9dc54f12-d5f2-4895-af69-e2d6968c955f
"-74,05088127","4,726954375",14955,319A02,Estación Calle 142,4,2,6,Auto Norte - CL 144,ab792198-53ef-4bf6-930e-3052cd23f0db
"-74,05022975","4,768171062",14956,333A02,Urb. San Pedro,4,2,6,CL 188 - KR 55A,55e11d8b-2291-4d20-9b29-26b99dc78e9d
"-74,05001629","4,727512751",14957,638A01,Estación Calle 142,4,2,6,Auto Norte - CL 145,334aa57e-fa40-49cd-a1c4-f42248569478
"-74,04999606","4,732205083",14958,318A02,Estación Calle 146,4,2,6,Auto Norte- CL 150,8dd5c958-cd0f-4b22-8d3c-848fbc81a362
"-74,02113888","4,67038274",14959,551A01,IED Campestre Monteverde,4,2,6,KR 5C E - DG 98,3511b916-a312-4e3a-9cb9-aed3624f39f8
"-74,02008821","4,666620757",14960,354A01,Kr 11 E,4,2,6,KR 11 E - CL 96,774210c5-2756-4a37-bf6f-15ec27f4f7d1
"-74,0495892","4,764836744",14961,287A02,Br. Santa Amalia,4,2,6,CL 186 - KR 54D,6ff13fa9-4fcc-4269-a7cd-6833520fbc1e
"-74,04934765","4,731605435",14962,639A01,Estación Calle 146,4,2,6,Auto Norte - CL 148,383196c0-cbe6-4a7a-8a14-9c46e1c1ee1c
"-74,04907847","4,766342289",14963,286A02,San Pedro Plaza,4,2,6,CL 187 - KR 55,04f374ef-887a-42c8-b6b9-8ba681198c4a
"-74,04871413","4,735437807",14964,640A01,Estación Mazurén,4,2,6,Auto Norte - CL 152,e5e3f48b-bd4e-4e03-842d-f619eaa25425
"-74,04840885","4,762104674",14965,100A02,Urb. Tejares del Norte,4,2,6,AC 183 - KR 51,b9bd0c66-2b1d-4ca6-b0e6-5da3d6c6df32
"-74,04795141","4,748124792",14966,070A02,Br. Granada Norte,4,2,6,CL 167 - KR 45A,c6ea72bb-e8c7-427f-b25f-f840622d8982
"-74,04664294","4,765438311",14967,285A02,Br. Tejares del Norte II,4,2,6,CL 187 - KR 49,6c5d42ad-5260-4d5a-bb1f-3fbc178c7dac
"-74,047109","4,74181",14968,072A01,Br. Las Orquídeas,4,2,6,AC 161 - KR 22,c566e295-fe16-4010-9685-ce324c87375e
"-74,0434326","4,732669153",14969,270A01,Pq. Las Margaritas,4,2,6,CL 151 - KR 17,5a2008f0-3bb8-42e9-9b38-088cfdf80d40
"-74,04342697","4,732550334",14970,271A01,Pq. Las Margaritas,4,2,6,CL 151 - KR 17,751d34d0-55b9-45a8-b227-5f19d9f9339f
"-74,04255646","4,706509628",14971,360A01,Br. Plenitud La Calleja,4,2,6,AK 15 - CL 127A,f2ac86af-405f-4aec-8b30-1a22434de99c
"-74,04248745","4,706722629",14972,361A01,Br. La Carolina,4,2,6,AK 15 - CL 127A,e74633d2-7d5a-4526-9810-3406323bb1d9
"-74,04212119","4,760186736",14973,150A01,Br. San Antonio Noroccidental,4,2,6,AC 183 - KR 20,de857af4-e311-4f2e-a0ff-e54eafbde36b
"-74,04185256","4,746145985",14974,382A01,Br. Toberín,4,2,6,CL 166 - KR 19,f927d8ce-7c11-4777-8f01-49aea7ce13a9
"-74,04047959","4,740238189",14975,076A01,Br. Las Orquideas,4,2,6,AC 161 - KR 16C,3e9d226e-f6ec-436d-aee2-b0426ca1ce6b
"-74,03978199","4,731843663",14976,269A01,Parques de Lorena,4,2,6,CL 151 - KR 14B,982ed372-51b9-4de5-8a9a-923f2033afb4
"-74,03942185","4,760222311",14977,147A01,Br. San Antonio Noroccidental,4,2,6,AC 183 - KR 17B,c8fe8468-c818-4aab-9248-7bedfb46a84c
"-74,03854987","4,745253499",14978,387A01,Br. Toberín,4,2,6,CL 166 - KR 16B,a1f42b44-a5a6-4892-bf3d-9b8d83680e9c
"-74,03852706","4,806694993",14979,307A02,C.C. Bima,4,2,6,Auto Norte - CL 232,ad322c9b-e343-4d68-b596-d1c878c83bdc
"-74,03759749","4,764044991",14980,431B01,Br. El Verbenal II Sector,4,2,6,KR 16 - CL 186D,607c73e0-cdb2-4a34-953a-275f6eaba577
"-74,03751601","4,76111472",14981,148B01,Br. El Verbenal III Sector,4,2,6,KR 16 - CL 184,94c6e54b-b234-4667-b381-c14ed7ce6e80
"-74,03625162","4,815460365",14982,337A02,Planta de Concreto,4,2,6,Auto Norte . CL 238,260ad70f-06e9-4c53-9c8a-a244e832c79e
"-74,03679","4,695316",14983,625A01,Br. Santa Bárbara Central III Sector,4,2,6,AK 11 - CL 117A,ef763376-3371-4540-91ab-d5437e0caf06
"-74,03596052","4,730144015",14984,609A01,Br. La Emilia,4,2,6,CL 151 - KR 12C,82df452d-85f4-403d-bf02-bbc96a99c6ba
"-74,03557627","4,82042654",14985,336A02,Bogotá Tenis Club Campestre,4,2,6,Auto Norte - CL 242,03e36e60-27f4-45d4-ae78-520bcbd91df9
"-74,03545171","4,822959988",14986,335A02,Club Colsubsidio Bellavista,4,2,6,Auto Norte - CL 245,f4cb0059-f218-491e-818b-d771828f29d0
"-74,03490597","4,770423266",14987,344A01,Colegio San Carlos,4,2,6,CL 192 - KR 15,2c2d5087-6123-46d8-925b-a66e43d711b6
"-74,03479996","4,819356911",14988,661A01,Br. Torca Góngora,4,2,6,Auto Norte - CL 242,1ad7eb44-b753-40a7-b7ec-9beb179c12ca
"-74,03413747","4,740071603",14989,600A01,Br. Balcones de Oriente,4,2,6,KR 13B - AC 161,0f0f7741-9a4e-49eb-9543-9b22dd0e7009
"-74,03410341","4,700824069",14990,626A01,Br. Santa Bárbara Central IV Sector,4,2,6,AK 11 - CL 123,beb6cc1b-d4ad-4dfa-ad71-6f4385546ebb
"-74,03344092","4,729001036",14991,267A01,Parques de Capri,4,2,6,CL 151 - KR 11,025b0eb7-5049-4f2d-9443-8e7b7259b367
"-74,03342495","4,760058553",14992,324A01,Br. San Antonio Norte,4,2,6,KR 11 - CL 184,7082119e-405b-4790-8c10-07c644cb037e
"-74,03327479","4,759979103",14993,325A01,Br. Villas de Andalucía,4,2,6,KR 11 - CL 183,e55f08df-6570-4c7c-80ff-b490673089c4
"-74,03241915","4,764458644",14994,338A01,Verbenal San Antonio,4,2,6,KR 11 - 187A,7a9b21f5-4433-40a0-8963-d1183c725523
"-74,032165","4,763992",14995,518A01,Verbenal San Antonio,4,2,6,CL 187 - KR 11,8018e474-f13f-472f-a25a-0cd8cfda5f4d
"-74,032316","4,764562",14996,333A01,Verbenal San Antonio,4,2,6,KR 11 - CL 187A-26,090a7341-8344-46ee-82b2-f963b52223cb
"-74,03180994","4,769552399",14997,459A01,Gimnasio los Pinos,4,2,6,CL 192 - KR 11A,b5e76fe9-272d-44fe-b979-7d65bbe2802b
"-74,03122601","4,733970844",14998,394A01,Br. Barrancas,4,2,6,CL 156 - KR 8D,dd33b4ef-21fc-41bc-a373-013a12da84fe
"-74,03101694","4,818156147",14999,583A01,Torca Rural I,4,2,6,AK 7 - CL 245,c62f3a48-f342-4507-a0d6-aa6bb4d00240
"-74,03085442","4,811480178",15000,499A01,Floresta de la Sabana,4,2,6,AK 7 - CL 237,603368f0-47c9-486f-ac98-1b2a880024bd
"-74,03083226","4,798432584",15001,503A01,Compensar Calle 220,4,2,6,AK 7 - CL 220,e1dbdc92-af90-466d-8ef5-f7eb5da4351a
"-74,03067449","4,811020469",15002,500A01,Floresta de la Sabana,4,2,6,AK 7 - CL 237,60376106-0518-4878-abe1-abe776c9f7bb
"-74,0306486","4,798906098",15003,332A01,Compensar Calle 220,4,2,6,AK 7 - CL 220,50d9b347-fecb-4762-97ac-6d34ab443fdd
"-74,0306285","4,794278927",15004,579A01,Mansión Donoso,4,2,6,AK 7 - CL 215,49f1f997-92bd-4ac1-a023-ed318089d2af
"-74,03060555","4,794060363",15005,585A01,Escuela Ecuestre,4,2,6,AK 7 - CL 215,852de774-bd3e-4ab5-aeec-f1c75e3f106f
"-74,03021123","4,80279255",15006,649A01,Br. Torca I,4,2,6,AK 7 - CL 224,c447f306-c4c9-4ca4-8727-ec77d541ec52
"-74,03010118","4,802902286",15007,580A01,Hacienda Las Pilas,4,2,6,AK 7 - CL 225,058b7255-16f9-47f9-9c55-76891754a6e1
"-74,03009661","4,761770105",15008,437A01,Gimnasio La Arboleda,4,2,6,KR 8C - CL 183,bfeb6d0e-5106-4f75-b50a-dbd32215b7b9
"-74,03009214","4,808274589",15009,581A01,Br. Torca II,4,2,6,AK 7 - CL 234,b258704b-c1ab-4d1e-ac4f-4bf22d7a5307
"-74,02992769","4,806729677",15010,584A01,Br. Torca II,4,2,6,AK 7 - CL 234,775b2037-7a0c-4d87-8b98-d562fedc267d
"-74,02976845","4,74302313",15011,400A01,Br. Santa Teresa,4,2,6,KR 8G - CL 166,3dda9825-7f62-4f37-bb98-36bfd4663e1d
"-74,02958418","4,76891698",15012,341B01,Urbanización Las Palmas,4,2,6,KR 8B - CL 191,cce72b92-7e4c-49a8-a181-8e449a37ebd2
"-74,02949991","4,745341244",15013,403A01,Santa Teresa,4,2,6,KR 8G - AC 170,e61a87e9-24cd-43c5-a05f-f86691b6d353
"-74,02918421","4,734165579",15014,336A01,Parque Altablanca,4,2,6,KR 8A - CL 156B,52a95039-e550-429a-9ee3-451621f6689c
"-74,02885571","4,768169088",15015,575A01,Urb. El Palmar,4,2,6,KR 8 - AC 191,61336963-5a97-40ed-af15-a2dbedf1a027
"-74,02874471","4,767584083",15016,466A01,Br. Tibabita,4,2,6,KR 8 - CL 190,75544094-aa93-453d-bba3-1101ab6809bf
"-74,02849847","4,790734418",15017,650A01,Colegio del Rosario Campestre,4,2,6,AK 7 - CL 212,31db6b4f-e470-49b8-9331-e6b643d08e9d
"-74,02829105","4,734677808",15018,540A01,IED General Santander,4,2,6,CL 159 - KR 8 Bis A,bbc66a9b-43f1-4735-aebd-a048a20e747d
"-74,02826497","4,787356539",15019,586A01,Br. Tibabita Rural,4,2,6,AK 7 - CL 210,b9c7da4e-32ee-46ce-b8a9-e05c9ce990ea
"-74,02819094","4,785079644",15020,651A01,Br. El Rosario Norte,4,2,6,AK 7 - CL 209,54f95241-2bce-42d1-a46c-27020ad2140a
"-74,02818586","4,789278581",15021,659A01,Br. Torca I,4,2,6,AK 7 - CL 210,007e6763-3bb5-4341-ae52-7f3976b41e2c
"-74,02804372","4,786922576",15022,658A01,Br. Tibabita Rural,4,2,6,AK 7 - CL 209,882f70a5-dcc0-4ea5-b0c9-9888c4688da5
"-74,02800597","4,785262487",15023,578A01,Br. Tibabita Rural,4,2,6,AK 7 - CL 207,fa2ef03f-b1b6-4288-a52d-89e7e98866f1
"-74,02764376","4,705392482",15024,566A01,Agrupación Tivoli,4,2,6,CL 127C - KR 6A,8190a66f-d7b6-4368-9e85-719d30b408db
"-74,02739977","4,74564603",15025,612A01,Br. Santa Teresa,4,2,6,CL 168 - KR 8C,83680d4b-65c0-4889-8fd5-36061c690db8
"-74,02726315","4,703264327",15026,508A01,Parroquia Nuestra señora de Montecarmelo,4,2,6,TV 5C - CL 127A Bis B,9901f697-3ecc-4134-8a97-6d10401b2bd7
"-74,02692244","4,737780755",15027,506A01,Br. San Cristóbal Norte,4,2,6,KR 8 - CL 161A,7c761337-8ec9-4c7b-9c16-2079767b93aa
"-74,02680432","4,773110599",15028,652A01,Br. Tibabita Rural,4,2,6,AK 7 - CL 195,98d508ae-270a-4caa-9683-108360f7aece
"-74,0267536","4,772950233",15029,576A01,Acerías Paz del Río,4,2,6,AK 7 - CL 196,db3b81d3-4a71-4149-8a20-47ebfa323d66
"-74,02632603","4,741874705",15030,098A01,Santa Teresa,4,2,6,CL 165 - KR 8A,ce2636a0-e28f-41c6-99cc-2cb28f6b7b5b
"-74,02628907","4,705293155",15031,509A01,Br. San Gabriel,4,2,6,CL 127C - KR 5,8473d521-0b9f-494b-be0f-9b0d02704580
"-74,02612525","4,777453095",15032,587A01,Subestación Eléctrica Torca,4,2,6,AK 7 - AC 201,2b6357d5-843e-4dde-9949-7ddb3fdfdc17
"-74,02600995","4,776960007",15033,577A01,Subestación Eléctrica Torca,4,2,6,AK 7 - AC 201,1a35ca88-7a0f-48eb-bb4b-a2cb952b8cab
"-74,02517033","4,745009351",15034,611A01,Br. Santa Teresa,4,2,6,CL 167D - KR 7F,e3f8831a-6dfe-43ed-9c92-f27732d78d5b
"-74,02468392","4,703889173",15035,642A01,Br. Delicias del Carmen,4,2,6,KR 3A - CL 127 AbisA,ea184853-1e8a-420e-ac82-b569c7dd1fb8
"-74,02443188","4,705060745",15036,510A01,Salón Comunal Pañuelito,4,2,6,CL 127C - KR 2B,d16b0d11-905b-43cc-8bf6-8c8c4a94793f
"-74,02376148","4,741353565",15037,096A01,Santa Teresa,4,2,6,CL 165 - AK 7,7c1805ed-1924-462b-9aef-aca427e2c091
"-74,02353078","4,703851396",15038,507A01,Br. San Gabriel Norte I,4,2,6,CL 127 A Bis - KR 2A,6d4185d1-7a49-4d10-bb1a-a256c3fd9024
"-74,02340608","4,668029404",15039,592A01,Br. San Luis - Altos del Cabo,4,2,6,DG 95 - KR 5 E,57d4226e-d786-4615-8074-b1835d5b005f
"-74,02329018","4,74486607",15040,610A01,Br. Santa Teresa,4,2,6,CL 167D - AK7,84739f41-f360-4204-a362-dc4148e637f6
"-74,02285373","4,665352179",15041,593A01,Br. La Esperanza Nororiental,4,2,6,CL 94A - KR 7A E,0ddce344-b955-4b9d-94bc-3b6186671eba
"-74,02279257","4,672683191",15042,590A01,Br. San Isidro,4,2,6,DG 100A Bis - KR 3A Este,5a62c3da-7e2c-4bf6-ba85-7241da428f26
"-74,02203274","4,736727731",15043,410A01,Br. Terrazas de San Angel,4,2,6,CL 162A - KR 5-22/ 28,3a80c7f5-a6b8-4fbc-9717-c428b834d3ee
"-74,0219288","4,743245554",15044,416A01,Br. Soratama KR 6A,4,2,6,KR 6A - CL 166-40,6088f3ac-308b-403b-9196-9b31a10f285f
"-74,02189421","4,743402004",15045,417A01,Br. Bosque de Soratama,4,2,6,KR 6A - CL 166-48,ca4f8a11-613b-4095-a4f9-6ed85bd6cc65
"-74,02185067","4,736771427",15046,411A01,Br. La Perla Oriental,4,2,6,CL 162A - KR 5A-22,d69b24d1-54a2-4d61-ac19-acad12d79631
"-74,02174922","4,667786164",15047,653A01,Br. San Luis Altos del Cabo,4,2,6,CL 96A - KR 6,c5d942c4-7f66-4cd5-ae3e-accfc8919a7a
"-74,02113334","4,734994024",15048,409A01,Br. Villa Nidia,4,2,6,CL 161 - KR 4-37,869648ee-9e0f-4fb3-aa58-cc4eae06a2a3
"-74,02107096","4,735070323",15049,408A01,Br. Villa Nidia,4,2,6,CL 161 - KR 4-12,260d57e3-cc5e-46f0-9326-becfbb712582
"-74,02088852","4,743323546",15050,608A01,Br. Soratama CL 167,4,2,6,CL 167 - KR 5,e19cb0a6-d3b9-4535-8a66-5fc9376065e4
"-74,02070578","4,743340419",15051,605A01,Br. Soratama CL 167,4,2,6,CL 167 - KR 4,1cff9bd9-1dc4-41b9-90c8-b23900ac89c5
"-74,02057651","4,734322356",15052,619A01,Br. Cerros Norte KR 3,4,2,6,KR 3 - CL 160B,a8b32502-143b-4c64-84a7-34c499ebf3eb
"-74,02054865","4,734267841",15053,618A01,Br. Cerros Norte KR 3,4,2,6,KR 3 - CL 160B,e04dcb65-7ddf-4de9-be06-c836eb2c76c6
"-74,0203853","4,74276881",15054,418A01,Br. Soratama KR 4,4,2,6,KR 4 - CL 167,f1d1f20e-9bbb-4e51-b415-b3bdc7a8a2bc
"-74,0203341","4,667733005",15055,654A01,Br. San Luis Altos del Cabo,4,2,6,TV 9 Este - CL 96B,de63e4cd-72d3-4fe1-9d2e-5f4308e6e56c
"-74,02033373","4,742837401",15056,419A01,Br. Soratama KR 4,4,2,6,KR 4 - CL 167,f1c591b0-ef51-44e2-9116-bc37c4f10f33
"-74,01997651","4,734131575",15057,406A01,Br. Cerros Norte KR 2,4,2,6,KR 2 - CL 160B-42,8511eb2f-cb1e-433e-a0ea-719d72cc3897
"-74,01977931","4,734334043",15058,407A01,Br. Cerros Norte KR 2,4,2,6,KR 2 - CL 160B,5a56645e-4bfe-40b0-a55d-e97e1e23d65d
"-74,01974071","4,670548173",15059,644A01,Br. La Sureña,4,2,6,CL 100B - KR 7 Este,bc4f579d-f634-4454-9af3-46bc22115281
"-74,01938237","4,673704585",15060,643A01,Br. San Isidro,4,2,6,Vía La Calera - KR 4 Este,61112ca7-65bc-4667-9e41-4db0ce046ef0
"-74,019216","4,668734",15061,513A01,Br. La Sureña,4,2,6,KR 10 Este - DG 97,9601c229-50ef-4276-8442-0d02558b3f0d
"-74,01919785","4,73321957",15062,485A01,Br. Cerros Norte Kr 1A BIS (Validado con dirección),4,2,6,KR 1A BIS - CL 160B,5953122e-9d2f-424d-886d-efe9c1d84ee6
"-74,01914281","4,667396295",15063,594A01,Br. San Isidro,4,2,6,KR 11 E - CL 96C,2c50e7cf-ae0c-4dd9-a823-ef8bdc2ad012
"-74,01912262","4,733297673",15064,526A01,Br. Cerros Norte Kr 1A BIS,4,2,6,KR 1A BIS - CL 160B,9ada5a8b-ed31-4fad-a10c-60c3035f690b
"-74,01895713","4,742810673",15065,607A01,Br. Soratama CL166A,4,2,6,CL 166A - KR 3,5a0105bd-830c-4ed6-902c-6a465b963d16
"-74,01889155","4,742741506",15066,606A01,Br. Soratama CL 166A,4,2,6,CL 166A - KR 2B,bac67365-bc0d-4fe6-a19b-3e36f2ab7cdf
"-74,01883428","4,732619535",15067,486A01,Br. Cerros Norte Kr 1  (Validado con dirección),4,2,6,KR 1 - CL 160B-82,71a9937f-a016-4379-b3f9-78503bce7947
"-74,01850938","4,732867687",15068,525A01,Br. Cerros Norte Kr 1  (Validado con dirección),4,2,6,KR 1 - CL 160B,788a9cb3-33e0-4aa2-84a5-ab94dcfb163e
"-74,018266","4,671027",15069,511A01,Br. La Sureña,4,2,6,KR 9 Este - CL 102,6e09326a-85fc-4cf0-b39d-7891b9420b14
"-74,01794604","4,732716711",15070,560A01,Br. Cerro Norte KR 1 ESTE,4,2,6,KR 1 Este - CL 161,ff0b8b18-6a0b-4f58-ade6-7c6ecd136a56
"-74,01792373","4,73289812",15071,561A01,Br. Cerros Norte KR 1 Este,4,2,6,KR 1 Este - CL 161,fd46705c-7ac3-4ac3-a3a9-a5efb2f9891d
"-74,01770485","4,67255791",15072,645A01,Br. San Isidro,4,2,6,Vía La Calera - KR 8 Este,eeafb3b7-8f69-464e-8a9f-7a3193602918
"-74,01757982","4,732496073",15073,562A01,Br. Cerros Norte KR 1A ESTE,4,2,6,KR 1A Este - CL 161-18,cb93a97d-dd17-4f42-980e-f395b2452927
"-74,01754371","4,732594359",15074,559A01,Br. Cerros Norte KR 1A ESTE,4,2,6,KR 1A Este - CL 161,b3b2ebc9-72c5-438a-b8cf-aac3b1ff2119
"-74,0174908","4,742787643",15075,494A01,Br. Soratama KR 2,4,2,6,KR 2 - CL 167,51f1f8f5-e1d3-4a1f-a834-19f83d9028f0
"-74,01745302","4,742702216",15076,493A01,Br. Soratama KR 2,4,2,6,KR 2 - CL 166A-54,4bdc6b9d-cfd1-4045-86d9-83f3174949d7
"-74,01704682","4,731956262",15077,489A01,Br. Cerros Norte  Kr 2 Bis Este (Validado con dirección),4,2,6,KR 2 Bis Este - CL 161-15,8b3c8e22-adc6-497d-ba8f-6b7f7d35677c
"-74,01699387","4,73184543",15078,488A01,Br. Cerros Norte Kr 2 Bis ESTE,4,2,6,KR 2 Bis Este - CL 161,b7615171-be95-41ee-9ad8-9e74b128e6a3
"-74,01659879","4,731610551",15079,563A01,Br. Cerros Norte KR 2B ESTE,4,2,6,KR 2B Este - CL 161-18,0906e5f3-c8de-4299-9472-9aeb1f2edddf
"-74,0165643","4,731691405",15080,558A01,Br. Cerros Norte KR 2B ESTE,4,2,6,KR 2B Este - CL 161,dcd3c47d-b031-413f-9bb7-3257deee9874
"-74,01655677","4,742288367",15081,496A01,Br. Soratama KR 1 (Validado con dirección),4,2,6,KR 1 - CL 167,ffeba733-581b-4086-b9e2-c4d2287e6c8f
"-74,01654182","4,67051176",15082,516A01,Iglesia Santa María del Monte,4,2,6,KR 11 Este - Vía La calera,986ef957-974b-452a-a7c0-933cf8e4bbd5
"-74,01653843","4,742205697",15083,495A01,Br. Soratama KR 1 (Validado con dirección),4,2,6,KR 1 - CL 166A,fe457b7c-7216-4150-91f9-4014225c02a5
"-74,01638177","4,730541849",15084,556A01,Br. Cerros Norte KR 3 ESTE,4,2,6,KR 3 Este - CL 161-13 AL LADO,aeed1231-b5ad-433c-8e5d-0e2847dab1d7
"-74,01629834","4,730638169",15085,555A01,Br. Cerros Norte KR 3 ESTE,4,2,6,KR 3 Este - CL 161,cb273c6b-ba30-437d-ae3a-f8ac516f1ed2
"-74,01608506","4,729528956",15086,483A01,Br. Cerros Norte Kr 3A E (Validado con dirección),4,2,6,KR 3A E - CL 160A-11,2d4ff4a7-c1bf-4eed-bb92-261c39bcd0ab
"-74,01600593","4,729531814",15087,484A01,Br. Cerros Norte Kr 3A E,4,2,6,KR 3A E - CL 160A,11300621-bbf8-45c9-a915-4e220d980d3a
"-74,01560272","4,742862399",15088,498A01,Br. Soratama CL 167 (Validado con dirección),4,2,6,CL 167 - KR 1 Este,5d90d634-1b80-439e-b056-f2c6880545e5
"-74,01555241","4,742189199",15089,497A01,Br. Soratama CL 167 (Validado con dirección),4,2,6,CL 167 - KR 1 Este,4d7b79fe-e3f6-4f7e-843d-d22eab3e1166
"-74,01554209","4,728868549",15090,620A01,Br. Cerros Norte KR 4 Este,4,2,6,KR 4 Este - CL 160A,d7e0bf9c-cfcf-4316-9d69-a66dd95991e2
"-74,01515173","4,729328798",15091,557A01,Br. Cerros Norte KR 4 Este,4,2,6,KR 4 Este - CL 160A Bis,75bb4d47-7ac3-4004-9b59-d9b1bd952795
"-74,12903082","4,630104452",15092,061B07,Estación Marsella,4,2,6,AV. Américas - KR 69C (Paralela),5c71714c-5257-4d2f-af28-fc10c04768a3
"-74,1403723","4,697682808",15093,377D05,Aeropuerto El dorado,4,2,6,Aeropuerto Eldorado,b9372a35-6fac-4ff9-9e84-844231960054
"-74,17324732","4,618633186",15094,633A08,Br. Gran Britalia,4,2,6,KR 80H - CL 51A Sur,09849767-a71c-429d-aa7c-564cbeb765cb
"-74,17286006","4,618818231",15095,634A08,Br. Gran Britalia,4,2,6,KR 80H - CL 51 Sur,a6f05f5f-faff-4292-abaf-335c6159f3ab
"-74,11308918","4,547387468",15096,243A12,CED San Agustín,4,2,6,CL 49D Sur - TV 5C,11b17de5-3d0e-46fb-bf08-0f602d4767a0
"-74,11272492","4,54590829",15097,520A12,Br. La Reconquista,4,2,6,CL 49D Sur - KR 5,4472e84a-b990-4235-9f83-dda69eca9281
"-74,11250904","4,545855903",15098,244A12,Centro Educativo Fe y Alegría,4,2,6,CL 49D Sur - KR 4B,11464655-8238-419b-9c94-261c718779c8
"-74,10943177","4,54061725",15099,490A12,Br. Palermo Sur,4,2,6,KR 2B Este - CL 51A Sur,be990f0f-e160-4206-abcc-7b990ec78d89
"-74,10763778","4,541585983",15100,489A12,Br. Palermo Sur,4,2,6,KR 2B Este - CL 49CBis Sur,6f3aa4eb-4fff-4cdf-8513-fea63b3fd104
"-74,04536059","4,688128991",15101,549A01,Br. Rincón del Chicó,4,2,6,CL 104 - KR 14,c021e411-ee08-4538-945f-11aafa4e4333
"-74,094135","4,572492",15102,544A13,Urbanización Calima,4,2,6,CL 23 Sur - KR 7B,e212f6d9-238b-437c-81ac-c7e5d832f1de
"-74,09256907","4,560552363",15103,554A13,IED José Joaquín Castro,4,2,6,KR 2 Este - CL 31B Sur,491757b2-b5fc-4b34-b72b-ee33f3597e15
"-74,0924337","4,568411092",15104,546A13,Br. Montebello,4,2,6,KR 2B - CL 26 Sur,3b6e7c5c-b5a3-421f-8d93-fe9a2bf7ddd8
"-74,09242869","4,568286653",15105,545A13,Br. Montebello,4,2,6,KR 2B - CL 26 Sur,16e3f7c9-943d-4765-bf1f-16d320ad6b24
"-74,09192731","4,563621082",15106,551A13,Br. Bello Horizonte,4,2,6,KR 1 - CL 30 Sur,7b7495fc-2d42-46de-b8fc-8f6cc677d936
"-74,09107367","4,562155922",15107,553A13,Br. Bello Horizonte,4,2,6,KR 2 Este - CL 30A Sur,bfc6e0c8-b484-4ceb-bc6c-6d15022d7168
"-74,09013542","4,561371466",15108,552A13,Br. Santa Inés Sur,4,2,6,KR 3A Este - CL 30A Sur,85dfabe4-47d7-400b-ba3f-72e3649fb223
"-74,09011763","4,568067709",15109,321A13,Br. Montebello,4,2,6,CL 24A Sur - KR 1A,a8376060-0ffe-4b0b-a9b0-21ac93272bfc
"-74,09011752","4,568202328",15110,318A13,Br. Montebello,4,2,6,CL 24A Sur - KR 1A,a306e229-6e11-4512-8cae-729ff904987a
"-74,0897453","4,565708352",15111,548A13,Br. Córdoba,4,2,6,KR 1 Este - CL 27 Sur,e6ad98e7-2838-4851-a55d-d23b70626473
"-74,08944851","4,563217682",15112,550A13,Br. Córdoba,4,2,6,KR 2A Este - CL 28 Sur,634cdd2c-4a41-475f-992a-636a1689c82d
"-74,08904472","4,565610442",15113,549A13,IED Tomás Rueda Vargas,4,2,6,CL 27 Sur - KR 1A Este,a44920ae-c36b-4c81-b0e0-d2dba503970d
"-74,08831244","4,568633092",15114,214A13,Br. Granada Sur,4,2,6,CL 21 Sur - KR 1,ef1ca769-43b7-498f-9efa-7ae028dc4627
"-74,08770174","4,566643576",15115,547A13,IED Montebello,4,2,6,CL 24A Sur - KR 1B Este,ad618854-3591-4208-a275-3c6c80ad13af
"-74,08759702","4,566827244",15116,319A13,IED Montebello,4,2,6,CL 24A Sur - KR 1B Este,648d35f9-313c-4695-af75-4107e9e284cb
"-74,17447672","4,637008045",15117,635A08,Br. Las Vegas,4,2,6,KR 89C - CL 42G Sur,73e7a6d8-fbfd-4120-b369-a95640248ceb
"-74,08868125","4,561174281",15118,556A13,Santa Inés Sur,4,2,6,CL 30 Sur - KR 5 Este,1102f127-32ed-4c54-b3b8-28509c219053
"-74,08781944","4,562621283",15119,555A13,Br. Santa Inés Sur,4,2,6,KR 5 Este - CL 28 Sur,0f923e6a-4319-48bf-bb82-50087dfd23b7
"-74,087493","4,563206191",15120,557A13,Santa Inés Sur,4,2,6,KR 5 Este - CL 27A Sur,94ec9cbd-49b5-42c5-8358-80857fa07785
"-74,08063768","4,580177767",15121,280A13,Br. Altos del Sol,4,2,6,DG 6 Sur - KR 2A,fd584e19-26d2-4232-855c-ce55069a78b5
"-74,07943467","4,582286441",15122,281A13,Calle Primera,4,2,6,KR 3 - CL 1,c1e29a6b-4828-4308-bc5a-6cbe17636eba
"-74,07733272","4,585285127",15123,330A13,Condominios San Sebastián,4,2,6,KR 3 - CL 1C,8f14119f-340a-4c25-9e33-914dd23ab339
"-74,07585685","4,587137406",15124,539A13,CAI Girardot,4,2,6,CL 2A - KR 2,e2ed2287-c6aa-4e7f-b160-a8c976ffb115
"-74,06748864","4,606936048",15125,504A00,U. Jorge Tadeo Lozano,4,2,6,KR 4 - CL 22,d9b3ff5f-a253-498f-a4e1-aedf817897e6
"-74,14825715","4,507525154",15126,562A11,Br. El Paraíso,4,2,6,CL 89 Sur - KR 18F,0d6b60f0-16e5-4202-8610-b393b1fc8590
"-74,166335","4,680992",15127,339A07,Br. El Charco,4,2,6,CL 14B - KR 123,5cadb777-056d-4314-a8f4-fb0202c558d9
"-74,104042","4,546622",15128,335B12,Br. Diana Turbay Arrayanes,4,2,6,CL 48Q Sur - KR 1 Este,8a62644d-70b0-492d-af87-e49204adca0f
"-74,175809","4,59758",15129,614A09,Terminal del Sur,4,2,6,Terminal Sur,31e044fe-1795-45a0-8f60-394af7b89d58
"-74,0393296","4,744387096",15130,589A01,Urb. El Toberín,4,2,6,KR 16C - CL 164,ef0e2a25-605c-487c-8719-58753c9daad7
"-74,14938028","4,687511262",15131,251A06,IED Atahualpa,4,2,6,AK 116 - CL 22F,9e2b539a-5525-4639-bde7-fc8d4dc19103
"-74,06595766","4,616681523",15132,843A00,Br. La Perseverancia,4,2,6,CL 31 - KR 4C,1f16d28b-2dc0-4e3f-a0dd-339acfb0fc46
"-74,06593911","4,613438196",15133,845A00,Br. La Macarena,4,2,6,KR 4 - CL 26B,5989275f-c479-494a-b023-c826f9b8c328
"-74,06489977","4,615977352",15134,844A00,Br. La Macarena,4,2,6,KR 4 - CL 30A,b87d021b-0f7d-42c6-8ceb-f6b2b7f3adcd
"-74,1265604","4,683697953",15135,333A06,Br. Puerta de Teja,4,2,6,CL 25G - AK 96,40f61b3a-7801-4f88-8cde-a6f0a626b016
"-74,12623606","4,565981752",15136,588A11,Br. El Puerto La Loma se San Carlos,4,2,6,Av. Caracas - DG 51 Sur,6109331d-5eb5-44a0-9cc8-33ee32bca0de
"-74,1271473","4,566802726",15137,587A11,Av. Caracas,4,2,6,DG 51B Sur - KR 17,03245abc-d5d6-4f7d-8e36-2f7d65f88815
"-74,11800484","4,534559325",15138,123A12,Ciudadela Nuevo Milenio,4,2,6,CL 65 Sur -  KR 1 Este,a77c19e3-9238-4965-a6d5-2809d76bafa7
"-74,11549697","4,532728025",15139,012A12,Br. El Porvenir II Sector,4,2,6,KR 7H - CL 65GBis Sur,9542e42d-100a-4d49-8a62-849d6d2c9977
"-74,11467882","4,527582386",15140,511A12,Br. Duitama,4,2,6,TV 7B - CL 68 Sur,5b44ba44-778f-4734-a77a-7fd6906d41dd
"-74,11490206","4,526692025",15141,218A12,Br. Santa Martha,4,2,6,CL 68B Sur - KR 8A,66813ab0-b573-4b47-8afe-4fab8fa8297e
"-74,11713769","4,526703171",15142,121A12,Br. Santa Martha,4,2,6,CL 68B Sur - KR 9B,d26c545b-2c75-4442-b50f-25acf1a38cd5
"-74,07426137","4,569354923",15143,562A13,IED Pantaleón Gaitán,4,2,6,CL 13A Sur - KR 18 Este,1a15691b-cd44-4342-a111-dc3a0a27896d
"-74,07308432","4,569157235",15144,563A13,Br. San Cristóbal Alto,4,2,6,CL 13A Sur - KR 18A Este,d2eb6447-b682-4bf9-ad7c-d4646f552ee7
"-74,07456323","4,718329444",15145,615A03,Br. Niza Norte,4,2,6,CL 128B - TV 60,910cd067-731d-4319-a2e5-1a7c8660270e
"-74,11014387","4,619633048",15146,382A07,Br. San Francisco,4,2,6,KR 43B - CL 5A,94e6edcb-449a-4527-a86d-df01c6232d6e
"-74,1289193","4,564694476",15147,583A11,Br. San Carlos,4,2,6,KR 15 - CL 54 Sur,0465a1e0-abed-4002-8956-f146b8330502
"-74,12490244","4,559069449",15148,584A11,Br. Abraham Lincoln,4,2,6,CL 53 Sur - KR 11A,2b86f21a-92a5-4d10-97e6-db9b78e38234
"-74,12204757","4,555651401",15149,585A11,Alcaldía Local de Tunjuelito,4,2,6,KR 7 - CL 52 Sur,c0939e46-528f-490b-8329-a3ce5e83d02c
"-74,131074","4,565673326",15150,586A11,Br. San Carlos,4,2,6,CL 55 Sur - KR 18,0d80faf3-1a62-408f-bf0d-00def079a2de
"-74,13061589","4,564233203",15151,589A11,Br. San Carlos,4,2,6,KR 17 - CL 55 Sur,24c62043-692a-4812-994c-81752d44fbfb
"-74,10248621","4,610948683",15152,383A07,Br. Pensilvania,4,2,6,AC 6 - KR 34A,21e3fee3-d933-47da-9d84-86d9984967eb
"-74,10492038","4,615199267",15153,384A07,Br. Los Ejidos,4,2,6,AC 6 - KR 38,181c97c2-cfdb-43f9-a817-c5787e036460
"-74,07676019","4,654135715",15154,849A00,Br. Benjamín Herrera,4,2,6,KR 28A - CL 63B,46928a27-d4aa-4c14-8792-79a376f1085d
"-74,12316071","4,555581665",15155,571A11,Br. Tunjuelito,4,2,6,KR 7A - CL 53 Sur,fbf85e21-6281-4f73-a6f4-127422af8ea0
"-74,17247405","4,637535668",15156,355A08,Br. Altamar,4,2,6,KR 89C X CL 42A Sur,d91e0260-6ab0-495c-9080-f190f338bc90
"-74,13629692","4,682653753",15157,073A06,Br. La Cabaña,4,2,6,KR 103 - KR 23I,29a8e5d0-d01e-4a4a-bfdb-61960293ec8b
"-74,13464594","4,684825429",15158,047A06,Br. San José De Fontibón,4,2,6,KR 103 - KR 24B,57643543-327d-498f-ab16-9de90186f2f8
"-74,20591461","4,609565918",15159,146A09,IED Cafam La Esperanza,4,2,6,CL 78 Sur - KR 79,d67c3f22-d93d-46e7-b043-e81d6939d504
"-74,20855362","4,607088154",15160,120A09,Urb. La Esperanza,4,2,6,CL 78 Sur - KR 77K,6e83d084-620d-4a76-b916-74ed8478a2a6
"-74,20865839","4,606751577",15161,119A09,Br. La Primavera,4,2,6,CL 78 Sur - KR 77K,a99b8578-b712-40af-b282-8835f53c7138
"-74,11370084","4,560298863",15162,394A12,Br. Zarazota I,4,2,6,KR 9 - CL 48D Sur,cc00247c-0a7d-4797-9f0b-c7ad816dcce8
"-74,1138194","4,561414625",15163,396A12,Br. Zarazota I,4,2,6,CL 48D Sur - KR 9BisA,09ef2ecf-740f-48f0-a014-42f386d85f61
"-74,08444431","4,572387844",15164,431A13,Parque San Cristóbal,4,2,6,CL 18 Sur - KR 3E,e354c5ca-6b97-4f67-bb74-2b6731c61398
"-74,08262911","4,572552311",15165,432A13,C.R. Caja Social de Ahorros,4,2,6,KR 3G E - CL 12D Sur,84bfe991-6e97-4786-8bbe-8a87a45135c5
"-74,20527783","4,635896593",15166,470A08,Ciudadela El Recreo,4,2,6,KR 102 - CL 72 Sur,00430f31-9b68-41e8-a993-57141a0d9ec8
"-74,20237166","4,637303379",15167,600A08,Ciudadela El Recreo II,4,2,6,KR 102 - CL 69 Sur,7942d65f-726e-44bd-a0d3-e43201bb4b1b
"-74,20102547","4,606364444",15168,488A09,Br. Villa Anny I y II,4,2,6,DG 73D Bis Sur - KR 79 Bis A,0b473013-9b39-45db-be2a-35e59ee8ab23
"-74,18732898","4,621799729",15169,585A09,Hospital Pablo VI Bosa,4,2,6,KR 87 - CL 58D Bis Sur,39de75b7-d3dd-4a19-a769-e58fb1292783
"-74,17415418","4,619479337",15170,563A08,Br. Gran Britalia,4,2,6,CL 51 C Sur - KR 81,26e730c5-f3fd-4401-ba55-00015c92653b
"-74,16916288","4,585431323",15171,332A10,Br. Ismael Perdomo,4,2,6,CL 64 A Sur - KR 73-52,40c40a01-868c-498b-bbea-1e34fed0e00b
"-74,16896256","4,591782658",15172,282A10,Br. Barlovento,4,2,6,KR 73 - CL 60A Sur,70f1bcd7-cc1d-4753-a1cd-9d5ad407188f
"-74,16895668","4,589011785",15173,194A10,Urb. Calabria,4,2,6,KR 73 - CL 62 D Bis A Sur,ec2beb87-e26c-4a75-adea-98d097409994
"-74,16886735","4,594468361",15174,279A10,Br. Barlovento,4,2,6,KR 73 - CL 57R Sur,09f0d02d-f7c1-454a-bef5-ef62418c628e
"-74,16746841","4,574713809",15175,326A10,Br. Sierra Morena III Sector,4,2,6,CL 75A Sur - TV 59,ca5d3100-90b4-4cb9-a694-59a2bb94556a
"-74,16725643","4,574615125",15176,327A10,Br. Sierra Morena III Sector,4,2,6,CL 75A Sur - TV 59,acf03f3a-86bf-41bf-9d4f-2ca0b82cde7a
"-74,16696615","4,573144074",15177,328A10,Br. Jerusalén Las Brisas,4,2,6,TV 50 - CL 75A Sur,93b48c75-f851-4b0d-9bbf-581a381b1ccb
"-74,16694413","4,57301726",15178,329A10,Br. Jerusalén Las Brisas,4,2,6,TV 50 - CL 75A Sur,fbcb24af-0e5f-4924-8c76-491dd146883e
"-74,16689917","4,586909954",15179,211A10,Br. Ismael Perdomo,4,2,6,KR 72 - 63A-25,7b235646-8d65-4701-a0df-b571f826c220
"-74,157246","4,685758",15180,336A06,Urb. Fuengirola,4,2,6,KR 120 - CL 17,7928279e-35f6-4e90-8b2b-82fac22a456d
"-74,155126","4,684987",15181,335A06,Br. San Pablo Jericó,4,2,6,CL 17D - KR 117,4b515988-cc6e-4451-9587-778223efc1f7
"-74,153723","4,647619",15182,157A07,C.R. San Luis de Castilla,4,2,6,CL 7 - KR 87 B,22c8f493-9291-4420-92cc-6b636ebc2fe0
"-74,153813","4,647973",15183,156A07,C.R. San Luis de Castilla,4,2,6,CL 7 - KR 87 B,41214fe8-ae56-4457-af1b-f06465bdb051
"-74,151792","4,57048",15184,221A11,Br. Candelaria La Nueva,4,2,6,CL 64 Sur - KR 37A,3ed5941a-38b8-42ed-abeb-f240c908f925
"-74,151671","4,570274",15185,222A11,Br. Candelaria La Nueva,4,2,6,CL 64 Sur - KR 37B,f0a6c5e6-af3c-4767-af78-f91660dcae00
"-74,15184132","4,648229661",15186,300A07,Torres de Nueva Castilla,4,2,6,KR 87B - CL 8A,8da3c2be-115a-4cf7-876c-31a05e158158
"-74,15175932","4,64814766",15187,301A07,Torres de Nueva Castilla,4,2,6,KR 87B - CL 8,4a9dc878-0510-4d98-a3e3-f07a7defead7
"-74,15047008","4,681473882",15188,303A06,Br. Villa Carmenza,4,2,6,KR 111A - CL 18,8f127aba-4f30-4ba6-a710-13635826160f
"-74,14538502","4,685766909",15189,300A06,Urb. El Chital,4,2,6,KR 111A - Calle 22J,6d46c1d6-f6b9-4d87-be92-4d5ca18273d1
"-74,1448809","4,559046233",15190,464A11,Desarrollo San Luis,4,2,6,TV 18R CL 65 Sur,53d0b6a9-7e26-4894-9054-0dcc7803afb2
"-74,14375458","4,557127575",15191,500A11,Br. Acacias Sur,4,2,6,KR 18Q Bis - CL 63F Sur,2b52acc0-a73d-4f41-9059-b9a34c405d83
"-74,14345773","4,557388007",15192,503A11,Br. Acacias Sur,4,2,6,KR 18Q Bis - CL 63F Sur,4b121cd0-88c8-4cdf-90d7-18b50e43f45d
"-74,147913","4,567849",15193,323A11,Br. Candelaria La Nueva,4,2,6,CL 64 Sur - KR 23A,455ceffb-57d3-43ce-b5a3-f22b5a44b203
"-74,14215938","4,557032289",15194,502A11,Br. Gibraltar II,4,2,6,KR 18P - CL 63A Sur,6a84b169-8472-4b27-b190-4888aa29e47d
"-74,14193785","4,557043774",15195,501A11,Br. Gibraltar II,4,2,6,KR 18P - CL 63 Sur,8d94e0a9-ae2f-4f5e-80f9-4253c75c778e
"-74,1408752","4,698039653",15196,377B05,Aeropuerto El dorado,4,2,6,Aeropuerto Eldorado,dd7ad405-b0a4-49d8-b3fd-4a3c53891fe4
"-74,13956897","4,637271507",15197,047A07,Br. El rincon de Los Angeles,4,2,6,AC 8 - KR 73,0e36ddb4-70b2-41bc-a544-fde0ef572b1a
"-74,13890944","4,710552652",15198,220A05,Br. Linterama,4,2,6,TV 113F - CL 64B,54d1d881-b637-4f5a-b141-f2b551ef0529
"-74,13846994","4,636943499",15199,053A07,Br. Las Dos Avenidas,4,2,6,AC 8 - KR 72B,cf02709b-193d-43cb-80dd-94373eaf16fd
"-74,1330489","4,68693762",15200,049A06,Urb. Parque Afir,4,2,6,KR 103 - CL 25CBisA,02daf481-a381-4dbf-a5c7-c87dcca32a4e
"-74,13460694","4,713842793",15201,227A05,Br. Villa Teresita,4,2,6,CL 70A BIS - KR 115D,98393279-442e-474a-81de-4acf2eb2f541
"-74,13085737","4,62502247",15202,140A08,Unidad Educativa Jean Piaget,4,2,6,AC 3 - KR 69F,3459be79-2fb9-45d6-88f7-9a5e6cefa14c
"-74,12926345","4,625574104",15203,503A08,Br. Hipotecho Cl 3A,4,2,6,KR 69B - CL 3A,3abcb643-24cb-4a7e-ab1e-bcee7e678cf9
"-74,12910569","4,627140898",15204,504A08,Br. Hipotecho Cl 5,4,2,6,KR 69B - CL 5,ebfe3a14-6fa1-4b4f-a5ff-68d52cadcedd
"-74,12891722","4,628986831",15205,505A08,Estación Marsella,4,2,6,KR 69B - AV. Américas,04717943-5133-439c-9ed1-1340cec392fa
"-74,128326","4,716248",15206,043A04,Br. Bosques de Granada,4,2,6,KR  114 - CL 72G,d5fa39ad-db27-4cfc-b61b-6ba1f5ffe338
"-74,125945","4,717904",15207,042A04,Br. Bosques de Granada,4,2,6,KR  114 - CL 75C,e436b3d9-0744-4951-83f3-4b539979d5dd
"-74,128578","4,716172",15208,040A04,Br. Villas de Granada,4,2,6,KR  114 - CL 72G,41a123af-84e5-4914-85eb-f6bb88761f85
"-74,123457","4,71875",15209,041A04,Parque Bosques de Granada,4,2,6,CL 78 - KR 113,7922210b-f3e7-4515-9bda-e7221cfbd248
"-74,121824","4,616036",15210,474A08,Br. Galán,4,2,6,CL 2 - KR 54,17febadc-41d6-4f5e-bc9f-b5720e72ee69
"-74,12162","4,613654",15211,522A08,Br. La Camelia,4,2,6,TV 53A - CL 1,ef821486-e3f2-4e94-8270-26ba5061b1d7
"-74,121544","4,613419",15212,523A08,Br. La Camelia,4,2,6,TV 53A - CL 1,4459f482-1c11-4546-a6a9-2551a0a97217
"-74,120053","4,614482",15213,480A08,Br. Galán,4,2,6,CL 2 - TV 53A,eac59d75-5c47-4a0a-9e8c-0f0f191bc1f6
"-74,120126","4,614671",15214,481A08,Br. Galán,4,2,6,CL 2 - TV 53A,cd25520f-7891-4e39-a28e-caaea5adfa7f
"-74,11771","4,577168",15215,382A11,Urb. Quiroga Etapa VIII,4,2,6,CL 36 Sur - KR 19,834df24e-a201-4cde-9837-270b2c31e428
"-74,11555047","4,62446178",15216,259A07,Br. San Gabriel,4,2,6,KR 56 - CL 5A-29,79dbed66-d7c3-45b2-b503-0d13f805a464
"-74,11490696","4,679179747",15217,408A05,San Cayetano Norte,4,2,6,CL 52A - KR 85F,5edc7cfd-9dec-4fce-bdec-2e6ed0130519
"-74,11489575","4,581751872",15218,391A11,IED Clemencia de Caicedo,4,2,6,KR 23C - CL 31C Sur,b6c05fb2-0b2f-40b3-b986-394a5eeea009
"-74,114209","4,626019869",15219,265A07,Br. San Rafael Industrial,4,2,6,KR 56 - CL 5C-62,7d7f0f98-fd4c-4921-ae42-a99a2b833f4e
"-74,105562","4,655704",15220,179A06,Estación El Tiempo Maloka,4,2,6,AC 26 - KR 68B,c1cd5396-07eb-4111-b6da-6eae6efe3aca
"-74,107367","4,65846",15221,178A06,Cámara de Comercio de Bogotá Sede Salitre,4,2,6,AC 26 - KR 69,02e56bc1-55fc-4d16-85e3-87a848508e15
"-74,113692","4,652318",15222,172A06,Terminal de Transporte,4,2,6,CL 22C - KR 68F,434a4ffe-3a38-4d93-998f-225ec278fcc1
"-74,112264","4,652017",15223,278A06,Ciudad Salitre 3ra Etapa,4,2,6,KR 68D - CL 22B,ba456737-ea49-499a-afab-bced1e0b87ed
"-74,106331","4,675833",15224,395A05,Br. Normandia IV Sector,4,2,6,KR 73A - CL 56A,8fadb9ff-0aa7-427f-af5a-309bc9518e07
"-74,111555","4,714972",15225,298A04,Urb. Bochica III,4,2,6,CL 82 - KR 102,b9ae02d4-8c60-47b6-9123-0914459a3947
"-74,110416","4,654317",15226,279A06,C.C. Salitre Plaza,4,2,6,KR 68D - AV. Esperanza,789fd5ae-f018-49ef-b507-9214766c56b1
"-74,10917205","4,692690774",15227,337A05,Br. Florida Blanca,4,2,6,CL 69A - KR 87,02013001-8519-47c7-9418-a1cddee05a94
"-74,12684133","4,705912647",15228,482A05,Br. Bolivia,4,2,6,CL 70 - KR 109,77c8517e-e1a5-4b14-b8f4-b6060b35c906
"-74,11087311","4,693682196",15229,481A05,CAI Florida,4,2,6,CL 69A - KR 89,18ae7551-dc0e-4189-bb50-3cc2a1b778e1
"-74,104668","4,678165",15230,274A05,Br. El Encanto,4,2,6,KR 73A BIS - CL 64A,e659476e-63cc-47e3-9e72-287f3f7380a7
"-74,104124","4,68026",15231,276A05,Br. El Luján,4,2,6,CL 64F - KR 74 Bis,2bb5ef29-9b1a-4b56-8e2b-16dc4ef59a49
"-74,10320642","4,498370624",15232,372A12,Br. Nuevo Progreso,4,2,6,KR 6E - CL 92 Sur,ae517b9b-1870-47b4-932a-e7058576446b
"-74,09537474","4,594751669",15233,427A00,Br. El Vergel,4,2,6,TV 22 - CL 1D,f2b7426d-46fc-458c-8ca0-786feaf5e5b3
"-74,094162","4,73766",15234,381A03,Urb. La Trinitaria,4,2,6,CL 136 - KR 100,a7ad2401-845a-4b3a-b893-11b25c7e6a75
"-74,092589","4,737139",15235,389A03,Urb. San Jorge,4,2,6,CL 136 - KR 98B,4fcccd45-9ed8-42d2-8b9f-17cc6a1499fd
"-74,092411","4,733966",15236,388A03,Urb. La Chucua,4,2,6,KR 97 - CL 132Bis,985b6080-ac71-489a-8429-4d794d1bf1a0
"-74,09198006","4,743933292",15237,397A03,Br. El Poa,4,2,6,KR 101 - CL 147,faa04007-63f6-4e6a-96dc-92f304944789
"-74,09092892","4,523354308",15238,138A13,Br. Juan Rey,4,2,6,CL 70 Sur - KR 12A E,99b53a78-f22a-43c1-9abf-1053630f9fe3
"-74,09092172","4,746421886",15239,506A03,Br. El Poa,4,2,6,CL 148 - KR 101,af566de4-c992-4865-8fa1-7ff82fee1e38
"-74,08960289","4,533086751",15240,148A13,Br. Los Libertadores,4,2,6,CL 56 Sur - TV 12B E,42ef9de6-d701-476e-8695-a10bf20903af
"-74,08948233","4,532941188",15241,147A13,Los Libertadores Sector La Colina,4,2,6,CL 56 Sur - KR 11B E,3ecd11f6-6fa5-4e5b-aab4-10b145e694ab
"-74,08859544","4,598268316",15242,443A00,Br. La Estanzuela,4,2,6,AK 18 - CL 5,a2538dc4-15a2-4834-b58d-715ea18c76b6
"-74,08710871","4,744854655",15243,396A03,Br. El Poa,4,2,6,CL 148 - KR 97,b9b20501-c258-403e-b79c-e99e14f3010f
"-74,0863323","4,556910649",15244,453A13,Horacio Orjuela,4,2,6,CL 32B Sur - TV 8 Este,d0273979-577b-458c-85da-e06b1fb5ec8d
"-74,08338922","4,742202082",15245,577A03,Br. Tuna Alta,4,2,6,KR 90 - CL 147B,59aba90c-a5b1-4fdd-932b-7cad67122498
"-74,08332745","4,741596763",15246,462A03,Br. Tuna Alta,4,2,6,KR 90 - CL 147B,556ee4de-c867-418c-a1a4-6076d6c12ad4
"-74,08290534","4,744738959",15247,466A03,Casa Emaús,4,2,6,KR 90 - CL 149,fde8a358-9fb9-4ba6-a3e6-74d6a892f042
"-74,08267955","4,745430989",15248,576A03,Br. Suba Urbano,4,2,6,KR 90 - CL 150,39a95915-7c4e-45cb-bfbf-0d725173bc66
"-74,08177177","4,747890655",15249,487A03,Br. Suba Urbano,4,2,6,KR 90 - CL 152A,3e0af61b-e64f-4459-8d18-c154c7ae37f5
"-74,0817156","4,747831261",15250,488A03,Br. Tuna Alta Sector El Rosal,4,2,6,KR 90 - CL 152A,7e9e9cb9-08f0-4e64-80cd-9bd369f40a56
"-74,081961","4,577174",15251,274A13,Br. La María,4,2,6,KR 2 - CL 7A Sur,48500e06-66a5-4237-b97b-ead927525fb9
"-74,08129285","4,589464036",15252,478A13,Br. Las Cruces,4,2,6,CL 2 - KR 8,07e6e89d-8759-4ff4-8d85-e57f0bdd8aa3
"-74,08029748","4,749344181",15253,483A03,Colegio Veintiún Angeles,4,2,6,KR 90 - CL 154A,ece0b31a-064e-46f4-87ea-82e3c5c86918
"-74,0802817","4,749599395",15254,484A03,Colegio Veintiún Angeles,4,2,6,KR 90 - CL 154,427ef3b3-d298-4639-81a4-32cb8cf8d2b1
"-74,07953585","4,5751221",15255,481A13,Br. Buenos Aires II Sector,4,2,6,CL 9 Sur - KR 2 E,23f05d4c-523b-4ed2-8629-d6f50862a163
"-74,07906335","4,749099187",15256,590A03,Br. Tuna Alta,4,2,6,KR 88 - CL 154A,8c58f92b-856d-4dbd-bcb7-6dacf92160bd
"-74,07901776","4,749051491",15257,591A03,Br. Tuna Alta,4,2,6,KR 88 - CL 154A,a413e954-a181-4c5e-9eb7-dd8f55dbb3b9
"-74,0781971","4,750424706",15258,588A03,Br. Tuna Alta,4,2,6,KR 88 - CL 156,85c5e2e7-97c9-4eda-9293-ebde198790d4
"-74,078892","4,591874",15259,335A13,Iglesia de Santa Bárbara,4,2,6,KR 7 - CL 6A,4a9e8f29-ceda-4738-92e4-ddd71ff41038
"-74,07798087","4,750573286",15260,589A03,Br. Tuna Alta,4,2,6,KR 88 - CL 156A,9060e0ea-320d-469b-805f-5f01d60543c4
"-74,0776","4,571843",15261,268A13,Vitelma,4,2,6,CL 11 Sur - KR 10D Este,192656ee-d1f2-46f0-a8cc-c26985bd7132
"-74,077657","4,59406",15262,357A13,DIAN - Edificio Sendas,4,2,6,KR 7 - CL 6CBis,fa17f745-9641-4b39-92b6-ad75b7b5c9ee
"-74,071935","4,719397",15263,180A02,Instituto Sikuani,4,2,6,CL 129 - KR 59A,b2ade31c-0e6a-4eed-a379-bacbf3fdf6c4
"-74,07061837","4,58187545",15264,299A13,Br. Rocio Oriental,4,2,6,TV 8A Este - CL 1B,053d1bfd-cc2e-476a-9dd5-779a0fa04385
"-74,074104","4,720086",15265,181A02,Estación Suba Av. Boyacá,4,2,6,CL 129 - KR 59CBis,9d100757-ecd8-4393-b57c-2e375a779711
"-74,06982133","4,583355616",15266,303A13,Br. El Consuelo,4,2,6,KR 9 Este - CL 2,558ed0e3-6269-4f4d-bc27-f7238a09bf77
"-74,06945","4,619145",15267,139A00,Br. Samper,4,2,6,AC 32 - KR 13,9393ef40-5e25-49b8-bfce-46e92a25f0bd
"-74,06902572","4,584130624",15268,359A13,Br. Rocio Centro Oriental,4,2,6,KR 9 E - DG 2A,3e4b11f9-674d-4911-8fba-553134e75639
"-74,0677812","4,75218756",15269,238A02,Reserva de la Montaña,4,2,6,KR 74A - CL 167,216e9f18-8702-4f6f-975c-58881dc55c98
"-74,06776438","4,751927844",15270,239A02,Reserva de la Montaña,4,2,6,KR 74A - CL 167,d8616a85-f7c9-4b0b-abc4-6273f3267fea
"-74,06757234","4,620583395",15271,BD-002A,Br. Samper,4,2,6,AK 7 - CL 33,b4772ac4-45de-4bf5-a113-ebc665eeba69
"-74,06757026","4,625664316",15272,BD-028A,Br. Sagrado Corazón,4,2,6,AK 13 - CL 37,ef65c459-b387-419e-ad74-a9bfcefc779f
"-74,06739607","4,634947228",15273,691A00,Br. Palermo,4,2,6,AV. Caracas - CL 47,98d9e6b9-186f-4c33-aa64-70551d4fb250
"-74,06719921","4,634121944",15274,696A00,Universidad Católica de Colombia,4,2,6,AV. Caracas - CL 46,329d2977-cd64-4f9e-867a-07913278e309
"-74,06705315","4,636961497",15275,690A00,Estación Marly,4,2,6,AV. Caracas - CL 49,19dbf6ba-91db-4ef0-b6eb-45d2ac189a0e
"-74,06690596","4,636133427",15276,697A00,Br. Marly,4,2,6,AV. Caracas - CL 48,92e07afa-225c-4d1c-9db3-d13093d73601
"-74,06670794","4,622065954",15277,BD-001A,Br. La Merced,4,2,6,AK 7 - CL 34,1504b2ee-963b-4fe2-99ca-80f28aa05d73
"-74,06668676","4,631018616",15278,BD-027A,Br. Sucre,4,2,6,AK 13 - CL 43A,9963002b-d730-495c-b464-ca9b9bb43945
"-74,06654369","4,639880979",15279,689A00,Br. Quesada,4,2,6,AV. Caracas - CL 52,d9bbbf77-391f-46d8-8c43-12fd565f5d52
"-74,06653553","4,755074395",15280,244A02,Subestación Eléctrica Cerro-Suba,4,2,6,KR 74A - CL 169A-91,7ed10e83-1cd0-4f57-91d5-b91949eb63c0
"-74,06651687","4,755404759",15281,243A02,Subestación Eléctrica Cerro-Suba,4,2,6,KR 74A - CL 169B,a369ee2e-c512-40c0-8717-2fdb61bcca51
"-74,06635705","4,639092525",15282,698A00,SENA - Centro de Gestión de Mercados,4,2,6,AV. Caracas - CL 51,d4c522c5-132b-45cc-8f2b-e476fd1fc907
"-74,06625892","4,624335113",15283,BD-004A,CAR Cundinamarca,4,2,6,AK 7 - CL 36,3669ae6a-2d8b-4fc5-8b90-a1a5c216b197
"-74,06624026","4,6265618",15284,779A00,C.C. Plaza 39,4,2,6,DG 40A - KR 7,e1a7a28d-8e58-4e53-a7fb-a7f64b642f2e
"-74,06614397","4,642147108",15285,688A00,Estación Calle 57,4,2,6,AV. Caracas - CL 54A,fe366387-031b-4031-b682-c7f98e48427d
"-74,06591763","4,641643392",15286,699A00,Secretaría Distrital de Ambiente,4,2,6,AV. Caracas - CL 54,7674ad4c-7500-4938-896a-a23edeb3cc4e
"-74,06590441","4,635575535",15287,BD-026A,Clínica Marly,4,2,6,AK 13 - CL 48,c06302df-73b2-41e2-9aec-1ee2ef37724e
"-74,06589885","4,624902784",15288,BD-003A,Parque Nacional,4,2,6,AK 7 - CL 37,a4f04017-5b45-4272-99c9-14d6be694305
"-74,06564661","4,644962766",15289,687A00,IED Manuela Beltrán,4,2,6,AV. Caracas - CL 58,2699a858-74f8-4b8b-a9ea-6e453ac99ffa
"-74,06541923","4,64453971",15290,700A00,Br. Chapinero Central,4,2,6,AV. Caracas - CL 57,bd92f8b6-6a75-43f4-8289-d99bab99de34
"-74,06528615","4,639377417",15291,BD-025A,Secretaría del Hábitat,4,2,6,AK 13 - CL 52,a34cb747-8433-4641-8e37-dab02387ef72
"-74,06517139","4,647651638",15292,686A00,Estación Calle 63,4,2,6,AV. Caracas - CL 60,1194fdac-2bd1-4074-a002-5f1b0f1ef008
"-74,06485386","4,647625108",15293,701A00,Estación Calle 63,4,2,6,AV. Caracas - CL 60,482fa4e3-3fd3-4eb8-8d2c-fb752c6ba2f9
"-74,06472187","4,642707692",15294,BD-024A,Alcaldía Local de Chapinero,4,2,6,AK 13 - CL 55,5f94a351-8c41-4862-ab83-775e31569614
"-74,06460702","4,650623407",15295,685A00,AC 63,4,2,6,AV. Caracas - AC 63,e5e8633c-c46b-440e-ac5d-6cd544c5ad7e
"-74,06438822","4,650122208",15296,702A00,Br. Chapinero Norte,4,2,6,AV. Caracas - CL 63,45da821c-423b-4ea2-af26-fd2ed406424a
"-74,0638106","4,653758873",15297,684A00,Br. La Esperanza,4,2,6,AV. Caracas - CL 66,30003479-45b4-498a-a3af-e980a9bd152f
"-74,06367731","4,75310201",15298,283A02,Parque Pijao,4,2,6,KR 67 - CL 169,36196cc2-e710-4a82-9a68-22768f2ea58e
"-74,06357822","4,653535013",15299,703A00,Br. Chapinero Norte,4,2,6,AV. Caracas - CL 66,2c9d24be-bd46-48c1-b5c4-6f9ac226cf1a
"-74,06354937","4,75751971",15300,349A02,Biblioteca Julio Mario Santodomingo,4,2,6,KR 68 - CL 169B,7fec4b35-62cf-4d0a-8d20-31ca310fd7f0
"-74,06344471","4,589010731",15301,491A00,Colegio Benposta Nación de Muchachos,4,2,6,TV 10 E - CL 9,969423f5-9a29-45ba-ba27-a8c5cfe81a2f
"-74,0634177","4,637934401",15302,BD-010A,Universidad Santo Tomás,4,2,6,AK 7 - CL 51,356e8314-a6df-46ab-ba5a-2adfa41a08be
"-74,06341087","4,636962743",15303,BD-009A,Hospital Militar,4,2,6,AK 7 - CL 50,aa52147d-bb7c-4243-89e9-372d7b2f6edb
"-74,0633617","4,58901873",15304,492A00,Colegio Benposta Nación de Muchachos,4,2,6,TV 10 E - CL 9,c2112103-6042-4e2a-9b1a-906f53ef5c10
"-74,06300696","4,653041825",15305,BD-022A,Chapinero Norte,4,2,6,AK 13 - CL 66,0b05d93e-d23b-4e9e-a64d-8c87448236e9
"-74,06288433","4,750245545",15306,288A02,Urb. Áticos de Monterrey II,4,2,6,CL 167 - KR 62,c136aa5e-3a1b-4d79-84b9-1a411d4f4067
"-74,06259719","4,656312819",15307,683A00,Br. Concepción Norte,4,2,6,AV. Caracas - CL 69,d82a15cf-bd10-42b2-a2d0-583783888e42
"-74,06233668","4,656059118",15308,704A00,Br. Quinta Camacho,4,2,6,AV. Caracas - CL 69,7a60a8b6-505a-4ac0-882d-772b5d1d7988
"-74,06219079","4,658542993",15309,682A00,Estación Calle 72,4,2,6,AV. Caracas - CL 71,52e7ee98-c17f-4322-88fa-8ecd4d971338
"-74,06188233","4,658346965",15310,705A00,Estación Calle 72,4,2,6,AV. Caracas - CL 71,8541d85a-e4d9-4cfe-a63b-34e12caecaf9
"-74,0618708","4,660514043",15311,681A00,Br. San Felipe,4,2,6,AV. Caracas - CL 73,06e942dd-13b0-45f1-a3b1-a23e5f1ec8bf
"-74,06129893","4,663793857",15312,680A00,Estación Calle 76,4,2,6,AV. Caracas - CL 75,67ae4eb9-2e54-49f4-8b1a-bae5dd94ee94
"-74,06090829","4,646130013",15313,BD-014A,Br. Chapinero Central,4,2,6,AK 7 - CL 60,85e7c8e3-28c2-479d-ad61-35a0f7989968
"-74,06056999","4,641028336",15314,556A00,Br. Bosque Calderón,4,2,6,DG 55 - KR 4,cabe171a-17c5-408a-aadd-659100f5c433
"-74,06037315","4,646514735",15315,BD-013A,U. La Salle,4,2,6,AK 7 - CL 61,8d89ef0b-5ae8-4dc1-aa5d-ddd99de2944a
"-74,05965746","4,656002865",15316,BD-021A,Quinta Camacho,4,2,6,AK 11 - CL 70A,0c17326b-98ae-4fcc-b77b-d06b853dbd81
"-74,05859","4,676414",15317,756A00,Estación Virrey,4,2,6,Auto Norte - CL 88,1ba82e4d-0ac0-493c-892f-9dd2f25ab42c
"-74,05858989","4,650400265",15318,BD-016A,Br. Chapinero Norte,4,2,6,AK 7 - CL 66,44834568-236b-4393-9b8c-e2ce93aaab9f
"-74,05839423","4,65025324",15319,BD-015A,Calle 67,4,2,6,AK 7 - CL 66,d349927d-41ee-46bc-9ea5-711fc7cc9aa9
"-74,05735658","4,642885266",15320,561A00,Estación de Policía Chapinero,4,2,6,AC 60 Bis - TV 1A,9c02f3fc-6a77-443b-83c3-6595c79aeed6
"-74,05538679","4,709803432",15321,185A02,Br. Canódromo,4,2,6,KR 46 - CL 127B,4b8225d5-cdbb-4c4e-916a-8fead08e390a
"-74,0563193","4,642278953",15322,566A00,Ingemar,4,2,6,AV. Circunvalar - TV 1,925373d8-6e97-4ed4-b16e-f1e2fab95c9c
"-74,05613573","4,750972768",15323,250A02,Br. Britalia,4,2,6,KR 55A - CL 167C,4fbc7843-dbe8-4e97-8f00-36328f6d4a9f
"-74,056729","4,670877",15324,082A00,Br. Antiguo Country,4,2,6,AC 85 - KR 16A,dcd71a03-90ce-4d86-8634-fae29065e321
"-74,05475173","4,663134983",15325,BD-047A,Br. El Espartillal,4,2,6,AK 11 - CL 78,52397818-04d5-476b-80ba-ebd8a075bec3
"-74,05407789","4,657326932",15326,BD-029A,Br. Porciúncula,4,2,6,AK 7 - CL 75,40626778-017a-4fac-ac2e-9eea41c9aef2
"-74,05399308","4,74393663",15327,230A02,Br. Cantagallo,4,2,6,KR 54 - CL 162,67b440bf-5c84-4ed7-87f4-f1d825746f0a
"-74,05393444","4,750306727",15328,274A02,Agrupación Granada Norte,4,2,6,KR 54 - CL 167,10cd55fe-30d1-4ca6-a401-cda78ddfb4a0
"-74,05343821","4,752632611",15329,302A02,Br. Britalia,4,2,6,KR 54A - CL 169,c9590525-e94e-47ce-a72c-9461a706454e
"-74,05343136","4,746698234",15330,233A02,CAI Mazurén,4,2,6,KR 54 - CL 163B,ab6b52ec-93a0-49cb-98df-af8e3e24527b
"-74,054149","4,669467",15331,072A00,Pq. León de Greiff,4,2,6,AC 85 - KR 13,5edf8cc8-b8b3-4889-8a37-b77f4f72f01e
"-74,05188257","4,667423778",15332,BD-046A,Br. El Retiro,4,2,6,AK 11 - CL 82,f5a6106d-69c8-4157-baed-4624ae320310
"-74,05138086","4,660083373",15333,BD-031A,Los Rosales,4,2,6,AK 7 - CL 78,a73a41ae-7fb0-420d-8212-5f7cc9b24f45
"-74,05125653","4,660549459",15334,BD-030A,El Nogal,4,2,6,AK 7 - CL 79,c3c334e1-086d-43d6-be8a-20d4e8fffeed
"-74,04979802","4,766480056",15335,332A02,Br. Villanova II,4,2,6,CL 187 - KR 55B,29c630f1-9cfc-482c-93b1-e40d5c0affa3
"-74,04969024","4,727092611",15336,153A01,Estación Cl 142,4,2,6,CL 145 - KR 21,3eb261b6-3673-42b1-ad5d-f48e076633f6
"-74,0492639","4,6622276",15337,BD-033A,Calle 82,4,2,6,AK 7 - CL 82,cbd495d0-39ce-4163-ae41-3f0fe6604e87
"-74,04912907","4,662780827",15338,BD-032A,Calle 82,4,2,6,AK 7 - CL 81,4b56802b-0aba-4136-8403-ed93df29e3dd
"-74,04806394","4,731822222",15339,143A01,Pq. Las Margaritas II,4,2,6,CL 150 - KR 22,5dce4e56-0ed9-4735-91b0-d3b67dbdc420
"-74,04740491","4,767303784",15340,334A02,Urbanización Mirandela,4,2,6,CL 188 - KR 54D,4076c62e-bcf7-41e0-a789-4bb8b3f86c3f
"-74,20152914","4,608787561",15341,140A09,Br. Gran Colombiano,4,2,6,KR 80J - CL 74A Sur,b9001e05-7c73-44c2-9496-f1e3e744e378
"-74,04634381","4,665846408",15342,BD-035A,El Refugio,4,2,6,AK 7 - CL 87,9d2a69be-7ac3-46b1-9e6b-d19f470bc75a
"-74,04614163","4,666759597",15343,BD-034A,La Cabrera,4,2,6,AK 7 - CL 86,7fbab8c8-960b-4c6f-961f-53678da54859
"-74,04520211","4,726761682",15344,142A01,Br. Los Cedros,4,2,6,CL 145 - AK 19,3db81106-421d-4524-980f-dae8bb0c3c16
"-74,19941769","4,608396347",15345,170A09,Br. Gran Colombiano,4,2,6,KR 80J - CL 73C Sur,071974cc-5032-4b5e-9327-428e92c2faa4
"-74,04507593","4,679502354",15346,BD-043A,Chicó Norte II,4,2,6,AK 11 - CL 95,6d4760b1-4d61-46e7-afea-7a6c477d1661
"-74,04499283","4,669271427",15347,BD-036A,El Chicó,4,2,6,AK 7 - CL 90,49d6f8bf-406a-499e-9f68-0a40aba5accf
"-74,19593397","4,606129511",15348,173A09,Br. El Retazo,4,2,6,CL 71D Sur - KR 80,addd5950-a698-4ad7-a652-30fa196c38c9
"-74,04400711","4,670693983",15349,BD-037A,Chicó Oriental,4,2,6,AK 7 - CL 92,03f4f13a-3df3-4dc8-a87e-e1e0a80cdd04
"-74,04382081","4,681935771",15350,BD-042A,Calle 100,4,2,6,AK 11 - CL 100,4efe6ff0-c000-4d38-abef-39e8c7d9c8c3
"-74,04125594","4,67452653",15351,BD-039A,Calle 94,4,2,6,AK 7 - CL 94,a9bad3fb-bf0e-4826-a5a0-e4217a068ea0
"-74,04109645","4,675053052",15352,BD-038A,Parque La Gran Vía,4,2,6,AK 7 - CL 94,a3ed170a-733f-4a9d-be3e-4c9debfb3443
"-74,04099155","4,770720499",15353,424A01,Makro,4,2,6,CL 193 - KR 19,54ddaaed-dcc0-415d-b2c1-ed7ee7d3e686
"-74,03978134","4,678179087",15354,BD-040A,Chicó Reservado,4,2,6,AK 7 - CL 97A,5d7c48e6-6d27-4c4b-8f61-82f6807e2322
"-74,03895632","4,770688804",15355,423A01,Canal Río Torca,4,2,6,CL 192 - KR 18,d473b40c-bc5d-4990-8763-4cbed00ba61d
"-74,1958616","4,607676119",15356,175A09,Br. El Retazo,4,2,6,KR 80J - CL 71D Sur,542528e1-aad2-4e36-b834-b333067c0f0e
"-74,19535863","4,607655522",15357,176A09,Br. El Retazo,4,2,6,KR 80J - CL 71C Sur,581fc6e5-8ba2-4995-8f83-93fb2ad79735
"-74,03775042","4,680986072",15358,BD-049A,Escuela de Caballería,4,2,6,AK 7 - CL 101,fa2d68e6-d814-4eff-9e40-2114d7b7f608
"-74,03766047","4,680376903",15359,BD-041A,Escuela de Caballería,4,2,6,AK 7 - CL 100,1e70abd9-ea7c-4d82-9ca4-67ff6282a59f
"-74,03617591","4,684449937",15360,BD-048A,Teatro Patria,4,2,6,AK 7 - CL 106,84547bed-c4df-46c8-a1e1-a2856f55249c
"-74,03529389","4,685594599",15361,BD-052A,Cantón Norte,4,2,6,AK 7 - CL 106,42908389-1e8c-4f8d-80db-d68927e2fe1e
"-74,03490468","4,77051573",15362,345A01,Colegio San Carlos,4,2,6,CL 192 - KR 15,b2228490-9b62-44e0-be89-d33cda2d9170
"-74,03487089","4,689528297",15363,BD-054A,Santa Ana Occidental,4,2,6,AK 7 - CL 110,ecc37306-0024-4273-90c5-344555162a49
"-74,03437249","4,689531556",15364,BD-053A,Santa Ana,4,2,6,AK 7 - CL 110,01635fea-9d9a-47bd-8e57-ff0c1911a0cc
"-74,03369903","4,692768636",15365,BD-056A,Cl 116,4,2,6,AK 7 - CL 116,6ee6b8d2-91cb-41b4-8ad6-ea24b18880d0
"-74,03313373","4,693252373",15366,BD-055A,Hacienda Santa Bárbara,4,2,6,AK 7 - CL 116,99806f48-f16f-402b-a587-14933ecd7fdd
"-74,03250912","4,695356075",15367,BD-058A,Fundación Santa Fe,4,2,6,AK 7 - CL 118,7d7b92de-39f0-4191-b197-dd0f9a6583c4
"-74,03221977","4,769810464",15368,460A01,Br. Los Pinos,4,2,6,CL 192 - KR 11A,c306bfaf-3fd7-4f5d-80d7-2dd27ada18a0
"-74,18014406","4,585832632",15369,098A10,Br. Los Tres Reyes,4,2,6,CL 63A Sur - KR 77A,19a82553-8d6f-4c12-a188-8bb8451fe599
"-74,17807793","4,585975307",15370,097A10,Br. Quiba,4,2,6,CL 63A Sur - KR 75L,e56bb51d-fea9-49a9-a59f-303fe3729725
"-74,13775185","4,65027661",15371,235A07,Br. Vergel Occidental,4,2,6,AC 12 - KR 80,1dc34b2c-a4ae-466a-ac01-7f13cec7ed87
"-74,136034","4,577606",15372,351A11,IED Marco Fidel Suarez,4,2,6,CL 52A Sur - KR 24C,b5a1047d-d9d1-488c-b9bd-c75eaf9dea6d
"-74,11651277","4,646757703",15373,269A06,Zona Industrial Montevideo,4,2,6,KR 68D - CL 19,ffa1cb89-8e9d-4722-8809-a87b33a35bb4
"-74,115135","4,64692",15374,270A06,Urb. Santa María,4,2,6,CL 20 - KR 68C,0d99f4bd-8a92-40ca-b8bc-09cee6359ca9
"-74,03124724","4,696811629",15375,BD-057A,Usaquén,4,2,6,AK 7 - CL 119B,32693f13-b0f2-4e5a-8c11-52b52c5da44a
"-74,03097429","4,818457504",15376,582A01,Torca Rural I,4,2,6,AK 7 - CL 245,664f9edd-4322-4517-a444-f8f31fa3dae1
"-74,112669","4,64488",15377,271A06,BOMBEROS MONTEVIDEO,4,2,6,CL 20 - KR 68A,43c93b71-e5b7-4d0b-bc18-e001b2faa2c0
"-74,02996412","4,711994053",15378,BD-065A,Clínica El Bosque,4,2,6,AC 134 - AK 7,36938997-c55c-483c-b339-24f907917188
"-74,11198048","4,581373804",15379,395A11,Br. Quiroga,4,2,6,KR 22 - CL 30 Sur,77653329-ec47-4996-9a4f-d63126674dfe
"-74,02920007","4,711210499",15380,BD-064A,Ginebra Norte,4,2,6,AK 7 - CL 132,bd0503bd-47c4-4aeb-8164-0a39a9f516d5
"-74,110636","4,582973",15381,399A11,Santa Catalina,4,2,6,TV 23 - CL 28 Sur,3dd4699f-95d7-499e-ae43-b47c35c9fa63
"-74,02876955","4,700925113",15382,BD-060A,Santa Bárbara Oriental,4,2,6,AK 7 - CL 124,7b4cc288-20e0-4924-834b-f800a4d4ee83
"-74,02875024","4,705249045",15383,BD-062A,Bella Suiza,4,2,6,AK 7 - CL 127B,dde13361-c22f-4b5b-b1cb-bf7a3c7d5f53
"-74,02864116","4,700005365",15384,BD-059A,San Gabriel Norte,4,2,6,AK 7 - CL 124,6fc67038-c11b-4fab-9e3b-fc476e6d6341
"-74,02847832","4,708915074",15385,BD-063A,Ginebra,4,2,6,AK 7 - CL 130B,f8d4bb3d-42cb-4954-8827-2a7340ba23a5
"-74,02845188","4,705153146",15386,BD-061A,Unicerros,4,2,6,AK 7 - CL 127B,62ac1fd7-462c-41c5-a726-0fc39a83d11a
"-74,1066448","4,58081235",15387,403A11,Olaya Herrera,4,2,6,KR 19 - CL 26 Sur,5c0945cc-b62b-4729-ad0a-a4df8239a0c8
"-74,10391423","4,546098728",15388,335A12,Br. Diana Turbay Arrayanes,4,2,6,CL 48 Q Sur - KR 2 Este,48c1ad3a-e443-4ff8-8479-7211a7843db6
"-74,10375835","4,545934931",15389,336A12,Br. Arrayanes I,4,2,6,CL 48 Q Sur - KR 2A Este,845b11a6-6ad6-4461-89eb-f558d7de3a47
"-74,09672588","4,545791243",15390,161A13,Urb Villa el Cerro,4,2,6,KR 3 E - CL 46 A-26 Sur (AL LADO),a14828b9-be74-48c4-b369-302f485fbe63
"-74,09167258","4,56184067",15391,385A13,KR 3A E,4,2,6,CL 30C Sur - KR 3A E,ed37e313-bd1b-4d87-85f6-25a19ed75fbb
"-74,09140505","4,562099148",15392,384A13,KR 3A E,4,2,6,CL 30B Sur - KR 3A E,9d891b2b-fe39-4d18-9bb9-bb79b249ea2d
"-74,08450341","4,565230736",15393,234A13,Br. San Blas,4,2,6,TV 4 Este - CL 24 Sur,476ef236-60e5-4708-a924-1a92fa53f6db
"-74,0791957","4,57488778",15394,389A13,Br. Buenos Aires,4,2,6,CL 9 Sur - KR 2E,40994e9f-39ca-4dd7-a823-6359e71291f1
"-74,14859155","4,683154726",15395,432A06,Br. Belén Fontibón,4,2,6,KR 111A - CL 20B,b8fed55f-d1f9-4760-af2a-d5b4c8920d2d
"-74,143829","4,553398",15396,590A11,Br. Lucero Medio,4,2,6,KR 18C - CL 65D Sur,ce231048-b656-4273-a422-acccf446c7b7
"-74,143852","4,553277",15397,591A11,Br. Lucero Medio,4,2,6,KR 18C - CL 65D Sur,2b455d8a-21fb-4428-85cb-2d29b83077fe
"-74,1835691","4,607443342",15398,051B09,Pl. de Mercado Bosa Centro,4,2,6,CL 63 Sur - Av. Agoberto Mejía,626f5144-09b9-403c-859f-31ecfa7654ad
"-74,180257","4,63501",15399,525B08,Av. Tintal,4,2,6,CL 49 Sur - Av. Tintal,351f16ef-e2e6-4b6d-99fe-06c4fe693fce
"-74,13696741","4,679181997",15400,433A06,IED Costa Rica,4,2,6,KR 100 - CL 23B,1240be68-844f-4659-bb85-5d1e6a130c25
"-74,13709467","4,679336728",15401,434A06,IED Costa Rica,4,2,6,KR 100 - CL 23B,e8726de7-8b28-4986-a626-76346a29df99
"-74,13287827","4,682423221",15402,435A06,Urb. La Cofadría,4,2,6,KR 100 - DG 24C,713662ff-c8bb-492f-a009-ef1d95595022
"-74,15691667","4,695603307",15403,436A06,Centro Empresarial El Dorado,4,2,6,CL 22D - KR 127,9b02c167-fdeb-4ee4-b5e6-f520f3572364
"-74,0644618","4,619204468",15404,859A00,Br. La Perseverancia,4,2,6,DG 33 - KR 4A,d2baff55-baf9-4a27-af4e-464633251078
"-74,088189","4,765297",15405,616A03,Seminario Asuncionista,4,2,6,KR 111 - CL 161,e4ab7033-4009-45e5-93d4-2445db10da21
"-74,090321","4,59893",15406,860A00,Pq. Eduardo Santos,4,2,6,KR 19 - CL 4B,a2cdfbf9-251a-49e5-87a9-14b47ff63b54
"-74,164865","4,600306",15407,628A09,Br. Olarte,4,2,6,KR 72A - CL 57 Sur,02f55122-a0e8-4bb9-89cd-6f1e2450a4d9
"-74,16513","4,599951",15408,629A09,Br. Olarte,4,2,6,KR 72A - CL 57B Sur,4e766c73-0960-41b5-8d0a-e140606c0f8d
"-74,033259","4,725738",15409,667A01,Br. Acacias Usaquén,4,2,6,CL 147 - KR 9,c0518a2c-e5bc-41a2-8087-e0051330adfe
"-74,077213","4,571844",15410,564A13,Br. Vitelma,4,2,6,KR 11 Este - CL 10 Sur,3be4c297-0eb9-4bbe-b0ca-319e647cb6fd
"-74,106104","4,755646",15411,617A03,Br. Sabana de Tibabuyes Norte,4,2,6,KR 128 - DG 146,443c2f71-60a1-4cd5-a928-a356964adca1
"-74,032832","4,763975",15412,439B01,Colegio Mayor José Celestino Mutis,4,2,6,CL 187 - KR 11,4123e1f0-68ac-4055-a46c-1bf19099efd6
"-74,0713","4,617942",15413,723A00,Parque Central Bavaria,4,2,6,AV. Caracas - CL 28,7b1dfd64-3c9f-4b6a-b7ae-f30a8eca89ee
"-74,166906","4,6402",15414,427A08,Br. Calandaima,4,2,6,CL 38 Sur - KR 89,b80d487c-4604-42d4-be09-dc3224f78bb2
"-74,103631","4,510187",15415,521A12,Br. El Curubo,4,2,6,CL 81 Sur - KR 3 Este,42a95576-823e-4322-b295-36cd9bd13c7b
"-74,101436","4,510259",15416,522A12,Br. Rosales de Bolonia,4,2,6,CL 81 Sur - KR 6B Este,6105ffe3-5f7f-463b-84a0-ce89b722e794
"-74,101436","4,510353",15417,523A12,Br. Rosales de Bolonia,4,2,6,CL 81 Sur - KR 6B Este,4ab341a1-4605-42e2-b07c-1be948877253
"-74,099125","4,510853",15418,524A12,Urb. Rincón de Bolonia,4,2,6,CL 79 Sur - KR 9 Este,9b31dd71-7be0-4346-8689-cf7deb45352b
"-74,099163","4,510978",15419,525A12,Urb. Rincón de Bolonia,4,2,6,CL 79 Sur - KR 9 Este,dfa9497d-89f8-4d6b-ad06-783eee61be51
"-74,103269","4,752427",15420,618A03,Urb. La Fontana,4,2,6,CL 148 - KR 114G,93d8c5a4-8f2b-44c5-8a70-adc7b4cd5199
"-74,10594","4,73442",15421,619A03,Br. Nueva Tibabuyes,4,2,6,KR 121C - CL 129D,42d86d1e-5caa-4463-a787-1046f8b31a4a
"-74,101079","4,736321",15422,030B03,Br. Alcaparros de Suba,4,2,6,AC 132 - KR 105B,9465bb27-1d4b-4279-a0e9-0757f3a03215
"-74,097022","4,756006",15423,621A03,Portal de la Fontana,4,2,6,KR 11A - CL 152C,494435ae-299a-44d9-9eb0-ea6a7c62fe3b
"-74,101999","4,755311",15424,622A03,Br. Rincón de Santa Inés,4,2,6,CL 151B - KR 115,947b259c-84b9-4d8c-abcc-a8493ec67387
"-74,110986","4,746121",15425,607B03,Urb. Los Campos,4,2,6,CL 139 - KR 129,b19c1940-f328-44e7-b3f3-94bda61ea051
"-74,108791","4,745564",15426,623A03,Br. Tibabuyes Universal,4,2,6,CL 139 - TV 127,6fb56596-9cc3-4811-99e5-63fe80525446
"-74,113287","4,743328",15427,624A03,Br. Toscana,4,2,6,KR 131 - CL 132D,52a90dad-8863-42a8-8be4-4f960ca751ff
"-74,14182254","4,55313538",15428,302B11,IED Compartir Recuerdo,4,2,6,TV 17N - CL 64F Sur,704fedf3-ee83-4912-8d36-d9d1f132acbe
"-74,14165818","4,553157216",15429,328B11,JAC Lucero Medio,4,2,6,TV 17N - CL 64F Sur,624476b5-7bd5-4242-a703-fcf3d6586b49
"-74,14654017","4,550606316",15430,271B11,IED Lucero Alto,4,2,6,TV 18I - DG 67C Bis Sur,d8228be5-613b-44f2-b553-3becbc62886c
"-74,146677","4,550484",15431,272B11,IED Lucero Alto,4,2,6,TV 18I - DG 68 Sur,cdb57634-7d6a-4b92-89a9-74b7217e44da
"-74,06665","4,76133",15432,366A02,Br. San José de Bavaria,4,2,6,AC 170 - Av. Boyacá,07a63350-6fd7-49e0-b1d3-ea6d4b17cc79
"-74,074415","4,569657",15433,565A13,Br. San Cristóbal Alto,4,2,6,KR 18 Este - CL 12 Sur,8f2c8425-f061-4a30-aecd-6e2be6c883c7
"-74,14780407","4,548193766",15434,268B11,IED Confederación Suiza,4,2,6,KR 18E - DG 69C Sur,d2d3d010-d681-49db-b1a8-52594c47ea14
"-74,152056","4,54572",15435,594A11,Br. Los Andes Sector V Nutibara,4,2,6,KR 19D Bis - CL 71 Sur,71e12add-b0fa-4a09-a1dc-178fe60c8761
"-74,15390056","4,546729682",15436,595A11,Br. Villa Gloria,4,2,6,KR 20 - CL 70K Bis Sur,bca801d0-403c-41cb-be32-aec0715a4b5f
"-74,154878","4,548396",15437,146B11,Br. Villas del Diamante,4,2,6,KR 20 - CL 70D Sur,bce696b5-9dba-4412-800a-1d305b5335ed
"-74,157369","4,547816",15438,596A11,Br. Bella Flor II,4,2,6,CL 70 Sur - KR 23,f742f15f-3c91-4d1d-bc57-cf492645c202
"-74,159958","4,549974",15439,130B11,Br. El Mirador,4,2,6,KR 27B - CL 71I Bis Sur,5ea93fe6-b9ba-4d89-8130-70fa90f72377
"-74,159909","4,550315",15440,129B11,Br. El Mirador,4,2,6,KR 27B - CL 71H Sur,510484c7-12a6-4acc-bdef-3ff8ef80c7fa
"-74,16100848","4,546903686",15441,451B11,Br. El Mirador II,4,2,6,CL 72C Sur - KR 27B,7b58399c-b073-47d0-9617-af0f5f5d388c
"-74,158713","4,546566",15442,139B11,Br. Bella Flor,4,2,6,KR 26C Bis - CL 72F Sur,f9e36b03-a418-42c4-9518-bc22d04f26d6
"-74,1549662","4,548482714",15443,145B11,Br. Brisas del Volador,4,2,6,KR 20 - CL 70C Sur,1e21fe10-947e-449d-8af1-14801a5e6e4d
"-74,154152","4,546955",15444,147B11,Br. Villas del progreso,4,2,6,KR 20 - CL 70I Sur,0e9b9ea9-34b4-4dcd-a3da-8f12956c0c1f
"-74,149585","4,546832",15445,264B11,IED Rafael Uribe Uribe Localidad 19,4,2,6,DG 71B Sur - TV 18J,452eac69-2dd6-4527-b685-ac522263d3dc
"-74,141669","4,553134",15446,301B11,Br. Lucero del Sur,4,2,6,TV 17N - CL 64F Sur,b149936e-9712-4a6a-843e-474f09661182
"-74,13966378","4,554179892",15447,327B11,Altos de Jalisco,4,2,6,DG 64A Bis Sur - KR 17D,6ef5c53a-67e7-4cc7-9959-e3b55feb6333
"-74,14209412","4,550961228",15448,522B11,Br. Lucero del Sur,4,2,6,KR 17M - CL 67A Bis Sur,94c4244c-c40e-4817-8278-2a173c84afcc
"-74,14415261","4,543655149",15449,599A11,Br. Estrella del Sur,4,2,6,KR 18B Bis- CL 74 Sur,bac0ffd5-082c-482c-b511-232a9538f4ee
"-74,142717","4,544692",15450,600A11,Br. Quintas del Sur,4,2,6,CL 73 Sur - KR 18,539a6a79-9cee-418a-b747-85865e070bfb
"-74,141958","4,550626523",15451,521B11,Br. Lucero del Sur,4,2,6,KR 17M - CL 67A Bis A Sur,cdb38fed-7f77-4f06-9d22-a30bcbd53d35
"-74,139779","4,554069",15452,330B11,Br. Lucero del Sur,4,2,6,DG 64 A Bis Sur - KR 17D Bis,0b3494b2-57db-493c-8b54-e3d34997c852
"-74,138964","4,560431",15453,002C11,Br. Meissen,4,2,6,AV Boyacá - KR 18C,2742d967-73a2-43fb-9347-df2c7d54ba9e
"-74,155856","4,549036",15454,144B11,Br. Brisas Del Volador,4,2,6,CL 70 Sur - KR 21,278ce80d-edbe-44cb-980e-284b52b2a955
"-74,184231","4,621926",15455,639A08,Br. Danubio Azul,4,2,6,CL 57 Sur - KR 86B,eb041313-a0a2-4d68-b6c0-3e2f85f796b0
"-74,184139","4,62197",15456,640A08,Br. Danubio Azul,4,2,6,CL 57 Sur - KR 86B,619defa6-0f78-4922-bd8b-f3c52a4a769e
"-74,157239","4,579833",15457,071C10,Universidad Distrital,4,2,6,AV. V/cio - AV. J. Gaitán C.,a23645de-dab2-4d09-8821-09d33a86eea9
"-74,1588333","4,546913014",15458,140B11,Br. Bella Flor,4,2,6,CL 72C Sur - KR 26C Bis,4790f277-ec67-499f-b2b7-0475d5ab248e
"-74,135161","4,568728",15459,592A11,Pq. Metropolitano El Tunal,4,2,6,KR 19C - CL 55 Sur,71ab4605-7a3d-42fa-913b-4290218ed810
"-74,136532","4,56756",15460,593A11,Br. San Carlos,4,2,6,KR 19C - CL 56 Sur,82fc2ed3-c8c9-43dc-a2bc-096e43f11326
"-74,146153","4,542076",15461,251B11,IED Antonio García,4,2,6,CL 75G Sur - KR 18F,212a0af7-d8c0-4097-9314-be23ee3c3810
"-74,144534","4,5423",15462,254B11,Br. Estrella del Sur,4,2,6,CL 75 Sur - KR 18B Bis A,9a4c4109-e30a-4eba-82cb-91fe1d3d47e7
"-74,146145","4,561914",15463,317B11,San Francisco II Sector,4,2,6,KR 19G - CL 64 Sur,1576733b-bb64-4e5e-8f5c-7bebf5c8f924
"-74,147216","4,560796",15464,601A11,San Francisco II Sector,4,2,6,CL 66 Sur - KR 19D,eeb6c1c5-000f-442f-b1cd-a0f04868f8ce
"-74,141353","4,562359",15465,602A11,Br. Acacias Sur,4,2,6,KR 19D - DG 62 Sur,266f57c8-8fed-473d-8f6e-359a01323294
"-74,143401","4,561732",15466,321B11,Urbanización La Palmera,4,2,6,KR 19D - DG 62A Sur,045dced3-3bb7-40a1-882a-c0dfc240fea0
"-74,14383","4,562622",15467,322B11,Br. Las Acacías,4,2,6,KR 19G - CL 62 Sur,f90ea757-f3f9-4c3b-9a55-29401deecefb
"-74,100443","4,730404",15468,625A03,Lago de Suba,4,2,6,KR 104 - CL 129B,d4c41ed9-6d95-4997-8397-c99a98b3a5c1
"-74,083807","4,750268",15469,626A03,El Pinar,4,2,6,CL 153 - KR 94,4fa9cb18-28d7-4642-8ac7-c68af648df15
"-74,120617","4,752794",15470,628A03,Bilbao II,4,2,6,CL 143B - KR 150A,96f50288-9bbf-4170-b373-81427593d280
"-74,120589","4,752745",15471,629A03,Bilbao II,4,2,6,CL 143B - KR 150A,9b146357-bf23-4a4c-9260-3e12b0e204a7
"-74,089729","4,753559",15472,020B03,Br. Tuna Baja,4,2,6,CL 15 KR - 101A,025fc06c-eaa9-4902-9e53-1f656f320ea2
"-74,113519","4,743235",15473,093B03,CED La Toscana,4,2,6,CL 132D - KR 131,80827d07-0bee-4033-8bd9-aacde99f2cc2
"-74,116753","4,7449",15474,095B03,Br. La Toscana,4,2,6,CL 132D - KR 143A,2793cccc-ab82-46cb-ac92-39392cc19fbc
"-74,113862","4,743331",15475,094B03,CED La Toscana,4,2,6,CL 132D - KR 132,d76fba92-fa8a-4866-96da-f933e169fed2
"-74,157437","4,652721",15476,385A07,Rosales de Nueva Castilla,4,2,6,CL 7 - KR 90,5900f235-19bb-4a9d-a367-cd0cd03af8a9
"-74,157232","4,65264",15477,386A07,Rosales de Nueva Castilla,4,2,6,CL 7 - KR 90,fd9dcb7b-1706-41a2-9140-262e6bbe2fdc
"-74,155442","4,653793",15478,387A07,Parque Castilla Reservado,4,2,6,CL 8A - KR 90A,764a7b4c-8dd7-4eec-b2e1-4a9e352fd95e
"-74,155459","4,655114",15479,388A07,Alameda Ciudad Tintal,4,2,6,KR 92 - CL 8A,45510c90-c28a-4a0f-a6c5-ae4b220b7c50
"-74,155652","4,654784",15480,389A07,Alameda Ciudad Tintal,4,2,6,KR 92 - CL 8A,ee3df0a8-2117-4c7d-b1e0-a7088dbfec6d
"-74,155155","4,653597",15481,390A07,Parque Castilla Reservado,4,2,6,CL 8A - KR 90A,65b99d81-495d-44da-8334-277acd7a201e
"-74,15375","4,654356",15482,391A07,Castilla Reservado,4,2,6,KR 90A - CL 8A,14ee97a8-9bcc-4641-9083-5a164d3d90b5
"-74,15382","4,654164",15483,392A07,Castilla Reservado,4,2,6,KR 90A - CL 8A,2f2cbfb3-c107-414f-87ce-9a1166198633
"-74,113062","4,670328",15484,485A05,Br. Normandía Occidental,4,2,6,DG 47 - KR 74,3fe1a4fc-5ede-4765-8f21-62ca9ba98e02
"-74,113241","4,673426",15485,486A05,Br. San Ignacio,4,2,6,DG 47 - TV 76A,94075a4a-2797-43fd-96da-43c77bed7aa6
"-74,113145","4,672696",15486,487A05,Br. San Ignacio,4,2,6,DG 47 - TV 76,eb6deac8-ba16-4e17-aea6-42567eba4437
"-74,113436","4,67603",15487,488A05,Br. San Ignacio,4,2,6,DG 47 -TV 77C,893fbc2a-f4ef-44ad-95bd-f2da310a12fe
"-74,11333","4,676074",15488,489A05,Br. San Ignacio,4,2,6,DG 47 -TV 77C,8ea16cfd-9439-4481-8f08-1d245a35459d
"-74,023987","4,675427",15489,356A01,Segundo Mirador,4,2,6,Vìa La Calera - KR 2A Este,8062f233-8a5d-4ec4-86fc-d5f88f3b5cc8
"-74,145191","4,642789",15490,182A07,C.R. Bosques de Bavaria,4,2,6,CL 8ABisA - KR 80,ced78d71-f8ad-4b8c-9bc6-b9aea83b4471
"-74,096716","4,59373",15491,012A11,Br. La Fragûita,4,2,6,KR 22 - DG 3 Sur,235db2d5-5b50-460e-a1ca-c967eb872cc8
"-74,091456","4,596983",15492,436A00,Br. Eduardo Santos,4,2,6,CL 3 - KR 19 Bis,3d3f1379-a981-45bd-9e2a-c7c2e23dc3b2
"-74,152079","4,653422",15493,393A07,Castilla Reservado,4,2,6,CL 10 - KR 93,839ff251-9742-4fdc-a831-b16c27499680
"-74,150775","4,65216",15494,394A07,Nueva Castilla II Etapa,4,2,6,CL 10 - KR 88 D,1b43043c-1ed6-43f2-9b2c-bb4333490f87
"-74,15041","4,651919",15495,395A07,Nueva Castilla II Etapa,4,2,6,CL 10 - KR 88,0fed6d9d-bd8e-4473-9c76-3c9be6ce6709
"-74,150297","4,649522",15496,396A07,Nueva Castilla I Etapa,4,2,6,KR 87B - CL 8C,06f6ece9-6dfe-4f3b-a335-d6e49bcf8c50
"-74,152002","4,653445",15497,397A07,Castilla Reservado,4,2,6,CL 10 - KR 93,44337ffe-d3e3-4fa6-990b-e5c713512913
"-74,104629","4,622444",15498,398A07,Br. Gorgonzola,4,2,6,CL 22 -KR 44,689b3a75-a16b-4181-8ff2-9ee22224100e
"-74,192468","4,637658",15499,641A08,Br. El Anhelo,4,2,6,CL 56F Sur - KR 97B,77e04ca5-f31d-4c2c-abe1-c17421bd1b3d
"-74,192494","4,637436",15500,642A08,Br. El Anhelo,4,2,6,CL 56F Sur - KR 97B,396166c9-da0f-4b8e-976d-03a5dfe53eab
"-74,107545","4,563545",15501,526A12,Br. Puerto Rico,4,2,6,KR 9F - DG 40 Sur,04b7726f-b031-48c7-9a16-0a31e6872f90
"-74,107881","4,563524",15502,527A12,Br. Puerto Rico,4,2,6,KR 9F - DG 40 Sur,c248a42d-8aad-47f2-a2da-e8872aaaf5c1
"-74,085783","4,589947",15503,861A00,Br. San Bernardo,4,2,6,AC 1- KR 11,a44e085c-c110-4879-8caf-dae26cc18be4
"-74,06423","4,743858",15504,630A03,Br. Gilmar,4,2,6,CL 160 - KR 63,8bcdf79c-e052-44e8-8679-1075843dec1e
"-74,072726","4,641628",15505,862A00,Br. Galerías,4,2,6,AC 53 - KR 22,6419068f-c7fd-40d8-9838-0e6ffde0ebd3
"-74,198625","4,633991",15506,285B08,Parque Público El Recreo,4,2,6,CL 63 Sur - KR 95A,e1b7c0f5-be4f-41a2-8f48-b35d638bb9df
"-74,089433","4,546434",15507,566A13,Br. La Gloria Oriental,4,2,6,KR 8 Este - DG 42 Sur,a7bb376d-5614-4e98-b01f-e48f5d2151c1
"-74,089563","4,546167",15508,567A13,Br. La Gloria Oriental,4,2,6,KR 8 Este - DG 42 Sur,b6c2c2e4-aba2-48a8-bc22-79f4bec35389
"-74,15694","4,65031",15509,399A07,Cedros de Nueva Castilla,4,2,6,KR 90 - CL 6D,2b7f5800-f550-4d9c-bc01-0d7a0224fb09
"-74,156519","4,650513",15510,400A07,Cedros de Nueva Castilla,4,2,6,KR 90 - CL 6D,ab120d14-f817-4cd0-928c-77fb5c80b3ef
"-74,206005","4,630009",15511,643A08,Br. San Bernardino XIX,4,2,6,KR 95A - CL 74 Sur,24d7f764-531d-475d-9d6c-2e349601ce48
"-74,203909","4,631426",15512,253B09,Br. Ciudadela El Recreo I,4,2,6,CL 73 Sur - KR 95A,fb77ed55-5993-4b9b-84e6-1042d715021a
"-74,13492","4,648426",15513,401A07,Ciudad Favidi,4,2,6,CL 12 - KR 78,88e147d8-8e28-452d-8415-d7e36ae0b987
"-74,118175","4,678734",15514,490A05,Homecenter Calle 26,4,2,6,KR 85K - CL 26,2ec9ee13-2915-4473-b39c-ea6e4853d527
"-74,162062","4,581862",15515,402A10,Br. Pinos del Sur,4,2,6,CL 68F Sur - TV 70C,1a83170d-55fc-4d4a-be7a-b8db11f8b6d3
"-74,176627","4,624393",15516,644A08,Br. Jorge Uribe Botero,4,2,6,CL 51A Sur - KR 85,0f2e2867-2202-417f-9869-80d3f69436e4
"-74,044732","4,797911",15517,367A02,Calle 221,4,2,6,KR 53 - CL 221,f06eebda-8313-4e2c-a6b6-885724399f12
"-74,20198","4,627148",15518,630A09,IED Leonardo Posada Pedraza,4,2,6,CL 73 Sur - KR 92,e63aa4fe-be03-4627-a423-1f80177ceb91
"-74,005761","4,565421",15519,863A00,Parador Colombia 86,4,2,6,Vía Choachí,8be5b96f-9914-4156-b062-1fa5b392e98f
"-74,121713","4,586334",15520,403A10,Br. Bravo Páez,4,2,6,CL 38A Sur - KR 29,73f5754e-570a-487e-8f54-5b65b4160081
"-74,027004","4,747283",15521,669A01,Centro María Auxiliadora,4,2,6,AC 170 - KR 8,be658c67-65f6-4486-93d3-22cf6f6b0f74
"-74,155378","4,646303",15522,155A07,Br. Tintala,4,2,6,CL 6D - KR 87B,d107e43e-a879-43db-92ab-4b14724ba629
"-74,087821","4,624913",15523,030A06,Br. La Florida Occidental,4,2,6,Av. Américas - KR 33,4409b645-af1c-43f3-94a7-92796f344f1e
"-74,201549","4,609923",15524,631A09,Br. Gran Colombiano,4,2,6,KR 80M - CL 74A Sur,2d5f0cb0-8126-4530-a63c-a9a80e0a1dbc
"-74,201435","4,609837",15525,632A09,Br. Gran Colombiano,4,2,6,KR 80M - CL 74A Sur,347b7463-5c93-486e-8eb7-61c8a152b050
"-74,146494","4,565766",15526,312B11,IED San Francisco,4,2,6,CL 64 Sur - KR 21A,fb0b8521-5a72-41d8-9576-bf5308b08495
"-74,157244","4,568209",15527,604A11,Br. Arborizadora Alta I,4,2,6,CL 69J Sur - TV 38,6fcac106-1da2-423e-9920-75c8b61a77fb
"-74,157386","4,568223",15528,605A11,Br. Arborizadora Alta I,4,2,6,CL 69J Sur - TV 38,8c886c05-da77-472e-b4e3-4da0be55bc77
"-74,160247","4,568715",15529,207B11,Br. Arborizadora Alta,4,2,6,KR 42 - CL 70C Sur,0d73937e-9c84-4ef2-98f9-7aada87558cc
"-74,158496","4,570023",15530,212B11,Br. Manuela Beltrán,4,2,6,KR 45 - DG 69N Sur,12663ddd-bddf-43ca-80a7-04731c2d6b05
"-74,163546","4,568246",15531,181B11,CED Gimnasio Sabio Caldas,4,2,6,KR 42 - CL 73 Sur,66527054-8f8f-4590-8b0e-d1cceff7a511
"-74,163474","4,568102",15532,178B11,CED Gimnasio Sabio Caldas,4,2,6,KR 42 - CL 73 Sur,a0d9a590-6d58-4dcf-b07c-cbeb9d1f4389
"-74,160591","4,568616",15533,206B11,CED Arborizadora Alta,4,2,6,KR 42 - CL 70C Sur,6a93a074-2c0b-4142-b150-4f8ae214feee
"-74,158367","4,570132",15534,213B11,Br. Arborizadora Alta I,4,2,6,KR 45 - DG 69N Sur,85565c1b-8026-465c-a652-309b8ddf2584
"-74,198392","4,620317",15535,497B09,Br. El Paradero,4,2,6,KR 87C - CL 71B Sur,90150148-3f92-46fe-ae2b-23efd74259c9
"-74,09828","4,735396",15536,025B03,Br. Costa Azul,4,2,6,AC 132 - KR 103B,5017e920-f72d-41cb-acd4-e3dc51ed2dda
"-74,092829","4,733597",15537,028B03,Urb. La Chucua,4,2,6,AC 132 - KR 97,916c5274-ada2-47b4-bcd2-d4b18874de8f
"-74,092266","4,733455",15538,029B03,Urb. La Chucua,4,2,6,AC 132 - KR 96,8d4cd501-476e-40e8-8671-e23f1d60ddf2
"-74,118452","4,530694",15539,528A12,Portal Usme,4,2,6,CL 67A Sur - KR 11,122c79a9-0b75-4802-a8bd-8be613f66565
"-74,113793","4,725646",15540,442A04,Ciudaddela Colsubsidio,4,2,6,CL 86A - KR 112G,96b94493-a88e-4ba0-97a2-1f7e40667f4e
"-74,112201","4,723054",15541,443A04,Ciudaddela Colsubsidio,4,2,6,CL 86A - KR 111A,c7a1b49c-6bb2-4df0-8857-e35d3440b759
"-74,099492","4,697292",15542,444A04,Br. Tabora,4,2,6,KR 81 - CL 75B,f248df34-5bdc-4271-8c27-ace1eefd789e
"-74,096782","4,695514",15543,445A04,Br. Tabora,4,2,6,CL 76 - KR 77B,da7d9cb7-07b9-4bea-a090-2f3b92e946d8
"-74,115743","4,538765",15544,328B12,Br. Danubio Azul,4,2,6,CL 56 Sur - KR 2,d0836b0d-80d6-45df-b18b-9ef14368014a
"-74,156231","4,68649",15545,438A06,Br. El Portal Fontibón,4,2,6,CL 17D - KR 119A,682f6e6e-3695-41d8-85d1-a9f4040a77df
"-74,155663","4,688622",15546,439A06,Br. San Pablo,4,2,6,CL 19 - KR 121,8d9a5ad8-58f5-453a-975c-2c66e8228441
"-74,157087","4,689424",15547,440A06,Br. San Pablo Jericó,4,2,6,CL 18A - KR 123,7e365850-2c57-455c-b57b-333c663b78a2
"-74,155649","4,687194",15548,441A06,Br. San Pablo,4,2,6,KR 120 - CL 17,93a18049-de38-483f-8798-5ae1cbc37465
"-74,085946","4,680568",15549,446A04,Alkosto CL 68,4,2,6,KR 68C - CL 73Bis,2fd953dd-0ae6-4709-9217-1029a4caaac4
"-74,102656","4,505389",15550,532A12,Br. El Bosque,4,2,6,TV 1 Este - CL 87 Bis Sur,92ecadae-4616-48a9-8bda-dfe9adf2c044
"-74,104274","4,507397",15551,530A12,Br. La Esperanza,4,2,6,TV 1 Este - CL 84 Sur,094ba506-d1f8-4efb-bc45-101d278da666
"-74,102486","4,504945",15552,531A12,Br. El Bosque,4,2,6,TV 6B Este - CL 87B Sur,34b1831f-f2e1-4fff-b607-bfa7b5b57872
"-74,104754","4,50767",15553,529A12,Br. La Esperanza,4,2,6,TV 1 Este - CL 83 Sur,cbd2996a-d65f-477b-8eb7-b4941bd6f51b
"-74,136576","4,607453",15554,633A09,Br. Floralia,4,2,6,TV 68HBisA - CL 37A Sur,fd8fe8f3-53cf-441d-b1a1-9823fe62851b
"-74,119268","4,624477",15555,402A07,Br. La Trinidad,4,2,6,CL 4D - KR 62,d092f8ac-224a-465e-8a53-61639b4c8dfc
"-74,121368","4,625678",15556,403A07,Br. La Pradera,4,2,6,CL 4D - KR 65A,8b1f8403-ada7-435e-8481-568a13bc7098
"-74,141543","4,633071",15557,404A07,Br. Rincón de los Ángeles,4,2,6,KR 73B - CL 6B,53d1cd84-6e52-439e-88a3-7ffd05cd204b
"-74,142303","4,635381",15558,405A07,Br. Rincón de los Ángeles,4,2,6,DG 7ABisC - TV 73B,730593e8-29b6-48da-8d89-c4ef002d0829
"-74,032937","4,724222",15559,670A01,Parque Cedritos,4,2,6,CL 146 - KR 9,643629c7-24c4-4294-9543-41815a1b4838
"-74,115601","4,576412",15560,327A12,Br. El Pesebre,4,2,6,Av. Caracas - CL 33B Sur,71bf6c88-4617-4c0d-9f28-6758a8cfefbb
"-74,110761","4,569254",15561,533A12,Br. La Resurrección,4,2,6,DG 32B Sur - KR 12B,c47a2720-0820-4a05-af57-0ce18b1ea4c1
"-74,109608","4,568551",15562,534A12,Parroquia La Resurrección,4,2,6,DG 32A Sur - KR 12A,20442c18-bd70-4244-93e3-85c1e17de57f
"-74,108583","4,567274",15563,535A12,Br. Las Lomas,4,2,6,CL 36D Sur - KR 11B,1a5b30bc-4558-4191-8f0a-f5329c3eb05b
"-74,081275","4,57954",15564,568A13,Marbella Reservado,4,2,6,KR 3 - CL 6 Sur,c892bbdd-2453-4616-a363-24b0347b5951
"-74,195676","4,604152",15565,634A09,Br. José María Carbonell,4,2,6,TV 78D - CL 71B Sur,0564f270-594b-46bf-b00c-d00ab07f3a78
"-74,196065","4,604383",15566,634B09,Br. José María Carbonell,4,2,6,TV 78D - CL 71C Sur,01d411c1-4c2b-450f-b215-51ab2b4897ed
"-74,052114","4,680355",15567,864A00,Br. Chicó Norte Sector III,4,2,6,AC 94 - KR 16,986613cf-04c5-4a45-bc94-146badb9da6f
"-74,068825","4,696671",15568,368A02,Br. Puente Largo,4,2,6,AV. Suba - CL 114,11dfef3b-d5da-4e5a-92c7-e81637a8debb
"-74,090957","4,553405",15569,569A13,Br. La Victoria,4,2,6,CL 37 Sur - KR 4 E,3173eea6-888c-492f-b50c-d6f945f23596
"-74,194106","4,603305",15570,177B09,Br. Nueva Granada Bosa,4,2,6,KR 78C - DG 70C Sur,97028a70-ab09-4f72-9061-371f44ca2023
"-74,048454","4,709916",15571,671A01,La Calleja,4,2,6,AK 19 - CL 127C,61b97b06-4f0d-4502-8f11-3d24c3600193
"-74,048063","4,710236",15572,672A01,La Calleja,4,2,6,AK 19 - CL 127C,6014118a-f380-4764-91ab-5b96680333c5
"-74,057081","4,685824",15573,865A00,Estación Calle 100,4,2,6,Auto Norte - CL 98,10e0855f-3dd4-450f-ba4c-2112a8829e8c
"-74,025282","4,730046",15574,673A01,Br. Barrancas,4,2,6,CL 155 - KR 7A,8169c864-b5f4-4acf-bec7-a8b9420fd662
"-74,027713","4,731057",15575,674A01,Br. Barrancas,4,2,6,CL 155 - KR 7F,b15ff743-11d3-4856-ac29-66eba1d849d0
"-74,111198","4,501077",15576,536A12,Pq. Virrey Sur,4,2,6,CL 93Bis Sur - KR 4C,1a33855c-1d94-491c-8988-d61a8ea67486
"-74,111149","4,4988",15577,537A12,IED Oswaldo Guayasamín,4,2,6,KR 4 - CL 96B Sur,dd19c766-2ae1-4164-ac58-4ba1baa29ac2
"-74,109928","4,497493",15578,538A12,Br. Comuneros,4,2,6,CL 97 Sur - KR 2B,c521f1a7-fb80-47d2-9fe0-e3c4ab73afbb
"-74,108191","4,498092",15579,539A12,Br. Comuneros,4,2,6,KR 2 - CL 91 Sur,4a7a1687-7bf7-4022-a3e9-b6bfd0cee6a8
"-74,108084","4,498358",15580,540A12,Br. Comuneros,4,2,6,KR 2 - CL 91 Sur,ff426599-303c-48c6-9314-42d2c431fce1
"-74,109704","4,497446",15581,541A12,Br. Comuneros,4,2,6,CL 97 Sur - KR 2B,ff56d762-a9f9-4d08-b1ea-39c351e60cb4
"-74,073909","4,631413",15582,866A00,Br. La Soledad,4,2,6,CL 41 - KR 21,fbeb6aba-30db-4862-8ec4-182c69b43c56
"-74,087379","4,688393",15583,447A04,Br. Las Ferias,4,2,6,CL 77 - KR 69Q,afd44b29-3b8c-4831-a3d8-336dd8849485
"-74,13418511","4,693076928",15584,8486,PUENTE AEREO,1,1,1,AC 26 -KR 103,eb2a226e-4c76-4d32-926e-aa00b6c0fbb0
"-74,06077567","4,602786892",15585,8480,ESTACION DE TELEFERICO,2,1,2,CL 22 - KR 2 E,6cde621e-3992-4b10-89ad-af3558d05019
"-74,0555462","4,604641366",15586,8481,ESTACION DE TELEFERICO,2,1,2,CL 22 - KR 2 E,ba497252-c2f3-41b8-af3b-abf3e43686ad
"-74,06605477","4,813129446",15587,8478,AEROPUERTO GUAYMARAL,1,1,1,AC 235 - KR 104,3739f36b-8b3c-468a-b45d-139473c8a416
"-74,08409692","4,616368246",15588,8483,PLAZA DE MERCADO DE PALOQUEMAO,1,2,11,KR 22 - CL 19,9e257a40-892e-4cc9-95ac-6d40506aedae
"-74,14299003","4,698573832",15589,8485,EL DORADO,1,1,1,AC 26 -KR 116,1fdb7272-92fc-416a-9261-3da8f8509852
"-74,08335656","4,607094776",15590,8487,ESTACION DE LA SABANA,1,4,4,AC 13 - KR 18,5a0f86f8-c7c8-4d10-87ed-38ec1042dd59
"-74,08956912","4,686318048",15591,8484,PLAZA DE MERCADO LAS FERIAS,1,2,11,AK 70 - CL 73A,0ca8a25b-8653-453c-ac3b-69f6e15dac87
"-74,06099493","4,602906504",15592,8479,ESTACION DE FUNICULAR,2,4,6,CL 22 - KR 2 E,6105979a-6fc1-4d1b-b7ca-17e9bb99e2ab
"-74,05495842","4,603560959",15593,8482,ESTACION DE FUNICULAR,2,4,6,CL 22 - KR 2 E,cab0f062-0cc0-4f8e-a690-a0e56d33cff2
"-74,03782375","4,690720078",15594,8488,ESTACION DE USAQUEN,2,4,4,AK 9 - CL 110,dc3a47fe-9594-42c3-bbe5-9d02ea2dee97
"-74,066034","4,736932",15595,003B02,Br. El Plan,4,2,6,AV. Boyacá - CL 147,7bca1a5c-3602-4f98-8798-736e138e7ab6
"-74,139408","4,61785",15596,014D09,Br. Hipotecho Occidental,4,2,6,AV. Boyacá - CL 31 Sur,a20c0828-838a-49e9-b01c-9318931c30ea
"-74,056852","4,670646",15597,081A00,Br. Antiguo Country,4,2,6,AC 85 - KR 16A,22a64167-38a9-43e7-b408-4bff6cb862ae
"-74,132818","4,611455",15598,098D09,Floralia,4,2,6,AV. 1 de Mayo - KR 68GBis,5ff30b75-e365-4985-82ab-5ad1553ef725
"-74,133718","4,612008",15599,9.80E+10,Floralia,4,2,6,AV. 1 de Mayo - KR 68I,5e3bd59b-ff74-4321-a649-598404b58673
"-74,13734497","4,616058792",15600,099D09,Carvajal,4,2,6,AV. 1 de Mayo - KR 69C,d9299c15-9f6a-4c15-b0a6-eb8ac5ec231d
"-74,13744004","4,616168438",15601,9.90E+10,Carvajal,4,2,6,AV. 1 de Mayo - KR 69C,370496c1-95c8-4169-8759-3800ea88ca95
"-74,0917","4,512677",15602,117A13,Br. La Cabaña,4,2,6,KR 13F Este - CL 76B Sur,106844a3-cec5-4cbf-bce1-d3ce6428b1f1
"-74,09128","4,513998",15603,121A13,Br. La Esperanza,4,2,6,CL 76 Sur - KR 13F Este,d9fa6cba-8e53-46bf-9d4d-97f509040b07
"-74,089668","4,515906",15604,123A13,Br. La Flora,4,2,6,CL 74C Sur - KR 14C Este,da48fbfa-6a43-40e9-96c5-22e8f5135cbc
"-74,089313","4,515805",15605,124A13,Br. La Flora,4,2,6,CL 74C Sur - KR 14C Este,16ea33a0-f838-43a1-8867-2fe2cc447cb5
"-74,045665","4,754016",15606,144B01,Portal del Norte,4,2,6,Auto Norte - CL 172A,4d497af5-6779-40b2-8d44-1358e4dcad96
"-74,115852","4,492542",15607,149A12,Br. Sucre,4,2,6,KR 7 - CL 108 Sur,e1fc0398-9dad-417b-8a61-5703b08175d6
"-74,115777","4,490823",15608,150A12,Br. Sucre,4,2,6,KR 7 - CL 111 Sur,4ee21604-e7b1-4545-b9e1-7c64516adaa9
"-74,136481","4,615516",15609,159D08,Plaza de las Américas,4,2,6,AV. 1 de Mayo - KR 69C,807daa2b-cbf4-4760-8dcf-0a31b739eb58
"-74,13619","4,615179",15610,1.59E+10,Plaza de las Américas,4,2,6,AV. 1 de Mayo - KR 69C,8daee918-2081-4b1c-adee-59a8b77f3970
"-74,09325","4,546394",15611,167A13,Br. La Gloria,4,2,6,KR 6 Este - CL 43B Sur,5711fec5-c263-401a-93d6-2f66527bba47
"-74,092971","4,546564",15612,168A13,Br. La Gloria,4,2,6,CL 43B Sur - KR 6 Este,adac84c7-36eb-4aaa-8952-3a9c65bfe8f6
"-74,132237","4,61143",15613,209D08,Santa Rosa del Carvajal,4,2,6,AV. 1 de Mayo - KR 68F,cdf3c8a4-5e07-4cef-af28-d8e19d831b8c
"-74,1317","4,611102",15614,2.09E+10,Santa Rosa del Carvajal,4,2,6,AV. 1 de Mayo - KR 68F,a7205727-539a-4443-a80c-9bf47e6c697d
"-74,09796","4,754354",15615,242A03,C.R. Fontana Grande,4,2,6,KR 111A - CL 151A,ac9ed5dd-0acf-4a60-b4ac-457f7232ad42
"-74,104982","4,544491",15616,547A12,Br. Diana Turbay Arrayanes,4,2,6,CL 48X Sur - KR 1C Este,a6242798-29f1-4281-abca-87720fb00886
"-74,105308","4,544862",15617,548A12,Br. Diana Turbay Arrayanes,4,2,6,CL 48X Sur - KR 1A Este,f20f882f-1459-41d7-8e8a-26f22117593c
"-74,05289","4,746017",15618,259A02,Britalia El Tibon Albacete,4,2,6,CL 163B - KR 50,b09448d2-74b5-46aa-bb4a-3ac7058b6254
"-74,05020948","4,745350608",15619,261A02,Britalia Las Margaritas,4,2,6,CL 163B - KR 48,111aecc9-a631-416b-9ff8-cd1cd40f5576
"-74,049548","4,74847",15620,262A02,Granada Norte,4,2,6,CL 167 - KR 48,cee7c82e-39b9-44c8-936b-9b2385591056
"-74,185242","4,623356",15621,270A08,Br. Danubio Azul I y II Sector,4,2,6,CL 57 Sur - KR 87Bis,1f4daa05-29fe-45c0-b370-142e4f084874
"-74,05406201","4,669301366",15622,282A00,Pq. León de Greiff,4,2,6,AC 85 - KR 13,4d07a4a1-9b3e-49a2-8229-45337426c632
"-74,051235","4,67539",15623,287A00,Chicó Norte,4,2,6,AC 92 - KR 14,5df783e8-4d02-4e41-ae30-0b2371d4f5d9
"-74,053453","4,676542",15624,288A00,CADE Chicó,4,2,6,AC 92 - KR 16,83dd7b76-fc3a-49a8-907e-77407975a1bf
"-74,112762","4,64965",15625,289A06,Ciudad Salitre 3ra Etapa,4,2,6,DG 22A - KR 68B,c2f1e484-cda7-4d5b-9036-112dd183bda0
"-74,05072731","4,790915393",15626,295A02,Canchas La Morena,4,2,6,CL 212 - KR 54,1d51c214-248a-40e7-baec-e795b9ca38dd
"-74,04722318","4,792959393",15627,296A02,Gimnasio La Montaña,4,2,6,KR 54 - CL 215,1515bad3-e7ed-4eee-9bad-19d3c0b26d4d
"-74,04529912","4,792788382",15628,297A02,Colegio San Mateo Apóstol,4,2,6,CL 215 - KR 52,60c21d3d-16c3-41e7-a01c-77a33c755087
"-74,175588","4,587464",15629,305A10,Br. Rincón de Galicia,4,2,6,CL 62I Sur - KR 75BBis,1a732165-29b5-4847-8871-6391440c3485
"-74,09793838","4,68448871",15630,368A05,Boyacá,4,2,6,CL 69A - KR 72,6951c231-e5d7-48b7-8fa6-2e16f3fffd0d
"-74,058108","4,71433",15631,369A02,Br. Prado Veraniego Sur,4,2,6,CL 128B - KR 51,50839ac0-6fb3-47f9-bd7d-988a3119c181
"-74,172009","4,589334",15632,404A10,Urb. Galicia,4,2,6,KR 73J - CL 62D Sur,cace1f6a-d863-4521-8820-ea0b7a940736
"-74,177618","4,587251",15633,405A10,Mirador de la Estancia,4,2,6,CL 62I Sur - KR 75L,80500b2c-0d30-433a-8ef5-c6407b7fecb6
"-74,102684","4,622555",15634,406A07,Br. Gorgonzola,4,2,6,KR 43 - CL 12A,ef5bec12-8ad9-41bd-aab3-deb5f3f33d0d
"-74,09152179","4,755201857",15635,424A03,IED Nicolás Buenaventura,4,2,6,AV. C. de Cali - AC 153,e40db5ee-00a7-46c0-95ef-c57ad7c2c946
"-74,13948637","4,612023593",15636,438A09,Br. Carvajal,4,2,6,KR 69B - CL 37B Sur,2955c8d5-85f0-4fe8-bba9-56b151995c5b
"-74,13747099","4,613121288",15637,440A09,Br. Carvajal,4,2,6,KR 69B - CL 34 Sur,5b5d7a3f-b615-4ace-beb1-17f293c0f12f
"-74,129283","4,717202",15638,448A04,Gran Granada,4,2,6,KR 116B - CL 72F,807cefb0-923b-4e40-9505-88005d56a3e5
"-74,1081586","4,549315369",15639,448A12,Br. Diana Turbay,4,2,6,CL 48R Sur - KR 3D,718e38db-9a7d-4e28-b114-7062c73308b7
"-74,129496","4,71707",15640,449A04,Gran Granada,4,2,6,KR 116B - CL 72F,fad5133e-de96-496c-841d-29ce942a941b
"-74,128291","4,719729",15641,450A04,Gran Granada,4,2,6,KR 116B - CL 74A,b02a18f4-8029-40d9-93c2-1a91bab60e54
"-74,128528","4,719444",15642,451A04,Gran Granada,4,2,6,KR 116B - CL 74A,e1b5b4c3-edac-4d88-8f8c-c8640d4f77c4
"-74,13509993","4,615017295",15643,464A08,Br. Los Fundadores,4,2,6,KR 69C - CL 25 Sur,8b7876e3-8917-49a9-b774-5fddea5e275b
"-74,108458","4,679924",15644,491A05,Br. Villa Luz,4,2,6,KR 77A - CL 63C,451a740d-ae3a-43a4-83b4-3ce7704804ad
"-74,130396","4,72065",15645,492A05,Gran Granada,4,2,6,CL 77 - TV 119A,9ca5b5ee-7861-4fe4-b12d-e04be776be0c
"-74,13002","4,720494",15646,493A05,Gran Granada,4,2,6,CL 77 - TV 119A,db2005ba-31f8-4931-b3de-5e3e846e7385
"-74,107198","4,557941",15647,542A12,Br. Cerros de Oriente,4,2,6,KR 3 - DG 48G Sur,0c363994-351a-4ded-9de4-32a301396110
"-74,107032","4,557762",15648,543A12,Br. Cerros de Oriente,4,2,6,KR 3 - DG 48G Sur,ef1c0ac3-39dd-428c-8e5e-d9efceff5d6c
"-74,08878","4,560427",15649,570A13,Br. Santa Inés Sur II,4,2,6,KR 5 Este - CL 30A Sur,47ffcb8d-2f71-478c-b0e0-bf91f1dfa0f8
"-74,087741","4,56413",15650,571A13,Br. Santa Inés Sur,4,2,6,KR 4 Este - CL 27A Sur,e51b0dfd-4560-4497-bf60-f209e70a3d7a
"-74,091144","4,515708",15651,572A13,CED Provincia de Quebec,4,2,6,KR 14 Este - CL 74C Sur,a7880d53-d165-410a-ab2d-4056b581acbe
"-74,091204","4,515488",15652,573A13,CED Provincia de Quebec,4,2,6,KR 14 Este - CL 74C Sur,86315b9c-468c-4214-afff-db05d093549f
"-74,091025","4,512679",15653,574A13,IED Nueva Esperanza,4,2,6,KR 14 Este - CL 76B Sur,925a328f-ce76-405c-bfe1-4edfbca521aa
"-74,079912","4,591116",15654,575A13,Br. Santa Bárbara,4,2,6,AC 6 - KR 7,deb6f89c-0982-41e2-bbb8-57e35629d86f
"-74,079924","4,590944",15655,576A13,Br. Santa Bárbara,4,2,6,AC 6 - KR 7,528fcbb7-2db8-42f6-8749-f522b11aaf1c
"-74,12849","4,561937",15656,606A11,Br. Tunjuelito,4,2,6,CL 55A Sur - KR 13A,9d148c90-67ad-47e5-9cda-6993911c3dcf
"-74,129895","4,595909",15657,635A09,Br. Muzú,4,2,6,KR 51 - CL 40B Sur,780a8c0a-9fc7-42a8-96ef-5204f81644f3
"-74,130982","4,594542",15658,636A09,Br. Autopista Sur,4,2,6,KR 51 - CL 42 Sur,1bd73794-a6c2-4682-b4de-d9d8d3388236
"-74,132555","4,599492",15659,637A09,Br. Alquería,4,2,6,CL 40 Sur - KR 52,9a3f946d-8d6f-46ed-ab92-4d0a5c54be31
"-74,130469","4,597809",15660,638A09,Br. Muzú,4,2,6,CL 40 Sur - KR 51B Bis,226114a3-5871-4c64-b026-8c4c07bb472c
"-74,163589","4,608745",15661,641A09,Br. Jaqueline,4,2,6,CL 46B Sur - KR 77Q,342dfcdd-31df-4dba-a3c1-c236af278e22
"-74,197635","4,615248",15662,642A09,Br. Islandia,4,2,6,KR 84 - CL 73B Sur,4de5fee6-44f2-469c-bbf3-49f466a7dbd9
"-74,156394","4,597982",15663,643A09,Patio Guadalupe,4,2,6,DG 67C Sur - KR 64B,e1bf7d7c-302b-4c1c-baa8-2bba1827adcb
"-74,137193","4,62848",15664,645A08,Br. Las Américas,4,2,6,CL 5A - KR 71F,154c17fb-09f3-4fab-8306-0ce4c1c993bf
"-74,01777797","4,672474731",15665,647A01,Qda. Sureña,4,2,6,Vía La Calera - KR 6 Este,1849cfe1-e00c-474b-b8eb-e5098edeac57
"-74,038423","4,742093",15666,675A01,Br. Las Orquídeas,4,2,6,KR 16A - CL 163,49710ca6-71a2-4aa9-8abd-63c4cdadb283
"-74,046948","4,74581",15667,676A01,Estación Toberín,4,2,6,Auto Norte - CL 164,a2f2be83-7d88-4dea-bfc9-d1dbd6911cba
"-74,079883","4,620534",15668,867A00,Br. Samper Mendoza,4,2,6,CL 24 - KR 25,09f9c09f-d2d1-4341-9ea3-242f25fecceb
"-74,06058","4,684062",15669,868A00,Teatro La Castellana,4,2,6,CL 95 - KR 47A,eae0ff6f-3449-4c92-b94a-b05b8c1e0e8e
"-74,0554","4,677577",15670,869A00,Br. El Chicó,4,2,6,AC 92 - KR 19,db7b74a7-5170-4f25-b0a2-dd6c7b49e1ea
